date,f10_7,f10_7_adj,ap_index,kp_mean,sunspot_number,source
2014-01-01 00:00:00+00:00,159.6,154.3,11.0,2.333375,124.0,gfz:kp_f107
2014-01-02 00:00:00+00:00,160.5,155.2,18.0,3.24975,133.0,gfz:kp_f107
2014-01-03 00:00:00+00:00,182.3,176.3,9.0,2.1251249999999997,153.0,gfz:kp_f107
2014-01-04 00:00:00+00:00,262.0,253.3,6.0,1.5,136.0,gfz:kp_f107
2014-01-05 00:00:00+00:00,217.5,210.3,3.0,0.666625,134.0,gfz:kp_f107
2014-01-06 00:00:00+00:00,203.9,197.2,3.0,0.70825,167.0,gfz:kp_f107
2014-01-07 00:00:00+00:00,237.1,229.3,7.0,1.458375,140.0,gfz:kp_f107
2014-01-08 00:00:00+00:00,194.6,188.2,7.0,1.5,107.0,gfz:kp_f107
2014-01-09 00:00:00+00:00,184.1,178.1,8.0,1.875125,120.0,gfz:kp_f107
2014-01-10 00:00:00+00:00,175.1,169.4,4.0,1.0835,137.0,gfz:kp_f107
2014-01-11 00:00:00+00:00,166.1,160.7,3.0,0.708375,142.0,gfz:kp_f107
2014-01-12 00:00:00+00:00,155.3,150.2,7.0,1.5,133.0,gfz:kp_f107
2014-01-13 00:00:00+00:00,143.3,138.7,6.0,1.333375,117.0,gfz:kp_f107
2014-01-14 00:00:00+00:00,137.0,132.6,10.0,2.291625,96.0,gfz:kp_f107
2014-01-15 00:00:00+00:00,126.2,122.1,3.0,0.75,93.0,gfz:kp_f107
2014-01-16 00:00:00+00:00,121.0,117.1,2.0,0.33325000000000005,80.0,gfz:kp_f107
2014-01-17 00:00:00+00:00,128.8,124.7,2.0,0.5,74.0,gfz:kp_f107
2014-01-18 00:00:00+00:00,129.6,125.5,1.0,0.25,116.0,gfz:kp_f107
2014-01-19 00:00:00+00:00,127.5,123.4,0.0,0.08325,110.0,gfz:kp_f107
2014-01-20 00:00:00+00:00,137.4,133.0,2.0,0.375,133.0,gfz:kp_f107
2014-01-21 00:00:00+00:00,146.0,141.4,8.0,1.9585,129.0,gfz:kp_f107
2014-01-22 00:00:00+00:00,143.3,138.9,10.0,2.29175,154.0,gfz:kp_f107
2014-01-23 00:00:00+00:00,136.3,132.1,6.0,1.625,146.0,gfz:kp_f107
2014-01-24 00:00:00+00:00,135.5,131.3,4.0,0.791625,116.0,gfz:kp_f107
2014-01-25 00:00:00+00:00,133.2,129.1,6.0,1.583375,100.0,gfz:kp_f107
2014-01-26 00:00:00+00:00,137.9,133.7,6.0,1.54175,97.0,gfz:kp_f107
2014-01-27 00:00:00+00:00,143.9,139.6,3.0,0.750125,76.0,gfz:kp_f107
2014-01-28 00:00:00+00:00,157.2,152.5,4.0,1.000125,77.0,gfz:kp_f107
2014-01-29 00:00:00+00:00,156.4,151.8,6.0,1.666625,94.0,gfz:kp_f107
2014-01-30 00:00:00+00:00,160.5,155.8,3.0,0.70825,99.0,gfz:kp_f107
2014-01-31 00:00:00+00:00,165.7,160.9,1.0,0.16662500000000002,93.0,gfz:kp_f107
2014-02-01 00:00:00+00:00,176.7,171.6,4.0,0.791625,94.0,gfz:kp_f107
2014-02-02 00:00:00+00:00,189.8,184.4,3.0,0.7501249999999999,118.0,gfz:kp_f107
2014-02-03 00:00:00+00:00,188.3,183.0,6.0,1.499875,127.0,gfz:kp_f107
2014-02-04 00:00:00+00:00,188.1,182.9,4.0,0.916875,144.0,gfz:kp_f107
2014-02-05 00:00:00+00:00,193.5,188.1,3.0,0.833375,167.0,gfz:kp_f107
2014-02-06 00:00:00+00:00,191.3,186.1,8.0,1.916625,171.0,gfz:kp_f107
2014-02-07 00:00:00+00:00,178.0,173.2,8.0,1.58325,147.0,gfz:kp_f107
2014-02-08 00:00:00+00:00,171.8,167.2,23.0,3.458375,147.0,gfz:kp_f107
2014-02-09 00:00:00+00:00,169.0,164.6,16.0,2.91675,147.0,gfz:kp_f107
2014-02-10 00:00:00+00:00,161.0,156.8,10.0,2.20825,137.0,gfz:kp_f107
2014-02-11 00:00:00+00:00,172.2,167.8,5.0,1.25,158.0,gfz:kp_f107
2014-02-12 00:00:00+00:00,160.1,156.1,7.0,1.666625,161.0,gfz:kp_f107
2014-02-13 00:00:00+00:00,166.6,162.5,1.0,0.125,147.0,gfz:kp_f107
2014-02-14 00:00:00+00:00,166.6,162.5,2.0,0.583375,130.0,gfz:kp_f107
2014-02-15 00:00:00+00:00,162.1,158.1,9.0,1.625,113.0,gfz:kp_f107
2014-02-16 00:00:00+00:00,153.9,150.2,19.0,3.20825,103.0,gfz:kp_f107
2014-02-17 00:00:00+00:00,152.4,148.9,4.0,1.0,106.0,gfz:kp_f107
2014-02-18 00:00:00+00:00,151.4,147.9,6.0,1.541625,127.0,gfz:kp_f107
2014-02-19 00:00:00+00:00,157.7,154.2,43.0,4.249875,126.0,gfz:kp_f107
2014-02-20 00:00:00+00:00,156.4,153.0,37.0,3.9583749999999998,133.0,gfz:kp_f107
2014-02-21 00:00:00+00:00,156.8,153.4,10.0,2.375,136.0,gfz:kp_f107
2014-02-22 00:00:00+00:00,163.2,159.7,12.0,2.541625,146.0,gfz:kp_f107
2014-02-23 00:00:00+00:00,171.8,168.2,18.0,3.166625,158.0,gfz:kp_f107
2014-02-24 00:00:00+00:00,170.7,167.2,5.0,1.375,153.0,gfz:kp_f107
2014-02-25 00:00:00+00:00,173.9,170.4,3.0,0.66675,171.0,gfz:kp_f107
2014-02-26 00:00:00+00:00,178.2,174.7,2.0,0.45825000000000005,207.0,gfz:kp_f107
2014-02-27 00:00:00+00:00,175.7,172.4,20.0,2.5,220.0,gfz:kp_f107
2014-02-28 00:00:00+00:00,170.6,167.5,11.0,2.25,196.0,gfz:kp_f107
2014-03-01 00:00:00+00:00,164.6,161.6,6.0,1.5418749999999999,155.0,gfz:kp_f107
2014-03-02 00:00:00+00:00,161.3,158.5,4.0,0.7913750000000002,158.0,gfz:kp_f107
2014-03-03 00:00:00+00:00,161.0,158.3,5.0,1.416625,161.0,gfz:kp_f107
2014-03-04 00:00:00+00:00,158.0,155.4,6.0,1.624875,141.0,gfz:kp_f107
2014-03-05 00:00:00+00:00,149.1,146.7,6.0,1.625,154.0,gfz:kp_f107
2014-03-06 00:00:00+00:00,148.8,146.5,5.0,1.250125,127.0,gfz:kp_f107
2014-03-07 00:00:00+00:00,148.2,146.0,2.0,0.45837500000000003,134.0,gfz:kp_f107
2014-03-08 00:00:00+00:00,141.6,139.5,2.0,0.5418750000000001,116.0,gfz:kp_f107
2014-03-09 00:00:00+00:00,145.9,143.8,2.0,0.375,111.0,gfz:kp_f107
2014-03-10 00:00:00+00:00,151.5,149.5,4.0,0.833375,113.0,gfz:kp_f107
2014-03-11 00:00:00+00:00,164.6,162.5,3.0,0.5835,111.0,gfz:kp_f107
2014-03-12 00:00:00+00:00,147.6,145.8,5.0,1.16675,132.0,gfz:kp_f107
2014-03-13 00:00:00+00:00,147.7,145.9,11.0,2.16675,112.0,gfz:kp_f107
2014-03-14 00:00:00+00:00,143.8,142.1,5.0,1.3335,109.0,gfz:kp_f107
2014-03-15 00:00:00+00:00,139.0,137.5,3.0,0.791625,111.0,gfz:kp_f107
2014-03-16 00:00:00+00:00,135.6,134.2,1.0,0.20825,122.0,gfz:kp_f107
2014-03-17 00:00:00+00:00,136.4,135.1,2.0,0.37474999999999997,126.0,gfz:kp_f107
2014-03-18 00:00:00+00:00,138.3,137.0,5.0,1.333625,136.0,gfz:kp_f107
2014-03-19 00:00:00+00:00,149.2,147.9,4.0,0.8752500000000001,141.0,gfz:kp_f107
2014-03-20 00:00:00+00:00,151.3,150.1,5.0,1.250125,139.0,gfz:kp_f107
2014-03-21 00:00:00+00:00,152.6,151.4,9.0,2.1663750000000004,126.0,gfz:kp_f107
2014-03-22 00:00:00+00:00,154.9,153.8,4.0,1.083375,146.0,gfz:kp_f107
2014-03-23 00:00:00+00:00,157.0,156.0,6.0,1.500125,151.0,gfz:kp_f107
2014-03-24 00:00:00+00:00,158.6,157.7,3.0,0.79175,137.0,gfz:kp_f107
2014-03-25 00:00:00+00:00,152.8,152.0,7.0,1.499875,136.0,gfz:kp_f107
2014-03-26 00:00:00+00:00,153.2,152.5,9.0,1.750125,112.0,gfz:kp_f107
2014-03-27 00:00:00+00:00,144.8,144.2,5.0,1.333375,115.0,gfz:kp_f107
2014-03-28 00:00:00+00:00,146.4,145.9,6.0,1.58325,122.0,gfz:kp_f107
2014-03-29 00:00:00+00:00,142.7,142.3,7.0,1.583375,118.0,gfz:kp_f107
2014-03-30 00:00:00+00:00,148.4,148.1,4.0,1.000125,101.0,gfz:kp_f107
2014-03-31 00:00:00+00:00,152.4,152.1,6.0,1.33325,118.0,gfz:kp_f107
2014-04-01 00:00:00+00:00,153.3,153.1,5.0,1.1665,96.0,gfz:kp_f107
2014-04-02 00:00:00+00:00,154.7,154.6,3.0,0.7915,114.0,gfz:kp_f107
2014-04-03 00:00:00+00:00,153.0,153.0,5.0,1.375,133.0,gfz:kp_f107
2014-04-04 00:00:00+00:00,156.9,157.0,5.0,1.208125,158.0,gfz:kp_f107
2014-04-05 00:00:00+00:00,142.1,142.3,12.0,2.333375,135.0,gfz:kp_f107
2014-04-06 00:00:00+00:00,140.9,141.2,2.0,0.541625,121.0,gfz:kp_f107
2014-04-07 00:00:00+00:00,139.9,140.2,10.0,2.166875,114.0,gfz:kp_f107
2014-04-08 00:00:00+00:00,132.0,132.4,4.0,0.91675,117.0,gfz:kp_f107
2014-04-09 00:00:00+00:00,130.6,131.0,4.0,0.9998750000000001,94.0,gfz:kp_f107
2014-04-10 00:00:00+00:00,136.7,137.3,2.0,0.33325,65.0,gfz:kp_f107
2014-04-11 00:00:00+00:00,137.6,138.2,7.0,1.54175,61.0,gfz:kp_f107
2014-04-12 00:00:00+00:00,135.9,136.5,20.0,3.208375,73.0,gfz:kp_f107
2014-04-13 00:00:00+00:00,137.1,137.9,15.0,2.875,80.0,gfz:kp_f107
2014-04-14 00:00:00+00:00,150.3,151.2,6.0,1.54175,105.0,gfz:kp_f107
2014-04-15 00:00:00+00:00,161.9,163.0,5.0,1.166625,145.0,gfz:kp_f107
2014-04-16 00:00:00+00:00,183.9,185.2,3.0,0.75,187.0,gfz:kp_f107
2014-04-17 00:00:00+00:00,178.9,180.3,11.0,2.29175,199.0,gfz:kp_f107
2014-04-18 00:00:00+00:00,172.3,173.7,6.0,1.625125,178.0,gfz:kp_f107
2014-04-19 00:00:00+00:00,169.3,170.8,14.0,2.75,178.0,gfz:kp_f107
2014-04-20 00:00:00+00:00,162.5,164.1,22.0,3.333375,173.0,gfz:kp_f107
2014-04-21 00:00:00+00:00,158.8,160.4,18.0,3.04175,150.0,gfz:kp_f107
2014-04-22 00:00:00+00:00,144.8,146.3,4.0,0.833375,123.0,gfz:kp_f107
2014-04-23 00:00:00+00:00,136.1,137.6,5.0,1.41675,85.0,gfz:kp_f107
2014-04-24 00:00:00+00:00,130.1,131.6,11.0,2.5001249999999997,72.0,gfz:kp_f107
2014-04-25 00:00:00+00:00,124.7,126.2,8.0,1.916625,57.0,gfz:kp_f107
2014-04-26 00:00:00+00:00,120.7,122.3,5.0,1.208375,45.0,gfz:kp_f107
2014-04-27 00:00:00+00:00,118.1,119.6,3.0,0.6667500000000001,77.0,gfz:kp_f107
2014-04-28 00:00:00+00:00,120.8,122.5,5.0,1.1665,80.0,gfz:kp_f107
2014-04-29 00:00:00+00:00,120.1,121.8,4.0,0.791625,77.0,gfz:kp_f107
2014-04-30 00:00:00+00:00,123.6,125.5,16.0,2.916625,82.0,gfz:kp_f107
2014-05-01 00:00:00+00:00,125.7,127.7,4.0,1.125,88.0,gfz:kp_f107
2014-05-02 00:00:00+00:00,135.4,137.6,2.0,0.416625,115.0,gfz:kp_f107
2014-05-03 00:00:00+00:00,132.6,134.8,5.0,1.041625,123.0,gfz:kp_f107
2014-05-04 00:00:00+00:00,131.5,133.7,13.0,2.58325,127.0,gfz:kp_f107
2014-05-05 00:00:00+00:00,139.0,141.5,8.0,2.1248750000000003,142.0,gfz:kp_f107
2014-05-06 00:00:00+00:00,138.9,141.3,2.0,0.375,148.0,gfz:kp_f107
2014-05-07 00:00:00+00:00,145.9,148.6,2.0,0.583375,120.0,gfz:kp_f107
2014-05-08 00:00:00+00:00,148.1,150.8,20.0,3.375,132.0,gfz:kp_f107
2014-05-09 00:00:00+00:00,152.3,155.2,6.0,1.416625,139.0,gfz:kp_f107
2014-05-10 00:00:00+00:00,152.1,155.1,8.0,1.7085,123.0,gfz:kp_f107
2014-05-11 00:00:00+00:00,164.4,167.7,10.0,2.29175,150.0,gfz:kp_f107
2014-05-12 00:00:00+00:00,162.9,166.3,6.0,1.791625,154.0,gfz:kp_f107
2014-05-13 00:00:00+00:00,159.4,162.7,3.0,0.66675,133.0,gfz:kp_f107
2014-05-14 00:00:00+00:00,163.2,166.7,4.0,1.08325,166.0,gfz:kp_f107
2014-05-15 00:00:00+00:00,152.1,155.5,4.0,1.000125,156.0,gfz:kp_f107
2014-05-16 00:00:00+00:00,138.7,141.8,4.0,1.08325,133.0,gfz:kp_f107
2014-05-17 00:00:00+00:00,133.5,136.6,3.0,0.5415,151.0,gfz:kp_f107
2014-05-18 00:00:00+00:00,127.5,130.4,4.0,1.04175,138.0,gfz:kp_f107
2014-05-19 00:00:00+00:00,116.9,119.7,4.0,0.875,102.0,gfz:kp_f107
2014-05-20 00:00:00+00:00,117.2,120.1,3.0,0.7915000000000001,87.0,gfz:kp_f107
2014-05-21 00:00:00+00:00,113.9,116.7,2.0,0.24975000000000003,85.0,gfz:kp_f107
2014-05-22 00:00:00+00:00,111.3,114.1,8.0,1.791625,66.0,gfz:kp_f107
2014-05-23 00:00:00+00:00,116.3,119.2,17.0,2.541625,91.0,gfz:kp_f107
2014-05-24 00:00:00+00:00,124.5,127.7,4.0,1.125,109.0,gfz:kp_f107
2014-05-25 00:00:00+00:00,113.0,116.0,3.0,0.708125,109.0,gfz:kp_f107
2014-05-26 00:00:00+00:00,108.2,111.1,3.0,0.58325,91.0,gfz:kp_f107
2014-05-27 00:00:00+00:00,105.9,108.7,3.0,0.708375,78.0,gfz:kp_f107
2014-05-28 00:00:00+00:00,99.4,102.1,4.0,0.875,70.0,gfz:kp_f107
2014-05-29 00:00:00+00:00,102.7,105.5,6.0,1.41675,48.0,gfz:kp_f107
2014-05-30 00:00:00+00:00,101.6,104.4,10.0,1.9581250000000001,55.0,gfz:kp_f107
2014-05-31 00:00:00+00:00,103.7,106.6,2.0,0.499875,57.0,gfz:kp_f107
2014-06-01 00:00:00+00:00,103.3,106.2,2.0,0.54175,64.0,gfz:kp_f107
2014-06-02 00:00:00+00:00,105.3,108.3,4.0,0.7915000000000001,62.0,gfz:kp_f107
2014-06-03 00:00:00+00:00,107.0,110.1,6.0,1.375,74.0,gfz:kp_f107
2014-06-04 00:00:00+00:00,105.4,108.5,5.0,1.2915,64.0,gfz:kp_f107
2014-06-05 00:00:00+00:00,110.5,113.8,7.0,1.70825,87.0,gfz:kp_f107
2014-06-06 00:00:00+00:00,133.0,136.9,4.0,1.125,119.0,gfz:kp_f107
2014-06-07 00:00:00+00:00,136.7,140.8,13.0,2.416625,133.0,gfz:kp_f107
2014-06-08 00:00:00+00:00,148.6,153.1,38.0,4.125125,142.0,gfz:kp_f107
2014-06-09 00:00:00+00:00,161.2,166.1,4.0,1.125125,156.0,gfz:kp_f107
2014-06-10 00:00:00+00:00,166.2,171.3,6.0,1.666625,162.0,gfz:kp_f107
2014-06-11 00:00:00+00:00,168.4,173.6,6.0,1.625,174.0,gfz:kp_f107
2014-06-12 00:00:00+00:00,174.5,179.9,3.0,0.625,197.0,gfz:kp_f107
2014-06-13 00:00:00+00:00,152.7,157.5,4.0,1.041625,182.0,gfz:kp_f107
2014-06-14 00:00:00+00:00,143.5,148.0,6.0,1.666625,137.0,gfz:kp_f107
2014-06-15 00:00:00+00:00,130.2,134.3,3.0,0.75,74.0,gfz:kp_f107
2014-06-16 00:00:00+00:00,116.8,120.5,4.0,1.16675,84.0,gfz:kp_f107
2014-06-17 00:00:00+00:00,114.3,118.0,8.0,1.8331250000000001,95.0,gfz:kp_f107
2014-06-18 00:00:00+00:00,110.8,114.4,16.0,2.875,120.0,gfz:kp_f107
2014-06-19 00:00:00+00:00,111.1,114.7,9.0,2.083375,95.0,gfz:kp_f107
2014-06-20 00:00:00+00:00,102.2,105.5,8.0,1.95825,80.0,gfz:kp_f107
2014-06-21 00:00:00+00:00,101.2,104.5,4.0,1.166875,93.0,gfz:kp_f107
2014-06-22 00:00:00+00:00,94.2,97.3,3.0,0.75,90.0,gfz:kp_f107
2014-06-23 00:00:00+00:00,92.6,95.6,4.0,0.666375,77.0,gfz:kp_f107
2014-06-24 00:00:00+00:00,93.5,96.6,6.0,1.3335,40.0,gfz:kp_f107
2014-06-25 00:00:00+00:00,97.0,100.2,4.0,1.16675,55.0,gfz:kp_f107
2014-06-26 00:00:00+00:00,100.0,103.3,4.0,0.83325,67.0,gfz:kp_f107
2014-06-27 00:00:00+00:00,104.2,107.6,3.0,0.625,67.0,gfz:kp_f107
2014-06-28 00:00:00+00:00,114.6,118.4,6.0,1.333375,71.0,gfz:kp_f107
2014-06-29 00:00:00+00:00,125.7,129.9,6.0,1.41675,93.0,gfz:kp_f107
2014-06-30 00:00:00+00:00,140.5,145.2,5.0,1.083375,132.0,gfz:kp_f107
2014-07-01 00:00:00+00:00,151.8,156.9,3.0,0.58325,134.0,gfz:kp_f107
2014-07-02 00:00:00+00:00,169.4,175.1,4.0,0.91675,145.0,gfz:kp_f107
2014-07-03 00:00:00+00:00,178.1,184.1,5.0,1.375,167.0,gfz:kp_f107
2014-07-04 00:00:00+00:00,187.6,193.9,4.0,0.9998750000000001,172.0,gfz:kp_f107
2014-07-05 00:00:00+00:00,193.0,199.4,3.0,0.6248750000000001,194.0,gfz:kp_f107
2014-07-06 00:00:00+00:00,201.0,207.7,3.0,0.75,185.0,gfz:kp_f107
2014-07-07 00:00:00+00:00,197.9,204.5,5.0,1.375125,197.0,gfz:kp_f107
2014-07-08 00:00:00+00:00,201.4,208.1,6.0,1.458375,183.0,gfz:kp_f107
2014-07-09 00:00:00+00:00,198.4,205.0,7.0,1.7085,162.0,gfz:kp_f107
2014-07-10 00:00:00+00:00,177.4,183.3,7.0,1.70825,161.0,gfz:kp_f107
2014-07-11 00:00:00+00:00,166.3,171.8,5.0,1.33325,144.0,gfz:kp_f107
2014-07-12 00:00:00+00:00,145.0,149.9,5.0,1.33325,119.0,gfz:kp_f107
2014-07-13 00:00:00+00:00,126.8,131.0,4.0,1.125125,86.0,gfz:kp_f107
2014-07-14 00:00:00+00:00,109.4,113.0,8.0,1.83325,62.0,gfz:kp_f107
2014-07-15 00:00:00+00:00,100.6,103.9,6.0,1.70825,18.0,gfz:kp_f107
2014-07-16 00:00:00+00:00,92.1,95.1,4.0,0.95825,10.0,gfz:kp_f107
2014-07-17 00:00:00+00:00,88.6,91.5,4.0,0.833375,0.0,gfz:kp_f107
2014-07-18 00:00:00+00:00,88.5,91.4,2.0,0.41675,15.0,gfz:kp_f107
2014-07-19 00:00:00+00:00,86.1,88.9,1.0,0.24987499999999999,35.0,gfz:kp_f107
2014-07-20 00:00:00+00:00,87.1,89.9,2.0,0.5,35.0,gfz:kp_f107
2014-07-21 00:00:00+00:00,90.1,93.0,3.0,0.83325,17.0,gfz:kp_f107
2014-07-22 00:00:00+00:00,92.6,95.5,4.0,1.083375,39.0,gfz:kp_f107
2014-07-23 00:00:00+00:00,99.1,102.2,4.0,0.958125,65.0,gfz:kp_f107
2014-07-24 00:00:00+00:00,104.1,107.4,5.0,1.208375,62.0,gfz:kp_f107
2014-07-25 00:00:00+00:00,106.5,109.9,5.0,1.25,64.0,gfz:kp_f107
2014-07-26 00:00:00+00:00,116.5,120.1,6.0,1.5835,58.0,gfz:kp_f107
2014-07-27 00:00:00+00:00,121.4,125.2,4.0,1.083375,78.0,gfz:kp_f107
2014-07-28 00:00:00+00:00,132.2,136.3,9.0,2.125,109.0,gfz:kp_f107
2014-07-29 00:00:00+00:00,141.6,146.0,3.0,0.70825,137.0,gfz:kp_f107
2014-07-30 00:00:00+00:00,151.9,156.6,3.0,0.7498750000000001,122.0,gfz:kp_f107
2014-07-31 00:00:00+00:00,156.4,161.1,5.0,1.25,131.0,gfz:kp_f107
2014-08-01 00:00:00+00:00,168.4,173.5,8.0,1.958375,165.0,gfz:kp_f107
2014-08-02 00:00:00+00:00,155.6,160.2,9.0,2.1248750000000003,165.0,gfz:kp_f107
2014-08-03 00:00:00+00:00,151.7,156.2,6.0,1.375,153.0,gfz:kp_f107
2014-08-04 00:00:00+00:00,139.3,143.3,11.0,2.458375,146.0,gfz:kp_f107
2014-08-05 00:00:00+00:00,139.3,143.3,9.0,2.2085,128.0,gfz:kp_f107
2014-08-06 00:00:00+00:00,136.6,140.5,6.0,1.54175,113.0,gfz:kp_f107
2014-08-07 00:00:00+00:00,136.2,140.0,5.0,1.20825,123.0,gfz:kp_f107
2014-08-08 00:00:00+00:00,123.0,126.4,8.0,1.66675,89.0,gfz:kp_f107
2014-08-09 00:00:00+00:00,113.1,116.3,3.0,0.625,83.0,gfz:kp_f107
2014-08-10 00:00:00+00:00,108.4,111.3,7.0,1.625,62.0,gfz:kp_f107
2014-08-11 00:00:00+00:00,104.5,107.3,6.0,1.45825,69.0,gfz:kp_f107
2014-08-12 00:00:00+00:00,104.0,106.8,12.0,2.25,75.0,gfz:kp_f107
2014-08-13 00:00:00+00:00,102.9,105.6,5.0,1.416625,79.0,gfz:kp_f107
2014-08-14 00:00:00+00:00,102.7,105.4,4.0,0.8334999999999999,86.0,gfz:kp_f107
2014-08-15 00:00:00+00:00,113.1,116.0,4.0,0.916625,107.0,gfz:kp_f107
2014-08-16 00:00:00+00:00,112.0,114.8,1.0,0.249875,109.0,gfz:kp_f107
2014-08-17 00:00:00+00:00,115.1,117.9,5.0,1.333375,116.0,gfz:kp_f107
2014-08-18 00:00:00+00:00,110.6,113.3,4.0,1.041625,105.0,gfz:kp_f107
2014-08-19 00:00:00+00:00,110.7,113.3,15.0,2.416875,93.0,gfz:kp_f107
2014-08-20 00:00:00+00:00,118.3,121.1,5.0,1.416625,102.0,gfz:kp_f107
2014-08-21 00:00:00+00:00,128.3,131.3,9.0,2.16675,120.0,gfz:kp_f107
2014-08-22 00:00:00+00:00,126.4,129.3,3.0,0.625,125.0,gfz:kp_f107
2014-08-23 00:00:00+00:00,132.0,134.9,4.0,0.958375,150.0,gfz:kp_f107
2014-08-24 00:00:00+00:00,140.9,144.0,2.0,0.458375,149.0,gfz:kp_f107
2014-08-25 00:00:00+00:00,151.5,154.8,2.0,0.4585,116.0,gfz:kp_f107
2014-08-26 00:00:00+00:00,128.1,130.8,3.0,0.70825,86.0,gfz:kp_f107
2014-08-27 00:00:00+00:00,122.8,125.3,19.0,3.166625,95.0,gfz:kp_f107
2014-08-28 00:00:00+00:00,118.6,121.0,19.0,3.25,82.0,gfz:kp_f107
2014-08-29 00:00:00+00:00,120.1,122.5,18.0,3.208375,66.0,gfz:kp_f107
2014-08-30 00:00:00+00:00,123.1,125.5,14.0,2.7085,76.0,gfz:kp_f107
2014-08-31 00:00:00+00:00,124.8,127.1,14.0,2.7085,82.0,gfz:kp_f107
2014-09-01 00:00:00+00:00,126.6,128.9,10.0,2.416625,96.0,gfz:kp_f107
2014-09-02 00:00:00+00:00,136.3,138.7,9.0,2.208375,110.0,gfz:kp_f107
2014-09-03 00:00:00+00:00,137.7,140.1,9.0,2.041625,102.0,gfz:kp_f107
2014-09-04 00:00:00+00:00,146.0,148.4,6.0,1.54175,120.0,gfz:kp_f107
2014-09-05 00:00:00+00:00,143.9,146.3,7.0,1.750125,116.0,gfz:kp_f107
2014-09-06 00:00:00+00:00,157.3,159.8,9.0,2.166625,142.0,gfz:kp_f107
2014-09-07 00:00:00+00:00,160.2,162.6,7.0,1.41675,165.0,gfz:kp_f107
2014-09-08 00:00:00+00:00,163.9,166.3,4.0,1.208375,154.0,gfz:kp_f107
2014-09-09 00:00:00+00:00,159.3,161.6,7.0,1.833375,175.0,gfz:kp_f107
2014-09-10 00:00:00+00:00,174.6,177.0,6.0,1.5,169.0,gfz:kp_f107
2014-09-11 00:00:00+00:00,151.4,153.4,11.0,2.291625,160.0,gfz:kp_f107
2014-09-12 00:00:00+00:00,152.0,154.0,37.0,4.041625,126.0,gfz:kp_f107
2014-09-13 00:00:00+00:00,145.1,146.9,12.0,2.416625,125.0,gfz:kp_f107
2014-09-14 00:00:00+00:00,139.3,141.0,2.0,0.375,104.0,gfz:kp_f107
2014-09-15 00:00:00+00:00,132.9,134.4,2.0,0.45825,94.0,gfz:kp_f107
2014-09-16 00:00:00+00:00,132.7,134.1,7.0,1.791625,114.0,gfz:kp_f107
2014-09-17 00:00:00+00:00,132.8,134.2,4.0,1.16675,123.0,gfz:kp_f107
2014-09-18 00:00:00+00:00,120.2,121.3,6.0,1.500125,82.0,gfz:kp_f107
2014-09-19 00:00:00+00:00,121.8,122.8,20.0,3.416625,79.0,gfz:kp_f107
2014-09-20 00:00:00+00:00,119.1,120.1,5.0,1.374875,80.0,gfz:kp_f107
2014-09-21 00:00:00+00:00,123.9,124.9,6.0,1.416625,95.0,gfz:kp_f107
2014-09-22 00:00:00+00:00,135.8,136.8,7.0,1.91675,101.0,gfz:kp_f107
2014-09-23 00:00:00+00:00,138.2,139.1,10.0,2.41675,119.0,gfz:kp_f107
2014-09-24 00:00:00+00:00,144.7,145.6,21.0,3.5001249999999997,108.0,gfz:kp_f107
2014-09-25 00:00:00+00:00,166.9,167.8,11.0,2.5,144.0,gfz:kp_f107
2014-09-26 00:00:00+00:00,170.2,171.0,16.0,3.0,165.0,gfz:kp_f107
2014-09-27 00:00:00+00:00,181.4,182.2,14.0,2.708125,181.0,gfz:kp_f107
2014-09-28 00:00:00+00:00,181.1,181.8,7.0,1.7915,193.0,gfz:kp_f107
2014-09-29 00:00:00+00:00,175.0,175.6,9.0,2.125,180.0,gfz:kp_f107
2014-09-30 00:00:00+00:00,162.1,162.6,12.0,2.6665,178.0,gfz:kp_f107
2014-10-01 00:00:00+00:00,155.1,155.4,11.0,2.375,135.0,gfz:kp_f107
2014-10-02 00:00:00+00:00,149.0,149.3,7.0,1.83325,126.0,gfz:kp_f107
2014-10-03 00:00:00+00:00,136.7,136.9,4.0,0.7915000000000001,117.0,gfz:kp_f107
2014-10-04 00:00:00+00:00,127.5,127.6,5.0,1.208375,105.0,gfz:kp_f107
2014-10-05 00:00:00+00:00,128.4,128.4,5.0,1.375125,89.0,gfz:kp_f107
2014-10-06 00:00:00+00:00,130.0,129.9,6.0,1.29175,68.0,gfz:kp_f107
2014-10-07 00:00:00+00:00,125.4,125.2,5.0,1.041625,68.0,gfz:kp_f107
2014-10-08 00:00:00+00:00,126.4,126.2,8.0,1.875,74.0,gfz:kp_f107
2014-10-09 00:00:00+00:00,118.9,118.6,13.0,2.625,59.0,gfz:kp_f107
2014-10-10 00:00:00+00:00,120.8,120.4,7.0,1.541625,36.0,gfz:kp_f107
2014-10-11 00:00:00+00:00,112.0,111.6,8.0,1.833375,30.0,gfz:kp_f107
2014-10-12 00:00:00+00:00,110.5,110.0,3.0,0.666625,30.0,gfz:kp_f107
2014-10-13 00:00:00+00:00,113.1,112.6,6.0,1.375,42.0,gfz:kp_f107
2014-10-14 00:00:00+00:00,132.6,131.9,18.0,2.6250000000000004,74.0,gfz:kp_f107
2014-10-15 00:00:00+00:00,125.8,125.0,9.0,1.75,89.0,gfz:kp_f107
2014-10-16 00:00:00+00:00,138.9,138.0,6.0,1.6252499999999999,70.0,gfz:kp_f107
2014-10-17 00:00:00+00:00,145.8,144.8,7.0,1.625,64.0,gfz:kp_f107
2014-10-18 00:00:00+00:00,172.4,171.1,15.0,2.9165,61.0,gfz:kp_f107
2014-10-19 00:00:00+00:00,173.1,171.7,9.0,2.08325,92.0,gfz:kp_f107
2014-10-20 00:00:00+00:00,204.0,202.2,24.0,3.708375,110.0,gfz:kp_f107
2014-10-21 00:00:00+00:00,199.0,197.1,15.0,2.95825,107.0,gfz:kp_f107
2014-10-22 00:00:00+00:00,216.3,214.2,13.0,2.7501249999999997,123.0,gfz:kp_f107
2014-10-23 00:00:00+00:00,227.1,224.8,8.0,2.08325,132.0,gfz:kp_f107
2014-10-24 00:00:00+00:00,217.8,215.4,9.0,2.0835,138.0,gfz:kp_f107
2014-10-25 00:00:00+00:00,219.3,216.8,9.0,2.083375,136.0,gfz:kp_f107
2014-10-26 00:00:00+00:00,216.6,214.0,10.0,2.375,132.0,gfz:kp_f107
2014-10-27 00:00:00+00:00,187.8,185.4,12.0,2.54175,107.0,gfz:kp_f107
2014-10-28 00:00:00+00:00,167.2,165.1,12.0,2.54175,101.0,gfz:kp_f107
2014-10-29 00:00:00+00:00,150.4,148.4,7.0,1.75,92.0,gfz:kp_f107
2014-10-30 00:00:00+00:00,140.4,138.4,4.0,1.0,102.0,gfz:kp_f107
2014-10-31 00:00:00+00:00,121.2,119.5,6.0,1.45825,80.0,gfz:kp_f107
2014-11-01 00:00:00+00:00,119.9,118.1,7.0,1.583375,90.0,gfz:kp_f107
2014-11-02 00:00:00+00:00,124.4,122.4,8.0,1.70825,98.0,gfz:kp_f107
2014-11-03 00:00:00+00:00,125.2,123.2,4.0,1.08325,112.0,gfz:kp_f107
2014-11-04 00:00:00+00:00,129.4,127.3,20.0,3.125,109.0,gfz:kp_f107
2014-11-05 00:00:00+00:00,145.2,142.7,13.0,2.75,137.0,gfz:kp_f107
2014-11-06 00:00:00+00:00,135.5,133.1,7.0,1.791625,101.0,gfz:kp_f107
2014-11-07 00:00:00+00:00,145.5,142.9,11.0,2.541625,106.0,gfz:kp_f107
2014-11-08 00:00:00+00:00,132.0,129.6,7.0,1.875,86.0,gfz:kp_f107
2014-11-09 00:00:00+00:00,131.7,129.2,9.0,2.1251249999999997,75.0,gfz:kp_f107
2014-11-10 00:00:00+00:00,136.1,133.4,20.0,3.416625,69.0,gfz:kp_f107
2014-11-11 00:00:00+00:00,142.3,139.5,11.0,2.291625,89.0,gfz:kp_f107
2014-11-12 00:00:00+00:00,152.9,149.8,8.0,1.708375,92.0,gfz:kp_f107
2014-11-13 00:00:00+00:00,153.5,150.3,4.0,1.041875,112.0,gfz:kp_f107
2014-11-14 00:00:00+00:00,161.0,157.6,12.0,2.541625,102.0,gfz:kp_f107
2014-11-15 00:00:00+00:00,160.6,157.1,16.0,2.916625,111.0,gfz:kp_f107
2014-11-16 00:00:00+00:00,171.5,167.7,20.0,3.41675,103.0,gfz:kp_f107
2014-11-17 00:00:00+00:00,167.5,163.8,10.0,2.20825,99.0,gfz:kp_f107
2014-11-18 00:00:00+00:00,167.4,163.6,10.0,2.208375,77.0,gfz:kp_f107
2014-11-19 00:00:00+00:00,169.6,165.7,8.0,1.749875,65.0,gfz:kp_f107
2014-11-20 00:00:00+00:00,168.1,164.1,10.0,2.291625,74.0,gfz:kp_f107
2014-11-21 00:00:00+00:00,162.5,158.6,12.0,2.666625,75.0,gfz:kp_f107
2014-11-22 00:00:00+00:00,166.6,162.6,9.0,2.041625,84.0,gfz:kp_f107
2014-11-23 00:00:00+00:00,173.1,168.8,8.0,2.083375,78.0,gfz:kp_f107
2014-11-24 00:00:00+00:00,144.4,140.7,6.0,1.624875,103.0,gfz:kp_f107
2014-11-25 00:00:00+00:00,169.4,165.0,5.0,1.20825,117.0,gfz:kp_f107
2014-11-26 00:00:00+00:00,170.9,166.5,3.0,0.875,139.0,gfz:kp_f107
2014-11-27 00:00:00+00:00,178.8,174.1,7.0,1.833375,152.0,gfz:kp_f107
2014-11-28 00:00:00+00:00,181.4,176.6,3.0,0.83325,143.0,gfz:kp_f107
2014-11-29 00:00:00+00:00,177.3,172.5,4.0,1.0,157.0,gfz:kp_f107
2014-11-30 00:00:00+00:00,177.3,172.4,8.0,1.91675,154.0,gfz:kp_f107
2014-12-01 00:00:00+00:00,168.1,163.4,9.0,2.1248750000000003,141.0,gfz:kp_f107
2014-12-02 00:00:00+00:00,167.7,163.0,11.0,2.416625,125.0,gfz:kp_f107
2014-12-03 00:00:00+00:00,154.2,149.8,7.0,1.750125,115.0,gfz:kp_f107
2014-12-04 00:00:00+00:00,157.6,153.0,9.0,1.9585,93.0,gfz:kp_f107
2014-12-05 00:00:00+00:00,136.8,132.8,10.0,2.33325,65.0,gfz:kp_f107
2014-12-06 00:00:00+00:00,128.7,125.0,11.0,2.458375,57.0,gfz:kp_f107
2014-12-07 00:00:00+00:00,131.8,127.9,25.0,3.75,57.0,gfz:kp_f107
2014-12-08 00:00:00+00:00,132.6,128.7,14.0,2.875,71.0,gfz:kp_f107
2014-12-09 00:00:00+00:00,139.7,135.5,14.0,2.8748750000000003,69.0,gfz:kp_f107
2014-12-10 00:00:00+00:00,149.8,145.3,8.0,1.8331250000000001,90.0,gfz:kp_f107
2014-12-11 00:00:00+00:00,147.5,143.0,4.0,1.0,104.0,gfz:kp_f107
2014-12-12 00:00:00+00:00,154.2,149.4,18.0,3.291625,115.0,gfz:kp_f107
2014-12-13 00:00:00+00:00,159.8,154.9,8.0,2.0,140.0,gfz:kp_f107
2014-12-14 00:00:00+00:00,166.4,161.2,10.0,2.333375,162.0,gfz:kp_f107
2014-12-15 00:00:00+00:00,169.3,164.0,14.0,2.833375,166.0,gfz:kp_f107
2014-12-16 00:00:00+00:00,184.6,178.8,6.0,1.666625,175.0,gfz:kp_f107
2014-12-17 00:00:00+00:00,198.5,192.3,6.0,1.416625,178.0,gfz:kp_f107
2014-12-18 00:00:00+00:00,213.2,206.4,5.0,1.33325,154.0,gfz:kp_f107
2014-12-19 00:00:00+00:00,215.7,208.9,7.0,1.916625,175.0,gfz:kp_f107
2014-12-20 00:00:00+00:00,203.2,196.7,7.0,1.79175,138.0,gfz:kp_f107
2014-12-21 00:00:00+00:00,205.8,199.2,12.0,2.66675,137.0,gfz:kp_f107
2014-12-22 00:00:00+00:00,179.2,173.4,19.0,2.70825,118.0,gfz:kp_f107
2014-12-23 00:00:00+00:00,165.9,160.5,11.0,2.04175,115.0,gfz:kp_f107
2014-12-24 00:00:00+00:00,151.4,146.5,15.0,2.95825,93.0,gfz:kp_f107
2014-12-25 00:00:00+00:00,145.3,140.6,11.0,2.2501249999999997,97.0,gfz:kp_f107
2014-12-26 00:00:00+00:00,137.0,132.5,17.0,2.91675,88.0,gfz:kp_f107
2014-12-27 00:00:00+00:00,134.1,129.7,6.0,1.45825,91.0,gfz:kp_f107
2014-12-28 00:00:00+00:00,132.6,128.2,8.0,1.999875,100.0,gfz:kp_f107
2014-12-29 00:00:00+00:00,131.5,127.1,21.0,3.375,94.0,gfz:kp_f107
2014-12-30 00:00:00+00:00,130.4,126.0,15.0,2.91675,88.0,gfz:kp_f107
2014-12-31 00:00:00+00:00,133.6,129.2,8.0,1.874875,88.0,gfz:kp_f107
2015-01-01 00:00:00+00:00,137.5,132.9,6.0,1.499875,104.0,gfz:kp_f107
2015-01-02 00:00:00+00:00,145.8,141.0,11.0,2.33325,122.0,gfz:kp_f107
2015-01-03 00:00:00+00:00,148.7,143.8,12.0,2.25,102.0,gfz:kp_f107
2015-01-04 00:00:00+00:00,149.7,144.8,18.0,2.875,105.0,gfz:kp_f107
2015-01-05 00:00:00+00:00,141.9,137.2,15.0,2.666625,88.0,gfz:kp_f107
2015-01-06 00:00:00+00:00,141.9,137.2,12.0,2.583375,89.0,gfz:kp_f107
2015-01-07 00:00:00+00:00,147.2,142.4,31.0,3.499875,103.0,gfz:kp_f107
2015-01-08 00:00:00+00:00,157.2,152.0,13.0,2.5835,99.0,gfz:kp_f107
2015-01-09 00:00:00+00:00,151.2,146.2,6.0,1.75,111.0,gfz:kp_f107
2015-01-10 00:00:00+00:00,151.9,146.9,9.0,2.0415,106.0,gfz:kp_f107
2015-01-11 00:00:00+00:00,153.7,148.6,10.0,2.291625,122.0,gfz:kp_f107
2015-01-12 00:00:00+00:00,158.6,153.4,7.0,1.749875,124.0,gfz:kp_f107
2015-01-13 00:00:00+00:00,158.6,153.4,7.0,1.875125,101.0,gfz:kp_f107
2015-01-14 00:00:00+00:00,141.8,137.2,6.0,1.500125,80.0,gfz:kp_f107
2015-01-15 00:00:00+00:00,131.4,127.1,5.0,1.124875,59.0,gfz:kp_f107
2015-01-16 00:00:00+00:00,124.7,120.7,7.0,1.666625,52.0,gfz:kp_f107
2015-01-17 00:00:00+00:00,121.9,118.0,6.0,1.41675,40.0,gfz:kp_f107
2015-01-18 00:00:00+00:00,125.8,121.7,4.0,0.8748750000000001,68.0,gfz:kp_f107
2015-01-19 00:00:00+00:00,130.0,125.9,4.0,0.958375,66.0,gfz:kp_f107
2015-01-20 00:00:00+00:00,125.6,121.6,2.0,0.499875,56.0,gfz:kp_f107
2015-01-21 00:00:00+00:00,123.9,120.0,11.0,2.291625,43.0,gfz:kp_f107
2015-01-22 00:00:00+00:00,120.3,116.6,12.0,2.5,50.0,gfz:kp_f107
2015-01-23 00:00:00+00:00,121.1,117.3,8.0,2.0001249999999997,60.0,gfz:kp_f107
2015-01-24 00:00:00+00:00,125.3,121.4,6.0,1.416625,59.0,gfz:kp_f107
2015-01-25 00:00:00+00:00,126.6,122.7,5.0,1.250125,62.0,gfz:kp_f107
2015-01-26 00:00:00+00:00,147.0,142.5,15.0,2.95825,109.0,gfz:kp_f107
2015-01-27 00:00:00+00:00,158.1,153.3,11.0,2.541625,126.0,gfz:kp_f107
2015-01-28 00:00:00+00:00,159.3,154.5,7.0,1.666625,141.0,gfz:kp_f107
2015-01-29 00:00:00+00:00,171.8,166.7,8.0,1.8752499999999999,146.0,gfz:kp_f107
2015-01-30 00:00:00+00:00,159.4,154.6,9.0,2.125,153.0,gfz:kp_f107
2015-01-31 00:00:00+00:00,153.5,149.0,9.0,2.0415,138.0,gfz:kp_f107
2015-02-01 00:00:00+00:00,141.7,137.6,20.0,3.25,113.0,gfz:kp_f107
2015-02-02 00:00:00+00:00,144.0,139.8,27.0,3.8751249999999997,93.0,gfz:kp_f107
2015-02-03 00:00:00+00:00,149.3,145.1,16.0,3.0,89.0,gfz:kp_f107
2015-02-04 00:00:00+00:00,154.4,150.1,8.0,1.875,96.0,gfz:kp_f107
2015-02-05 00:00:00+00:00,141.9,138.0,12.0,2.4998750000000003,93.0,gfz:kp_f107
2015-02-06 00:00:00+00:00,143.3,139.3,5.0,1.291625,89.0,gfz:kp_f107
2015-02-07 00:00:00+00:00,153.0,148.9,9.0,2.041625,76.0,gfz:kp_f107
2015-02-08 00:00:00+00:00,152.8,148.7,10.0,2.333375,84.0,gfz:kp_f107
2015-02-09 00:00:00+00:00,145.8,141.9,7.0,1.70825,88.0,gfz:kp_f107
2015-02-10 00:00:00+00:00,141.0,137.3,6.0,1.458375,84.0,gfz:kp_f107
2015-02-11 00:00:00+00:00,131.1,127.7,5.0,1.25,60.0,gfz:kp_f107
2015-02-12 00:00:00+00:00,127.6,124.4,4.0,1.041625,51.0,gfz:kp_f107
2015-02-13 00:00:00+00:00,124.9,121.8,2.0,0.416625,62.0,gfz:kp_f107
2015-02-14 00:00:00+00:00,120.4,117.4,2.0,0.499875,53.0,gfz:kp_f107
2015-02-15 00:00:00+00:00,119.6,116.7,6.0,1.500125,65.0,gfz:kp_f107
2015-02-16 00:00:00+00:00,118.1,115.3,5.0,1.25,41.0,gfz:kp_f107
2015-02-17 00:00:00+00:00,118.5,115.7,22.0,3.54175,39.0,gfz:kp_f107
2015-02-18 00:00:00+00:00,121.0,118.2,18.0,3.083375,87.0,gfz:kp_f107
2015-02-19 00:00:00+00:00,118.7,116.0,8.0,2.041875,89.0,gfz:kp_f107
2015-02-20 00:00:00+00:00,119.7,117.0,5.0,1.333625,64.0,gfz:kp_f107
2015-02-21 00:00:00+00:00,116.1,113.6,7.0,1.708375,58.0,gfz:kp_f107
2015-02-22 00:00:00+00:00,117.5,115.0,6.0,1.624875,43.0,gfz:kp_f107
2015-02-23 00:00:00+00:00,116.8,114.3,16.0,3.125,46.0,gfz:kp_f107
2015-02-24 00:00:00+00:00,114.4,112.1,25.0,3.416625,44.0,gfz:kp_f107
2015-02-25 00:00:00+00:00,111.0,108.8,8.0,1.875,21.0,gfz:kp_f107
2015-02-26 00:00:00+00:00,111.3,109.1,4.0,0.8748750000000001,22.0,gfz:kp_f107
2015-02-27 00:00:00+00:00,118.0,115.7,2.0,0.499875,58.0,gfz:kp_f107
2015-02-28 00:00:00+00:00,123.4,121.1,11.0,2.41675,60.0,gfz:kp_f107
2015-03-01 00:00:00+00:00,127.6,125.3,26.0,3.416625,65.0,gfz:kp_f107
2015-03-02 00:00:00+00:00,130.4,128.1,28.0,3.8333749999999998,52.0,gfz:kp_f107
2015-03-03 00:00:00+00:00,125.1,122.9,10.0,2.33325,42.0,gfz:kp_f107
2015-03-04 00:00:00+00:00,124.2,122.1,9.0,2.0,37.0,gfz:kp_f107
2015-03-05 00:00:00+00:00,140.2,137.9,5.0,1.333125,26.0,gfz:kp_f107
2015-03-06 00:00:00+00:00,127.4,125.4,10.0,2.2501249999999997,35.0,gfz:kp_f107
2015-03-07 00:00:00+00:00,137.8,135.7,21.0,3.541625,17.0,gfz:kp_f107
2015-03-08 00:00:00+00:00,124.2,122.3,11.0,2.29175,28.0,gfz:kp_f107
2015-03-09 00:00:00+00:00,122.9,121.2,5.0,1.124875,23.0,gfz:kp_f107
2015-03-10 00:00:00+00:00,120.9,119.2,4.0,0.9998750000000001,27.0,gfz:kp_f107
2015-03-11 00:00:00+00:00,131.7,129.9,9.0,2.0,44.0,gfz:kp_f107
2015-03-12 00:00:00+00:00,126.7,125.1,8.0,1.83325,56.0,gfz:kp_f107
2015-03-13 00:00:00+00:00,119.4,117.9,6.0,1.33325,76.0,gfz:kp_f107
2015-03-14 00:00:00+00:00,115.6,114.3,5.0,1.33325,55.0,gfz:kp_f107
2015-03-15 00:00:00+00:00,114.4,113.1,6.0,1.70825,53.0,gfz:kp_f107
2015-03-16 00:00:00+00:00,117.2,116.0,12.0,2.333375,46.0,gfz:kp_f107
2015-03-17 00:00:00+00:00,114.3,113.2,108.0,6.000125000000001,38.0,gfz:kp_f107
2015-03-18 00:00:00+00:00,114.8,113.7,47.0,4.916625,41.0,gfz:kp_f107
2015-03-19 00:00:00+00:00,109.3,108.3,26.0,3.791625,49.0,gfz:kp_f107
2015-03-20 00:00:00+00:00,112.7,111.8,22.0,3.5,20.0,gfz:kp_f107
2015-03-21 00:00:00+00:00,113.6,112.7,12.0,2.458375,26.0,gfz:kp_f107
2015-03-22 00:00:00+00:00,122.4,121.5,24.0,2.8748750000000003,81.0,gfz:kp_f107
2015-03-23 00:00:00+00:00,128.1,127.2,19.0,3.29175,99.0,gfz:kp_f107
2015-03-24 00:00:00+00:00,133.0,132.2,10.0,2.166625,108.0,gfz:kp_f107
2015-03-25 00:00:00+00:00,137.8,137.0,13.0,2.75,99.0,gfz:kp_f107
2015-03-26 00:00:00+00:00,136.1,135.5,8.0,1.916625,105.0,gfz:kp_f107
2015-03-27 00:00:00+00:00,137.8,137.2,8.0,1.8747500000000001,101.0,gfz:kp_f107
2015-03-28 00:00:00+00:00,145.6,145.1,8.0,1.91675,81.0,gfz:kp_f107
2015-03-29 00:00:00+00:00,144.5,144.0,11.0,2.375,72.0,gfz:kp_f107
2015-03-30 00:00:00+00:00,133.6,133.3,4.0,1.000125,51.0,gfz:kp_f107
2015-03-31 00:00:00+00:00,128.1,127.8,9.0,2.041625,38.0,gfz:kp_f107
2015-04-01 00:00:00+00:00,124.1,123.9,7.0,1.70825,43.0,gfz:kp_f107
2015-04-02 00:00:00+00:00,121.3,121.2,12.0,2.416625,35.0,gfz:kp_f107
2015-04-03 00:00:00+00:00,119.9,119.8,12.0,2.666625,35.0,gfz:kp_f107
2015-04-04 00:00:00+00:00,122.4,122.4,11.0,2.458375,54.0,gfz:kp_f107
2015-04-05 00:00:00+00:00,122.2,122.3,6.0,1.54175,55.0,gfz:kp_f107
2015-04-06 00:00:00+00:00,125.6,125.8,5.0,1.3751250000000002,53.0,gfz:kp_f107
2015-04-07 00:00:00+00:00,111.2,111.4,4.0,0.95825,51.0,gfz:kp_f107
2015-04-08 00:00:00+00:00,106.0,106.3,3.0,0.708375,43.0,gfz:kp_f107
2015-04-09 00:00:00+00:00,111.3,111.6,11.0,2.54175,47.0,gfz:kp_f107
2015-04-10 00:00:00+00:00,115.1,115.5,33.0,4.083125000000001,41.0,gfz:kp_f107
2015-04-11 00:00:00+00:00,122.9,123.5,16.0,3.0,59.0,gfz:kp_f107
2015-04-12 00:00:00+00:00,133.9,134.6,3.0,0.791625,86.0,gfz:kp_f107
2015-04-13 00:00:00+00:00,141.3,142.1,6.0,1.499875,103.0,gfz:kp_f107
2015-04-14 00:00:00+00:00,146.8,147.7,13.0,2.25,105.0,gfz:kp_f107
2015-04-15 00:00:00+00:00,154.7,155.7,28.0,3.7501249999999997,96.0,gfz:kp_f107
2015-04-16 00:00:00+00:00,150.2,151.3,42.0,4.66675,100.0,gfz:kp_f107
2015-04-17 00:00:00+00:00,149.6,150.8,22.0,3.4167500000000004,117.0,gfz:kp_f107
2015-04-18 00:00:00+00:00,147.6,148.9,10.0,2.375,140.0,gfz:kp_f107
2015-04-19 00:00:00+00:00,151.7,153.0,8.0,2.041625,137.0,gfz:kp_f107
2015-04-20 00:00:00+00:00,149.6,151.0,10.0,2.166625,128.0,gfz:kp_f107
2015-04-21 00:00:00+00:00,153.8,155.3,22.0,3.58325,127.0,gfz:kp_f107
2015-04-22 00:00:00+00:00,150.3,151.8,10.0,2.291625,138.0,gfz:kp_f107
2015-04-23 00:00:00+00:00,140.5,142.0,6.0,1.25,117.0,gfz:kp_f107
2015-04-24 00:00:00+00:00,134.5,136.0,3.0,0.7915000000000001,83.0,gfz:kp_f107
2015-04-25 00:00:00+00:00,125.9,127.4,0.0,0.08325,69.0,gfz:kp_f107
2015-04-26 00:00:00+00:00,118.5,120.0,2.0,0.33325,65.0,gfz:kp_f107
2015-04-27 00:00:00+00:00,107.5,108.9,4.0,1.083375,47.0,gfz:kp_f107
2015-04-28 00:00:00+00:00,107.7,109.2,5.0,1.33325,41.0,gfz:kp_f107
2015-04-29 00:00:00+00:00,104.0,105.5,4.0,0.875,30.0,gfz:kp_f107
2015-04-30 00:00:00+00:00,101.8,103.3,4.0,1.0,15.0,gfz:kp_f107
2015-05-01 00:00:00+00:00,99.9,101.4,5.0,1.25,19.0,gfz:kp_f107
2015-05-02 00:00:00+00:00,105.7,107.3,7.0,1.79175,34.0,gfz:kp_f107
2015-05-03 00:00:00+00:00,111.1,112.9,8.0,1.749875,44.0,gfz:kp_f107
2015-05-04 00:00:00+00:00,123.4,125.4,7.0,1.75,103.0,gfz:kp_f107
2015-05-05 00:00:00+00:00,127.8,130.0,5.0,1.333375,104.0,gfz:kp_f107
2015-05-06 00:00:00+00:00,136.2,138.6,22.0,3.45825,124.0,gfz:kp_f107
2015-05-07 00:00:00+00:00,146.6,149.2,6.0,1.5418749999999999,145.0,gfz:kp_f107
2015-05-08 00:00:00+00:00,149.8,152.6,5.0,1.333625,150.0,gfz:kp_f107
2015-05-09 00:00:00+00:00,154.5,157.5,7.0,1.58325,139.0,gfz:kp_f107
2015-05-10 00:00:00+00:00,159.9,163.1,9.0,2.04175,163.0,gfz:kp_f107
2015-05-11 00:00:00+00:00,163.0,166.2,14.0,2.79175,163.0,gfz:kp_f107
2015-05-12 00:00:00+00:00,163.2,166.5,15.0,2.958375,165.0,gfz:kp_f107
2015-05-13 00:00:00+00:00,157.0,160.3,46.0,4.875,172.0,gfz:kp_f107
2015-05-14 00:00:00+00:00,145.1,148.2,8.0,2.041625,164.0,gfz:kp_f107
2015-05-15 00:00:00+00:00,136.5,139.5,6.0,1.75,124.0,gfz:kp_f107
2015-05-16 00:00:00+00:00,131.0,134.0,5.0,1.20825,103.0,gfz:kp_f107
2015-05-17 00:00:00+00:00,119.6,122.3,4.0,1.166625,89.0,gfz:kp_f107
2015-05-18 00:00:00+00:00,115.0,117.6,15.0,2.4998750000000003,101.0,gfz:kp_f107
2015-05-19 00:00:00+00:00,110.3,112.9,13.0,2.375,77.0,gfz:kp_f107
2015-05-20 00:00:00+00:00,105.6,108.2,6.0,1.500125,59.0,gfz:kp_f107
2015-05-21 00:00:00+00:00,101.8,104.3,2.0,0.45825,50.0,gfz:kp_f107
2015-05-22 00:00:00+00:00,99.1,101.6,2.0,0.499875,73.0,gfz:kp_f107
2015-05-23 00:00:00+00:00,97.7,100.2,3.0,0.6251249999999999,72.0,gfz:kp_f107
2015-05-24 00:00:00+00:00,98.7,101.2,4.0,0.9165,78.0,gfz:kp_f107
2015-05-25 00:00:00+00:00,96.5,99.0,2.0,0.416625,67.0,gfz:kp_f107
2015-05-26 00:00:00+00:00,94.5,97.0,5.0,1.416625,53.0,gfz:kp_f107
2015-05-27 00:00:00+00:00,95.2,97.8,4.0,1.08325,14.0,gfz:kp_f107
2015-05-28 00:00:00+00:00,93.0,95.5,6.0,1.58325,12.0,gfz:kp_f107
2015-05-29 00:00:00+00:00,92.3,94.8,6.0,1.75,33.0,gfz:kp_f107
2015-05-30 00:00:00+00:00,95.0,97.7,4.0,1.083375,31.0,gfz:kp_f107
2015-05-31 00:00:00+00:00,94.3,97.0,4.0,1.125,29.0,gfz:kp_f107
2015-06-01 00:00:00+00:00,100.4,103.2,6.0,1.541625,27.0,gfz:kp_f107
2015-06-02 00:00:00+00:00,101.0,103.9,2.0,0.29137500000000005,44.0,gfz:kp_f107
2015-06-03 00:00:00+00:00,108.5,111.6,3.0,0.75,49.0,gfz:kp_f107
2015-06-04 00:00:00+00:00,118.0,121.4,2.0,0.333125,80.0,gfz:kp_f107
2015-06-05 00:00:00+00:00,126.0,129.7,2.0,0.24975000000000003,90.0,gfz:kp_f107
2015-06-06 00:00:00+00:00,132.7,136.6,4.0,1.000125,109.0,gfz:kp_f107
2015-06-07 00:00:00+00:00,137.3,141.4,7.0,1.54175,124.0,gfz:kp_f107
2015-06-08 00:00:00+00:00,134.2,138.2,36.0,4.29175,112.0,gfz:kp_f107
2015-06-09 00:00:00+00:00,136.5,140.6,14.0,2.75,92.0,gfz:kp_f107
2015-06-10 00:00:00+00:00,135.4,139.5,11.0,2.583375,93.0,gfz:kp_f107
2015-06-11 00:00:00+00:00,139.9,144.2,9.0,2.1248750000000003,95.0,gfz:kp_f107
2015-06-12 00:00:00+00:00,136.7,141.0,6.0,1.541625,98.0,gfz:kp_f107
2015-06-13 00:00:00+00:00,136.1,140.3,8.0,2.166625,97.0,gfz:kp_f107
2015-06-14 00:00:00+00:00,131.7,135.8,17.0,3.0835,90.0,gfz:kp_f107
2015-06-15 00:00:00+00:00,134.8,139.1,12.0,2.625,54.0,gfz:kp_f107
2015-06-16 00:00:00+00:00,136.1,140.5,10.0,2.3335,70.0,gfz:kp_f107
2015-06-17 00:00:00+00:00,135.8,140.2,14.0,2.583375,80.0,gfz:kp_f107
2015-06-18 00:00:00+00:00,150.8,155.7,6.0,1.5,77.0,gfz:kp_f107
2015-06-19 00:00:00+00:00,137.3,141.8,3.0,0.70825,68.0,gfz:kp_f107
2015-06-20 00:00:00+00:00,135.4,139.8,1.0,0.1665,64.0,gfz:kp_f107
2015-06-21 00:00:00+00:00,131.7,136.0,7.0,1.458375,61.0,gfz:kp_f107
2015-06-22 00:00:00+00:00,246.9,255.0,57.0,4.4165,56.0,gfz:kp_f107
2015-06-23 00:00:00+00:00,116.1,119.9,72.0,5.208375,45.0,gfz:kp_f107
2015-06-24 00:00:00+00:00,109.5,113.1,16.0,2.91675,36.0,gfz:kp_f107
2015-06-25 00:00:00+00:00,101.8,105.2,32.0,3.875,27.0,gfz:kp_f107
2015-06-26 00:00:00+00:00,101.2,104.6,8.0,1.750125,23.0,gfz:kp_f107
2015-06-27 00:00:00+00:00,97.3,100.5,8.0,1.916625,21.0,gfz:kp_f107
2015-06-28 00:00:00+00:00,97.3,100.5,13.0,2.666625,32.0,gfz:kp_f107
2015-06-29 00:00:00+00:00,97.1,100.4,4.0,1.166625,39.0,gfz:kp_f107
2015-06-30 00:00:00+00:00,100.8,104.2,5.0,1.291625,41.0,gfz:kp_f107
2015-07-01 00:00:00+00:00,109.6,113.3,4.0,1.083375,54.0,gfz:kp_f107
2015-07-02 00:00:00+00:00,113.8,117.6,2.0,0.37475,75.0,gfz:kp_f107
2015-07-03 00:00:00+00:00,112.3,116.1,2.0,0.416625,88.0,gfz:kp_f107
2015-07-04 00:00:00+00:00,116.8,120.7,19.0,2.458125,99.0,gfz:kp_f107
2015-07-05 00:00:00+00:00,124.8,129.0,22.0,3.291625,109.0,gfz:kp_f107
2015-07-06 00:00:00+00:00,133.4,137.9,10.0,2.08325,97.0,gfz:kp_f107
2015-07-07 00:00:00+00:00,132.6,137.1,4.0,1.125125,112.0,gfz:kp_f107
2015-07-08 00:00:00+00:00,128.9,133.2,4.0,0.958375,123.0,gfz:kp_f107
2015-07-09 00:00:00+00:00,121.9,126.0,4.0,0.9585,110.0,gfz:kp_f107
2015-07-10 00:00:00+00:00,129.0,133.3,8.0,1.291625,103.0,gfz:kp_f107
2015-07-11 00:00:00+00:00,120.2,124.3,23.0,3.625125,92.0,gfz:kp_f107
2015-07-12 00:00:00+00:00,116.0,119.9,12.0,2.70825,71.0,gfz:kp_f107
2015-07-13 00:00:00+00:00,110.1,113.8,33.0,4.125,53.0,gfz:kp_f107
2015-07-14 00:00:00+00:00,105.2,108.7,6.0,1.375,43.0,gfz:kp_f107
2015-07-15 00:00:00+00:00,101.0,104.4,6.0,1.541625,43.0,gfz:kp_f107
2015-07-16 00:00:00+00:00,99.6,102.9,7.0,1.7085,50.0,gfz:kp_f107
2015-07-17 00:00:00+00:00,97.4,100.6,4.0,0.9581250000000001,50.0,gfz:kp_f107
2015-07-18 00:00:00+00:00,96.0,99.1,2.0,0.5,58.0,gfz:kp_f107
2015-07-19 00:00:00+00:00,99.4,102.6,2.0,0.2915,44.0,gfz:kp_f107
2015-07-20 00:00:00+00:00,93.2,96.3,3.0,0.625,36.0,gfz:kp_f107
2015-07-21 00:00:00+00:00,91.0,94.0,7.0,1.999875,36.0,gfz:kp_f107
2015-07-22 00:00:00+00:00,89.0,91.9,6.0,1.5,36.0,gfz:kp_f107
2015-07-23 00:00:00+00:00,89.4,92.2,21.0,3.291875,29.0,gfz:kp_f107
2015-07-24 00:00:00+00:00,92.2,95.2,5.0,1.333375,31.0,gfz:kp_f107
2015-07-25 00:00:00+00:00,94.0,96.9,7.0,1.83325,34.0,gfz:kp_f107
2015-07-26 00:00:00+00:00,97.0,100.1,6.0,1.583375,40.0,gfz:kp_f107
2015-07-27 00:00:00+00:00,100.1,103.2,9.0,2.0835,51.0,gfz:kp_f107
2015-07-28 00:00:00+00:00,101.1,104.2,7.0,1.83325,62.0,gfz:kp_f107
2015-07-29 00:00:00+00:00,100.7,103.8,4.0,1.166625,67.0,gfz:kp_f107
2015-07-30 00:00:00+00:00,102.0,105.1,12.0,2.25,76.0,gfz:kp_f107
2015-07-31 00:00:00+00:00,100.7,103.8,13.0,2.70825,69.0,gfz:kp_f107
2015-08-01 00:00:00+00:00,102.9,106.0,9.0,2.125,64.0,gfz:kp_f107
2015-08-02 00:00:00+00:00,101.5,104.5,10.0,2.2915,53.0,gfz:kp_f107
2015-08-03 00:00:00+00:00,105.6,108.7,6.0,1.583375,61.0,gfz:kp_f107
2015-08-04 00:00:00+00:00,106.8,109.9,6.0,1.541625,90.0,gfz:kp_f107
2015-08-05 00:00:00+00:00,112.2,115.5,5.0,1.1665,94.0,gfz:kp_f107
2015-08-06 00:00:00+00:00,121.6,125.1,10.0,2.3748750000000003,108.0,gfz:kp_f107
2015-08-07 00:00:00+00:00,122.1,125.5,18.0,2.916625,112.0,gfz:kp_f107
2015-08-08 00:00:00+00:00,121.0,124.4,10.0,2.416875,93.0,gfz:kp_f107
2015-08-09 00:00:00+00:00,114.5,117.6,10.0,2.333125,76.0,gfz:kp_f107
2015-08-10 00:00:00+00:00,106.2,109.1,8.0,2.083375,69.0,gfz:kp_f107
2015-08-11 00:00:00+00:00,102.8,105.6,7.0,1.75,78.0,gfz:kp_f107
2015-08-12 00:00:00+00:00,99.2,101.9,10.0,2.375,66.0,gfz:kp_f107
2015-08-13 00:00:00+00:00,94.8,97.3,10.0,2.08325,55.0,gfz:kp_f107
2015-08-14 00:00:00+00:00,93.2,95.7,2.0,0.500125,46.0,gfz:kp_f107
2015-08-15 00:00:00+00:00,89.4,91.7,35.0,3.9582499999999996,39.0,gfz:kp_f107
2015-08-16 00:00:00+00:00,85.6,87.8,32.0,4.0835,38.0,gfz:kp_f107
2015-08-17 00:00:00+00:00,87.0,89.2,22.0,3.625,33.0,gfz:kp_f107
2015-08-18 00:00:00+00:00,88.7,90.9,8.0,1.875,39.0,gfz:kp_f107
2015-08-19 00:00:00+00:00,98.2,100.6,18.0,3.208375,50.0,gfz:kp_f107
2015-08-20 00:00:00+00:00,102.8,105.3,11.0,2.583375,65.0,gfz:kp_f107
2015-08-21 00:00:00+00:00,118.6,121.4,5.0,1.33325,73.0,gfz:kp_f107
2015-08-22 00:00:00+00:00,116.9,119.6,8.0,1.95825,71.0,gfz:kp_f107
2015-08-23 00:00:00+00:00,133.1,136.1,26.0,3.6251249999999997,81.0,gfz:kp_f107
2015-08-24 00:00:00+00:00,127.7,130.6,6.0,1.6252499999999999,81.0,gfz:kp_f107
2015-08-25 00:00:00+00:00,121.2,123.9,8.0,1.958375,69.0,gfz:kp_f107
2015-08-26 00:00:00+00:00,126.2,128.9,27.0,3.9167499999999995,47.0,gfz:kp_f107
2015-08-27 00:00:00+00:00,110.2,112.5,52.0,4.958375,55.0,gfz:kp_f107
2015-08-28 00:00:00+00:00,109.1,111.3,40.0,4.5,44.0,gfz:kp_f107
2015-08-29 00:00:00+00:00,100.1,102.1,13.0,2.66675,56.0,gfz:kp_f107
2015-08-30 00:00:00+00:00,91.6,93.4,4.0,0.9167500000000001,56.0,gfz:kp_f107
2015-08-31 00:00:00+00:00,91.0,92.7,4.0,1.04175,35.0,gfz:kp_f107
2015-09-01 00:00:00+00:00,89.0,90.7,4.0,1.125125,43.0,gfz:kp_f107
2015-09-02 00:00:00+00:00,88.2,89.8,7.0,1.70825,36.0,gfz:kp_f107
2015-09-03 00:00:00+00:00,86.5,88.0,8.0,1.833375,29.0,gfz:kp_f107
2015-09-04 00:00:00+00:00,89.9,91.5,20.0,3.333125,37.0,gfz:kp_f107
2015-09-05 00:00:00+00:00,85.4,86.8,12.0,2.54175,27.0,gfz:kp_f107
2015-09-06 00:00:00+00:00,85.6,86.9,13.0,2.708375,43.0,gfz:kp_f107
2015-09-07 00:00:00+00:00,83.7,85.0,44.0,4.333375,44.0,gfz:kp_f107
2015-09-08 00:00:00+00:00,83.5,84.7,24.0,3.083375,42.0,gfz:kp_f107
2015-09-09 00:00:00+00:00,82.3,83.5,59.0,5.333375,57.0,gfz:kp_f107
2015-09-10 00:00:00+00:00,83.5,84.6,12.0,2.375,46.0,gfz:kp_f107
2015-09-11 00:00:00+00:00,92.8,94.1,60.0,4.9167499999999995,81.0,gfz:kp_f107
2015-09-12 00:00:00+00:00,99.1,100.4,16.0,2.875,89.0,gfz:kp_f107
2015-09-13 00:00:00+00:00,98.8,100.0,11.0,2.29175,83.0,gfz:kp_f107
2015-09-14 00:00:00+00:00,96.5,97.7,14.0,2.66675,56.0,gfz:kp_f107
2015-09-15 00:00:00+00:00,101.1,102.2,17.0,3.1248750000000003,68.0,gfz:kp_f107
2015-09-16 00:00:00+00:00,109.4,110.6,11.0,2.4998750000000003,86.0,gfz:kp_f107
2015-09-17 00:00:00+00:00,106.8,107.9,10.0,2.0415,75.0,gfz:kp_f107
2015-09-18 00:00:00+00:00,102.8,103.8,11.0,2.541625,71.0,gfz:kp_f107
2015-09-19 00:00:00+00:00,105.7,106.7,16.0,2.6251249999999997,64.0,gfz:kp_f107
2015-09-20 00:00:00+00:00,110.4,111.3,44.0,4.375,65.0,gfz:kp_f107
2015-09-21 00:00:00+00:00,103.4,104.2,8.0,1.91675,78.0,gfz:kp_f107
2015-09-22 00:00:00+00:00,107.0,107.8,10.0,2.208375,86.0,gfz:kp_f107
2015-09-23 00:00:00+00:00,110.7,111.4,12.0,2.4998750000000003,96.0,gfz:kp_f107
2015-09-24 00:00:00+00:00,106.8,107.4,7.0,1.708375,101.0,gfz:kp_f107
2015-09-25 00:00:00+00:00,119.8,120.5,6.0,1.58325,152.0,gfz:kp_f107
2015-09-26 00:00:00+00:00,120.2,120.8,4.0,0.9998750000000001,162.0,gfz:kp_f107
2015-09-27 00:00:00+00:00,127.5,128.1,3.0,0.749875,169.0,gfz:kp_f107
2015-09-28 00:00:00+00:00,124.0,124.5,3.0,0.833375,156.0,gfz:kp_f107
2015-09-29 00:00:00+00:00,129.2,129.6,5.0,1.124875,120.0,gfz:kp_f107
2015-09-30 00:00:00+00:00,131.1,131.5,2.0,0.333375,95.0,gfz:kp_f107
2015-10-01 00:00:00+00:00,119.7,120.0,10.0,2.125,93.0,gfz:kp_f107
2015-10-02 00:00:00+00:00,107.4,107.6,12.0,2.6251249999999997,62.0,gfz:kp_f107
2015-10-03 00:00:00+00:00,96.9,97.0,10.0,2.25,51.0,gfz:kp_f107
2015-10-04 00:00:00+00:00,88.3,88.3,17.0,3.04175,22.0,gfz:kp_f107
2015-10-05 00:00:00+00:00,82.6,82.6,18.0,3.0001249999999997,20.0,gfz:kp_f107
2015-10-06 00:00:00+00:00,81.4,81.3,18.0,3.166625,26.0,gfz:kp_f107
2015-10-07 00:00:00+00:00,80.5,80.4,74.0,5.625,33.0,gfz:kp_f107
2015-10-08 00:00:00+00:00,79.7,79.5,45.0,4.875125000000001,37.0,gfz:kp_f107
2015-10-09 00:00:00+00:00,81.2,81.0,27.0,3.9167500000000004,26.0,gfz:kp_f107
2015-10-10 00:00:00+00:00,81.4,81.2,11.0,2.375,13.0,gfz:kp_f107
2015-10-11 00:00:00+00:00,84.6,84.3,12.0,2.5,30.0,gfz:kp_f107
2015-10-12 00:00:00+00:00,89.1,88.7,21.0,3.29175,53.0,gfz:kp_f107
2015-10-13 00:00:00+00:00,95.6,95.2,24.0,3.6665,65.0,gfz:kp_f107
2015-10-14 00:00:00+00:00,100.7,100.2,21.0,3.5,57.0,gfz:kp_f107
2015-10-15 00:00:00+00:00,106.8,106.1,8.0,2.0,55.0,gfz:kp_f107
2015-10-16 00:00:00+00:00,109.1,108.4,6.0,1.583375,59.0,gfz:kp_f107
2015-10-17 00:00:00+00:00,116.6,115.8,10.0,2.29175,79.0,gfz:kp_f107
2015-10-18 00:00:00+00:00,119.5,118.6,19.0,3.25,75.0,gfz:kp_f107
2015-10-19 00:00:00+00:00,123.7,122.7,4.0,0.91675,94.0,gfz:kp_f107
2015-10-20 00:00:00+00:00,122.8,121.7,8.0,2.125,95.0,gfz:kp_f107
2015-10-21 00:00:00+00:00,129.0,127.8,10.0,2.166625,89.0,gfz:kp_f107
2015-10-22 00:00:00+00:00,120.5,119.3,4.0,1.16675,107.0,gfz:kp_f107
2015-10-23 00:00:00+00:00,114.9,113.7,6.0,1.458375,94.0,gfz:kp_f107
2015-10-24 00:00:00+00:00,106.3,105.2,9.0,1.9585,78.0,gfz:kp_f107
2015-10-25 00:00:00+00:00,106.4,105.2,6.0,1.625125,67.0,gfz:kp_f107
2015-10-26 00:00:00+00:00,106.2,104.9,1.0,0.249875,78.0,gfz:kp_f107
2015-10-27 00:00:00+00:00,110.1,108.7,3.0,0.7498750000000001,67.0,gfz:kp_f107
2015-10-28 00:00:00+00:00,112.2,110.7,1.0,0.166625,81.0,gfz:kp_f107
2015-10-29 00:00:00+00:00,112.9,111.4,4.0,0.875,93.0,gfz:kp_f107
2015-10-30 00:00:00+00:00,121.2,119.5,8.0,1.875,88.0,gfz:kp_f107
2015-10-31 00:00:00+00:00,118.5,116.7,6.0,1.375,86.0,gfz:kp_f107
2015-11-01 00:00:00+00:00,124.3,122.4,9.0,2.1248750000000003,85.0,gfz:kp_f107
2015-11-02 00:00:00+00:00,122.0,120.1,4.0,0.9165000000000001,101.0,gfz:kp_f107
2015-11-03 00:00:00+00:00,124.2,122.2,29.0,3.9998750000000003,82.0,gfz:kp_f107
2015-11-04 00:00:00+00:00,113.8,112.0,30.0,3.8748750000000003,100.0,gfz:kp_f107
2015-11-05 00:00:00+00:00,109.9,108.1,16.0,2.958375,82.0,gfz:kp_f107
2015-11-06 00:00:00+00:00,115.2,113.2,14.0,2.70825,78.0,gfz:kp_f107
2015-11-07 00:00:00+00:00,115.0,112.9,38.0,4.125,82.0,gfz:kp_f107
2015-11-08 00:00:00+00:00,107.7,105.7,14.0,2.416625,75.0,gfz:kp_f107
2015-11-09 00:00:00+00:00,107.6,105.6,25.0,3.8335,66.0,gfz:kp_f107
2015-11-10 00:00:00+00:00,105.4,103.3,37.0,4.45825,71.0,gfz:kp_f107
2015-11-11 00:00:00+00:00,105.0,102.9,22.0,3.458375,61.0,gfz:kp_f107
2015-11-12 00:00:00+00:00,103.5,101.4,4.0,0.958375,60.0,gfz:kp_f107
2015-11-13 00:00:00+00:00,102.9,100.8,13.0,2.54175,49.0,gfz:kp_f107
2015-11-14 00:00:00+00:00,106.3,104.1,8.0,2.0415,39.0,gfz:kp_f107
2015-11-15 00:00:00+00:00,105.8,103.5,8.0,1.9165,56.0,gfz:kp_f107
2015-11-16 00:00:00+00:00,105.6,103.2,12.0,2.666625,38.0,gfz:kp_f107
2015-11-17 00:00:00+00:00,107.1,104.6,8.0,1.8335,34.0,gfz:kp_f107
2015-11-18 00:00:00+00:00,107.6,105.1,15.0,2.6251249999999997,30.0,gfz:kp_f107
2015-11-19 00:00:00+00:00,108.1,105.6,8.0,1.708375,41.0,gfz:kp_f107
2015-11-20 00:00:00+00:00,111.0,108.4,4.0,0.9165000000000001,55.0,gfz:kp_f107
2015-11-21 00:00:00+00:00,122.2,119.2,2.0,0.5415,58.0,gfz:kp_f107
2015-11-22 00:00:00+00:00,122.9,119.9,2.0,0.33337500000000003,71.0,gfz:kp_f107
2015-11-23 00:00:00+00:00,119.7,116.7,1.0,0.25,56.0,gfz:kp_f107
2015-11-24 00:00:00+00:00,113.2,110.3,0.0,0.0,59.0,gfz:kp_f107
2015-11-25 00:00:00+00:00,109.0,106.2,0.0,0.0,61.0,gfz:kp_f107
2015-11-26 00:00:00+00:00,103.9,101.2,1.0,0.33325000000000005,65.0,gfz:kp_f107
2015-11-27 00:00:00+00:00,98.9,96.3,6.0,1.541625,61.0,gfz:kp_f107
2015-11-28 00:00:00+00:00,96.6,94.0,6.0,1.541625,51.0,gfz:kp_f107
2015-11-29 00:00:00+00:00,95.5,92.9,8.0,1.875125,51.0,gfz:kp_f107
2015-11-30 00:00:00+00:00,95.7,93.1,17.0,2.95825,47.0,gfz:kp_f107
2015-12-01 00:00:00+00:00,94.6,91.9,13.0,2.66675,32.0,gfz:kp_f107
2015-12-02 00:00:00+00:00,95.3,92.6,8.0,2.0,49.0,gfz:kp_f107
2015-12-03 00:00:00+00:00,94.5,91.8,4.0,0.8331250000000001,36.0,gfz:kp_f107
2015-12-04 00:00:00+00:00,97.6,94.8,4.0,0.9998750000000001,33.0,gfz:kp_f107
2015-12-05 00:00:00+00:00,100.5,97.6,14.0,2.7498750000000003,50.0,gfz:kp_f107
2015-12-06 00:00:00+00:00,102.2,99.3,22.0,3.54175,54.0,gfz:kp_f107
2015-12-07 00:00:00+00:00,100.7,97.8,19.0,3.375,61.0,gfz:kp_f107
2015-12-08 00:00:00+00:00,111.2,107.9,10.0,2.2501249999999997,60.0,gfz:kp_f107
2015-12-09 00:00:00+00:00,108.8,105.5,8.0,1.874875,78.0,gfz:kp_f107
2015-12-10 00:00:00+00:00,108.5,105.2,24.0,3.66675,82.0,gfz:kp_f107
2015-12-11 00:00:00+00:00,113.7,110.3,19.0,3.33325,83.0,gfz:kp_f107
2015-12-12 00:00:00+00:00,116.7,113.1,10.0,2.333375,83.0,gfz:kp_f107
2015-12-13 00:00:00+00:00,122.5,118.7,7.0,1.625125,81.0,gfz:kp_f107
2015-12-14 00:00:00+00:00,124.0,120.2,20.0,2.875,86.0,gfz:kp_f107
2015-12-15 00:00:00+00:00,118.9,115.2,16.0,2.833375,65.0,gfz:kp_f107
2015-12-16 00:00:00+00:00,126.2,122.2,6.0,1.0415,63.0,gfz:kp_f107
2015-12-17 00:00:00+00:00,117.8,114.0,6.0,1.374875,56.0,gfz:kp_f107
2015-12-18 00:00:00+00:00,117.1,113.3,5.0,1.1252499999999999,54.0,gfz:kp_f107
2015-12-19 00:00:00+00:00,119.0,115.2,10.0,1.833375,49.0,gfz:kp_f107
2015-12-20 00:00:00+00:00,116.6,112.8,70.0,5.58325,22.0,gfz:kp_f107
2015-12-21 00:00:00+00:00,121.7,117.8,38.0,3.875,18.0,gfz:kp_f107
2015-12-22 00:00:00+00:00,130.1,125.8,12.0,2.5415,72.0,gfz:kp_f107
2015-12-23 00:00:00+00:00,133.9,129.5,9.0,2.291625,68.0,gfz:kp_f107
2015-12-24 00:00:00+00:00,132.7,128.4,11.0,2.458375,69.0,gfz:kp_f107
2015-12-25 00:00:00+00:00,126.4,122.3,7.0,1.958375,76.0,gfz:kp_f107
2015-12-26 00:00:00+00:00,117.4,113.5,14.0,2.7498750000000003,65.0,gfz:kp_f107
2015-12-27 00:00:00+00:00,110.3,106.7,9.0,2.33325,67.0,gfz:kp_f107
2015-12-28 00:00:00+00:00,112.1,108.4,4.0,1.166625,71.0,gfz:kp_f107
2015-12-29 00:00:00+00:00,105.4,101.9,6.0,1.5,57.0,gfz:kp_f107
2015-12-30 00:00:00+00:00,101.5,98.1,2.0,0.583375,37.0,gfz:kp_f107
2015-12-31 00:00:00+00:00,96.2,93.0,35.0,4.25,22.0,gfz:kp_f107
2016-01-01 00:00:00+00:00,98.4,95.1,28.0,3.25,37.0,gfz:kp_f107
2016-01-02 00:00:00+00:00,100.0,96.6,9.0,2.20825,40.0,gfz:kp_f107
2016-01-03 00:00:00+00:00,101.9,98.5,6.0,1.583375,51.0,gfz:kp_f107
2016-01-04 00:00:00+00:00,95.3,92.2,4.0,1.1668749999999999,70.0,gfz:kp_f107
2016-01-05 00:00:00+00:00,95.2,92.1,5.0,1.416625,35.0,gfz:kp_f107
2016-01-06 00:00:00+00:00,100.2,96.9,16.0,3.041625,31.0,gfz:kp_f107
2016-01-07 00:00:00+00:00,103.4,99.9,13.0,2.708375,61.0,gfz:kp_f107
2016-01-08 00:00:00+00:00,108.5,104.9,7.0,1.7915,86.0,gfz:kp_f107
2016-01-09 00:00:00+00:00,107.0,103.5,5.0,1.375,97.0,gfz:kp_f107
2016-01-10 00:00:00+00:00,108.9,105.4,8.0,1.95825,90.0,gfz:kp_f107
2016-01-11 00:00:00+00:00,108.0,104.5,13.0,2.583375,47.0,gfz:kp_f107
2016-01-12 00:00:00+00:00,105.5,102.0,13.0,2.666625,40.0,gfz:kp_f107
2016-01-13 00:00:00+00:00,104.1,100.7,13.0,2.541625,38.0,gfz:kp_f107
2016-01-14 00:00:00+00:00,103.2,99.9,7.0,1.91675,41.0,gfz:kp_f107
2016-01-15 00:00:00+00:00,103.5,100.1,4.0,1.16675,45.0,gfz:kp_f107
2016-01-16 00:00:00+00:00,99.9,96.7,3.0,0.6248750000000001,44.0,gfz:kp_f107
2016-01-17 00:00:00+00:00,100.6,97.4,3.0,0.666625,58.0,gfz:kp_f107
2016-01-18 00:00:00+00:00,99.9,96.7,4.0,0.833375,54.0,gfz:kp_f107
2016-01-19 00:00:00+00:00,97.5,94.4,10.0,1.9998749999999998,66.0,gfz:kp_f107
2016-01-20 00:00:00+00:00,100.4,97.2,26.0,3.541625,62.0,gfz:kp_f107
2016-01-21 00:00:00+00:00,104.0,100.7,33.0,4.125125,64.0,gfz:kp_f107
2016-01-22 00:00:00+00:00,100.5,97.3,13.0,2.7498750000000003,67.0,gfz:kp_f107
2016-01-23 00:00:00+00:00,98.9,95.8,11.0,2.375,63.0,gfz:kp_f107
2016-01-24 00:00:00+00:00,103.8,100.6,10.0,2.041625,48.0,gfz:kp_f107
2016-01-25 00:00:00+00:00,107.6,104.3,2.0,0.2915,67.0,gfz:kp_f107
2016-01-26 00:00:00+00:00,114.8,111.3,3.0,0.833375,69.0,gfz:kp_f107
2016-01-27 00:00:00+00:00,112.7,109.3,4.0,0.916625,83.0,gfz:kp_f107
2016-01-28 00:00:00+00:00,109.9,106.6,4.0,1.041625,77.0,gfz:kp_f107
2016-01-29 00:00:00+00:00,106.9,103.7,3.0,0.5835,64.0,gfz:kp_f107
2016-01-30 00:00:00+00:00,105.1,102.0,2.0,0.33325000000000005,36.0,gfz:kp_f107
2016-01-31 00:00:00+00:00,101.2,98.3,9.0,2.083375,35.0,gfz:kp_f107
2016-02-01 00:00:00+00:00,100.2,97.3,7.0,1.45825,44.0,gfz:kp_f107
2016-02-02 00:00:00+00:00,102.1,99.1,5.0,1.208375,52.0,gfz:kp_f107
2016-02-03 00:00:00+00:00,112.1,108.9,12.0,1.875125,83.0,gfz:kp_f107
2016-02-04 00:00:00+00:00,123.3,119.8,5.0,1.20825,108.0,gfz:kp_f107
2016-02-05 00:00:00+00:00,119.7,116.3,10.0,2.3748750000000003,103.0,gfz:kp_f107
2016-02-06 00:00:00+00:00,117.1,113.9,6.0,1.70825,79.0,gfz:kp_f107
2016-02-07 00:00:00+00:00,117.1,113.9,8.0,1.791625,89.0,gfz:kp_f107
2016-02-08 00:00:00+00:00,115.2,112.1,17.0,2.3748750000000003,89.0,gfz:kp_f107
2016-02-09 00:00:00+00:00,117.3,114.1,8.0,1.916625,84.0,gfz:kp_f107
2016-02-10 00:00:00+00:00,112.2,109.2,4.0,1.0,75.0,gfz:kp_f107
2016-02-11 00:00:00+00:00,112.8,109.8,8.0,2.041625,85.0,gfz:kp_f107
2016-02-12 00:00:00+00:00,112.2,109.3,12.0,2.58325,63.0,gfz:kp_f107
2016-02-13 00:00:00+00:00,110.3,107.5,7.0,1.5835,38.0,gfz:kp_f107
2016-02-14 00:00:00+00:00,108.0,105.4,9.0,2.166625,46.0,gfz:kp_f107
2016-02-15 00:00:00+00:00,107.3,104.7,11.0,2.166625,50.0,gfz:kp_f107
2016-02-16 00:00:00+00:00,104.0,101.5,37.0,4.375,42.0,gfz:kp_f107
2016-02-17 00:00:00+00:00,99.9,97.5,34.0,4.208375,38.0,gfz:kp_f107
2016-02-18 00:00:00+00:00,94.9,92.7,29.0,3.9998750000000003,36.0,gfz:kp_f107
2016-02-19 00:00:00+00:00,94.0,91.9,16.0,3.041625,46.0,gfz:kp_f107
2016-02-20 00:00:00+00:00,100.0,97.8,5.0,1.166625,52.0,gfz:kp_f107
2016-02-21 00:00:00+00:00,95.6,93.5,4.0,1.0002499999999999,47.0,gfz:kp_f107
2016-02-22 00:00:00+00:00,93.7,91.7,2.0,0.54175,34.0,gfz:kp_f107
2016-02-23 00:00:00+00:00,91.0,89.1,5.0,1.208375,37.0,gfz:kp_f107
2016-02-24 00:00:00+00:00,87.9,86.1,6.0,1.625,34.0,gfz:kp_f107
2016-02-25 00:00:00+00:00,91.7,89.9,5.0,1.2918749999999999,26.0,gfz:kp_f107
2016-02-26 00:00:00+00:00,89.0,87.2,7.0,1.500125,48.0,gfz:kp_f107
2016-02-27 00:00:00+00:00,90.4,88.6,3.0,0.70825,26.0,gfz:kp_f107
2016-02-28 00:00:00+00:00,93.2,91.5,3.0,0.70825,36.0,gfz:kp_f107
2016-02-29 00:00:00+00:00,90.9,89.3,4.0,0.916625,45.0,gfz:kp_f107
2016-03-01 00:00:00+00:00,96.8,95.1,8.0,1.9585,68.0,gfz:kp_f107
2016-03-02 00:00:00+00:00,98.2,96.5,6.0,1.541625,78.0,gfz:kp_f107
2016-03-03 00:00:00+00:00,98.7,97.1,6.0,1.624875,77.0,gfz:kp_f107
2016-03-04 00:00:00+00:00,100.5,98.9,4.0,0.833375,111.0,gfz:kp_f107
2016-03-05 00:00:00+00:00,96.2,94.7,3.0,0.7081250000000001,83.0,gfz:kp_f107
2016-03-06 00:00:00+00:00,95.5,94.1,31.0,3.083375,78.0,gfz:kp_f107
2016-03-07 00:00:00+00:00,94.1,92.8,24.0,3.7085,79.0,gfz:kp_f107
2016-03-08 00:00:00+00:00,95.5,94.2,6.0,1.75,63.0,gfz:kp_f107
2016-03-09 00:00:00+00:00,97.4,96.0,6.0,1.625,91.0,gfz:kp_f107
2016-03-10 00:00:00+00:00,95.0,93.7,7.0,1.75,80.0,gfz:kp_f107
2016-03-11 00:00:00+00:00,94.2,93.0,19.0,3.08325,51.0,gfz:kp_f107
2016-03-12 00:00:00+00:00,95.0,93.9,11.0,2.25,70.0,gfz:kp_f107
2016-03-13 00:00:00+00:00,92.6,91.5,3.0,0.66675,57.0,gfz:kp_f107
2016-03-14 00:00:00+00:00,93.4,92.4,12.0,2.08325,70.0,gfz:kp_f107
2016-03-15 00:00:00+00:00,94.1,93.1,24.0,3.5415,59.0,gfz:kp_f107
2016-03-16 00:00:00+00:00,91.0,90.1,20.0,3.1251249999999997,79.0,gfz:kp_f107
2016-03-17 00:00:00+00:00,91.6,90.7,22.0,3.5001249999999997,72.0,gfz:kp_f107
2016-03-18 00:00:00+00:00,90.3,89.5,7.0,1.95825,47.0,gfz:kp_f107
2016-03-19 00:00:00+00:00,89.4,88.6,14.0,2.79175,37.0,gfz:kp_f107
2016-03-20 00:00:00+00:00,87.6,86.9,10.0,2.16675,36.0,gfz:kp_f107
2016-03-21 00:00:00+00:00,88.9,88.2,6.0,1.66675,33.0,gfz:kp_f107
2016-03-22 00:00:00+00:00,87.3,86.7,6.0,1.4165,20.0,gfz:kp_f107
2016-03-23 00:00:00+00:00,86.8,86.2,10.0,2.1251249999999997,21.0,gfz:kp_f107
2016-03-24 00:00:00+00:00,86.5,86.0,6.0,1.458375,35.0,gfz:kp_f107
2016-03-25 00:00:00+00:00,85.5,85.1,5.0,1.166625,34.0,gfz:kp_f107
2016-03-26 00:00:00+00:00,85.5,85.1,2.0,0.41675,32.0,gfz:kp_f107
2016-03-27 00:00:00+00:00,88.2,87.9,11.0,2.541625,32.0,gfz:kp_f107
2016-03-28 00:00:00+00:00,87.7,87.4,9.0,1.9585,30.0,gfz:kp_f107
2016-03-29 00:00:00+00:00,87.8,87.5,11.0,2.45825,20.0,gfz:kp_f107
2016-03-30 00:00:00+00:00,83.8,83.6,11.0,2.4165,17.0,gfz:kp_f107
2016-03-31 00:00:00+00:00,81.7,81.6,6.0,1.375,16.0,gfz:kp_f107
2016-04-01 00:00:00+00:00,82.1,82.0,2.0,0.45825000000000005,12.0,gfz:kp_f107
2016-04-02 00:00:00+00:00,81.5,81.5,19.0,2.45825,12.0,gfz:kp_f107
2016-04-03 00:00:00+00:00,82.3,82.3,14.0,2.6251249999999997,12.0,gfz:kp_f107
2016-04-04 00:00:00+00:00,83.4,83.5,6.0,1.375,40.0,gfz:kp_f107
2016-04-05 00:00:00+00:00,83.4,83.5,5.0,1.291625,33.0,gfz:kp_f107
2016-04-06 00:00:00+00:00,87.1,87.2,6.0,1.541625,20.0,gfz:kp_f107
2016-04-07 00:00:00+00:00,92.3,92.5,17.0,2.333375,18.0,gfz:kp_f107
2016-04-08 00:00:00+00:00,98.3,98.6,8.0,1.333375,26.0,gfz:kp_f107
2016-04-09 00:00:00+00:00,105.5,105.9,2.0,0.33325000000000005,25.0,gfz:kp_f107
2016-04-10 00:00:00+00:00,110.6,111.1,6.0,1.54175,34.0,gfz:kp_f107
2016-04-11 00:00:00+00:00,116.6,117.2,4.0,1.000125,43.0,gfz:kp_f107
2016-04-12 00:00:00+00:00,111.3,111.9,18.0,3.041625,37.0,gfz:kp_f107
2016-04-13 00:00:00+00:00,108.2,108.8,25.0,3.7917500000000004,48.0,gfz:kp_f107
2016-04-14 00:00:00+00:00,111.1,111.8,22.0,3.5415,46.0,gfz:kp_f107
2016-04-15 00:00:00+00:00,112.4,113.2,8.0,1.666625,33.0,gfz:kp_f107
2016-04-16 00:00:00+00:00,113.2,114.0,11.0,2.166625,42.0,gfz:kp_f107
2016-04-17 00:00:00+00:00,102.1,102.9,18.0,3.16675,36.0,gfz:kp_f107
2016-04-18 00:00:00+00:00,94.6,95.4,4.0,1.083375,31.0,gfz:kp_f107
2016-04-19 00:00:00+00:00,89.1,89.9,2.0,0.333125,28.0,gfz:kp_f107
2016-04-20 00:00:00+00:00,83.2,84.0,3.0,0.70825,25.0,gfz:kp_f107
2016-04-21 00:00:00+00:00,76.8,77.5,4.0,1.041625,26.0,gfz:kp_f107
2016-04-22 00:00:00+00:00,76.6,77.5,12.0,2.458375,21.0,gfz:kp_f107
2016-04-23 00:00:00+00:00,78.7,79.6,11.0,2.208375,13.0,gfz:kp_f107
2016-04-24 00:00:00+00:00,81.8,82.8,11.0,2.166625,37.0,gfz:kp_f107
2016-04-25 00:00:00+00:00,81.9,82.9,4.0,1.208375,45.0,gfz:kp_f107
2016-04-26 00:00:00+00:00,85.2,86.3,5.0,1.3335,57.0,gfz:kp_f107
2016-04-27 00:00:00+00:00,92.6,93.8,9.0,2.166625,76.0,gfz:kp_f107
2016-04-28 00:00:00+00:00,94.9,96.3,4.0,0.916625,90.0,gfz:kp_f107
2016-04-29 00:00:00+00:00,92.4,93.8,2.0,0.541625,82.0,gfz:kp_f107
2016-04-30 00:00:00+00:00,94.0,95.4,7.0,1.708125,89.0,gfz:kp_f107
2016-05-01 00:00:00+00:00,92.2,93.6,14.0,2.83325,87.0,gfz:kp_f107
2016-05-02 00:00:00+00:00,89.8,91.3,30.0,3.7501249999999997,83.0,gfz:kp_f107
2016-05-03 00:00:00+00:00,90.0,91.5,10.0,2.20825,73.0,gfz:kp_f107
2016-05-04 00:00:00+00:00,90.1,91.6,3.0,0.833375,71.0,gfz:kp_f107
2016-05-05 00:00:00+00:00,87.1,88.7,6.0,1.541625,60.0,gfz:kp_f107
2016-05-06 00:00:00+00:00,89.6,91.2,15.0,2.79175,57.0,gfz:kp_f107
2016-05-07 00:00:00+00:00,88.0,89.7,9.0,1.958375,34.0,gfz:kp_f107
2016-05-08 00:00:00+00:00,84.0,85.6,70.0,5.708375,44.0,gfz:kp_f107
2016-05-09 00:00:00+00:00,88.5,90.2,30.0,3.833375,52.0,gfz:kp_f107
2016-05-10 00:00:00+00:00,88.7,90.5,13.0,2.7498750000000003,76.0,gfz:kp_f107
2016-05-11 00:00:00+00:00,93.9,95.8,5.0,1.249875,79.0,gfz:kp_f107
2016-05-12 00:00:00+00:00,92.0,93.9,3.0,0.7501249999999999,83.0,gfz:kp_f107
2016-05-13 00:00:00+00:00,93.4,95.4,6.0,1.583375,78.0,gfz:kp_f107
2016-05-14 00:00:00+00:00,101.2,103.4,9.0,2.08325,88.0,gfz:kp_f107
2016-05-15 00:00:00+00:00,108.4,110.8,13.0,2.583375,87.0,gfz:kp_f107
2016-05-16 00:00:00+00:00,102.0,104.3,12.0,2.5415,55.0,gfz:kp_f107
2016-05-17 00:00:00+00:00,103.2,105.6,12.0,2.708375,38.0,gfz:kp_f107
2016-05-18 00:00:00+00:00,102.3,104.7,7.0,1.708375,30.0,gfz:kp_f107
2016-05-19 00:00:00+00:00,98.8,101.2,7.0,1.708375,43.0,gfz:kp_f107
2016-05-20 00:00:00+00:00,99.5,102.0,5.0,1.374875,46.0,gfz:kp_f107
2016-05-21 00:00:00+00:00,97.8,100.2,15.0,2.791625,18.0,gfz:kp_f107
2016-05-22 00:00:00+00:00,97.4,99.8,6.0,1.583375,28.0,gfz:kp_f107
2016-05-23 00:00:00+00:00,97.4,99.8,3.0,0.791625,16.0,gfz:kp_f107
2016-05-24 00:00:00+00:00,94.3,96.7,4.0,1.08325,25.0,gfz:kp_f107
2016-05-25 00:00:00+00:00,93.6,96.1,2.0,0.49987499999999996,35.0,gfz:kp_f107
2016-05-26 00:00:00+00:00,91.7,94.2,2.0,0.5415000000000001,34.0,gfz:kp_f107
2016-05-27 00:00:00+00:00,90.4,92.8,9.0,2.20825,34.0,gfz:kp_f107
2016-05-28 00:00:00+00:00,87.7,90.1,13.0,2.7498750000000003,33.0,gfz:kp_f107
2016-05-29 00:00:00+00:00,83.0,85.3,6.0,1.625,33.0,gfz:kp_f107
2016-05-30 00:00:00+00:00,86.2,88.7,11.0,2.291625,41.0,gfz:kp_f107
2016-05-31 00:00:00+00:00,86.6,89.0,10.0,2.166625,36.0,gfz:kp_f107
2016-06-01 00:00:00+00:00,86.0,88.4,5.0,1.291625,41.0,gfz:kp_f107
2016-06-02 00:00:00+00:00,85.2,87.7,3.0,0.541625,14.0,gfz:kp_f107
2016-06-03 00:00:00+00:00,83.2,85.7,2.0,0.4165,0.0,gfz:kp_f107
2016-06-04 00:00:00+00:00,80.0,82.4,3.0,0.6665,10.0,gfz:kp_f107
2016-06-05 00:00:00+00:00,79.1,81.5,29.0,3.625,0.0,gfz:kp_f107
2016-06-06 00:00:00+00:00,78.5,80.8,23.0,3.4583749999999998,0.0,gfz:kp_f107
2016-06-07 00:00:00+00:00,78.5,80.8,8.0,2.0,12.0,gfz:kp_f107
2016-06-08 00:00:00+00:00,80.1,82.6,5.0,1.333375,14.0,gfz:kp_f107
2016-06-09 00:00:00+00:00,85.2,87.8,3.0,0.75,19.0,gfz:kp_f107
2016-06-10 00:00:00+00:00,84.9,87.5,6.0,1.3331250000000001,33.0,gfz:kp_f107
2016-06-11 00:00:00+00:00,88.2,90.9,9.0,2.08325,44.0,gfz:kp_f107
2016-06-12 00:00:00+00:00,94.1,97.1,10.0,2.29175,42.0,gfz:kp_f107
2016-06-13 00:00:00+00:00,91.0,93.9,8.0,1.8335,38.0,gfz:kp_f107
2016-06-14 00:00:00+00:00,87.6,90.4,21.0,2.79175,38.0,gfz:kp_f107
2016-06-15 00:00:00+00:00,87.3,90.1,11.0,2.291625,40.0,gfz:kp_f107
2016-06-16 00:00:00+00:00,88.2,91.0,6.0,1.6665,28.0,gfz:kp_f107
2016-06-17 00:00:00+00:00,86.6,89.4,7.0,1.833375,39.0,gfz:kp_f107
2016-06-18 00:00:00+00:00,83.6,86.3,7.0,1.95825,47.0,gfz:kp_f107
2016-06-19 00:00:00+00:00,85.2,87.9,4.0,1.125125,50.0,gfz:kp_f107
2016-06-20 00:00:00+00:00,84.3,87.1,4.0,0.875,36.0,gfz:kp_f107
2016-06-21 00:00:00+00:00,80.2,82.9,3.0,0.6251249999999999,24.0,gfz:kp_f107
2016-06-22 00:00:00+00:00,78.3,80.9,12.0,2.083375,23.0,gfz:kp_f107
2016-06-23 00:00:00+00:00,77.5,80.0,10.0,2.0835,12.0,gfz:kp_f107
2016-06-24 00:00:00+00:00,75.7,78.2,12.0,2.625,12.0,gfz:kp_f107
2016-06-25 00:00:00+00:00,77.1,79.6,7.0,1.7085,0.0,gfz:kp_f107
2016-06-26 00:00:00+00:00,76.6,79.2,10.0,2.208375,0.0,gfz:kp_f107
2016-06-27 00:00:00+00:00,75.4,78.0,8.0,1.791625,0.0,gfz:kp_f107
2016-06-28 00:00:00+00:00,73.1,75.5,5.0,1.4165,0.0,gfz:kp_f107
2016-06-29 00:00:00+00:00,73.6,76.0,4.0,1.041875,0.0,gfz:kp_f107
2016-06-30 00:00:00+00:00,72.9,75.4,6.0,1.25,0.0,gfz:kp_f107
2016-07-01 00:00:00+00:00,72.0,74.4,6.0,1.499875,0.0,gfz:kp_f107
2016-07-02 00:00:00+00:00,70.9,73.3,7.0,1.500125,11.0,gfz:kp_f107
2016-07-03 00:00:00+00:00,72.3,74.8,8.0,1.916625,19.0,gfz:kp_f107
2016-07-04 00:00:00+00:00,73.8,76.3,5.0,1.333375,0.0,gfz:kp_f107
2016-07-05 00:00:00+00:00,72.4,74.9,3.0,0.666625,13.0,gfz:kp_f107
2016-07-06 00:00:00+00:00,77.1,79.7,4.0,0.875,13.0,gfz:kp_f107
2016-07-07 00:00:00+00:00,83.3,86.1,21.0,3.41675,25.0,gfz:kp_f107
2016-07-08 00:00:00+00:00,87.1,90.0,19.0,3.33325,41.0,gfz:kp_f107
2016-07-09 00:00:00+00:00,92.2,95.3,12.0,2.6665,56.0,gfz:kp_f107
2016-07-10 00:00:00+00:00,94.4,97.6,9.0,2.208375,50.0,gfz:kp_f107
2016-07-11 00:00:00+00:00,94.7,97.8,10.0,2.333375,62.0,gfz:kp_f107
2016-07-12 00:00:00+00:00,92.4,95.5,18.0,3.166625,59.0,gfz:kp_f107
2016-07-13 00:00:00+00:00,96.8,100.0,7.0,1.833375,53.0,gfz:kp_f107
2016-07-14 00:00:00+00:00,95.1,98.2,11.0,2.333375,58.0,gfz:kp_f107
2016-07-15 00:00:00+00:00,102.1,105.4,10.0,2.3751249999999997,69.0,gfz:kp_f107
2016-07-16 00:00:00+00:00,106.6,110.1,7.0,1.70825,60.0,gfz:kp_f107
2016-07-17 00:00:00+00:00,105.2,108.6,5.0,1.2915,39.0,gfz:kp_f107
2016-07-18 00:00:00+00:00,107.1,110.6,3.0,0.666625,64.0,gfz:kp_f107
2016-07-19 00:00:00+00:00,100.8,104.1,8.0,1.16675,59.0,gfz:kp_f107
2016-07-20 00:00:00+00:00,108.0,111.5,19.0,3.0,56.0,gfz:kp_f107
2016-07-21 00:00:00+00:00,100.1,103.3,5.0,1.25,52.0,gfz:kp_f107
2016-07-22 00:00:00+00:00,90.4,93.3,7.0,1.83325,39.0,gfz:kp_f107
2016-07-23 00:00:00+00:00,86.2,88.9,7.0,1.625,27.0,gfz:kp_f107
2016-07-24 00:00:00+00:00,82.2,84.8,14.0,2.3335,13.0,gfz:kp_f107
2016-07-25 00:00:00+00:00,73.6,75.9,18.0,3.208375,0.0,gfz:kp_f107
2016-07-26 00:00:00+00:00,73.5,75.9,4.0,0.916625,0.0,gfz:kp_f107
2016-07-27 00:00:00+00:00,71.6,73.8,2.0,0.541625,0.0,gfz:kp_f107
2016-07-28 00:00:00+00:00,70.3,72.5,14.0,2.791625,13.0,gfz:kp_f107
2016-07-29 00:00:00+00:00,70.5,72.6,13.0,2.75,15.0,gfz:kp_f107
2016-07-30 00:00:00+00:00,71.0,73.1,5.0,1.208375,21.0,gfz:kp_f107
2016-07-31 00:00:00+00:00,71.5,73.7,3.0,0.666625,16.0,gfz:kp_f107
2016-08-01 00:00:00+00:00,71.9,74.1,2.0,0.58325,12.0,gfz:kp_f107
2016-08-02 00:00:00+00:00,74.9,77.1,17.0,2.6665,12.0,gfz:kp_f107
2016-08-03 00:00:00+00:00,74.8,77.0,32.0,4.16675,0.0,gfz:kp_f107
2016-08-04 00:00:00+00:00,76.3,78.5,16.0,3.0001249999999997,16.0,gfz:kp_f107
2016-08-05 00:00:00+00:00,79.8,82.1,16.0,2.958375,38.0,gfz:kp_f107
2016-08-06 00:00:00+00:00,83.1,85.5,12.0,2.66675,39.0,gfz:kp_f107
2016-08-07 00:00:00+00:00,92.7,95.3,12.0,2.333375,51.0,gfz:kp_f107
2016-08-08 00:00:00+00:00,96.4,99.0,10.0,2.2501249999999997,81.0,gfz:kp_f107
2016-08-09 00:00:00+00:00,92.3,94.9,12.0,2.5,72.0,gfz:kp_f107
2016-08-10 00:00:00+00:00,95.0,97.6,15.0,3.0,77.0,gfz:kp_f107
2016-08-11 00:00:00+00:00,94.7,97.2,8.0,1.875,79.0,gfz:kp_f107
2016-08-12 00:00:00+00:00,94.8,97.3,10.0,2.125,71.0,gfz:kp_f107
2016-08-13 00:00:00+00:00,90.5,92.9,4.0,1.125,58.0,gfz:kp_f107
2016-08-14 00:00:00+00:00,87.2,89.4,3.0,0.791625,59.0,gfz:kp_f107
2016-08-15 00:00:00+00:00,87.6,89.8,3.0,0.666625,63.0,gfz:kp_f107
2016-08-16 00:00:00+00:00,86.5,88.7,5.0,1.083375,80.0,gfz:kp_f107
2016-08-17 00:00:00+00:00,82.9,84.9,8.0,1.75,58.0,gfz:kp_f107
2016-08-18 00:00:00+00:00,82.4,84.4,6.0,1.4585,49.0,gfz:kp_f107
2016-08-19 00:00:00+00:00,80.8,82.7,4.0,0.8748750000000001,47.0,gfz:kp_f107
2016-08-20 00:00:00+00:00,78.1,80.0,3.0,0.7498750000000001,16.0,gfz:kp_f107
2016-08-21 00:00:00+00:00,76.7,78.4,8.0,1.583375,14.0,gfz:kp_f107
2016-08-22 00:00:00+00:00,80.0,81.8,4.0,0.916625,28.0,gfz:kp_f107
2016-08-23 00:00:00+00:00,81.3,83.1,18.0,2.7498750000000003,48.0,gfz:kp_f107
2016-08-24 00:00:00+00:00,78.0,79.7,19.0,3.04175,49.0,gfz:kp_f107
2016-08-25 00:00:00+00:00,78.7,80.3,10.0,2.375,48.0,gfz:kp_f107
2016-08-26 00:00:00+00:00,81.9,83.6,6.0,1.4585,49.0,gfz:kp_f107
2016-08-27 00:00:00+00:00,83.9,85.6,4.0,1.125125,58.0,gfz:kp_f107
2016-08-28 00:00:00+00:00,85.4,87.1,2.0,0.458125,64.0,gfz:kp_f107
2016-08-29 00:00:00+00:00,87.8,89.5,6.0,1.416625,68.0,gfz:kp_f107
2016-08-30 00:00:00+00:00,100.4,102.3,17.0,3.0,74.0,gfz:kp_f107
2016-08-31 00:00:00+00:00,97.5,99.3,6.0,1.333625,77.0,gfz:kp_f107
2016-09-01 00:00:00+00:00,95.2,96.9,28.0,3.958375,78.0,gfz:kp_f107
2016-09-02 00:00:00+00:00,94.6,96.3,37.0,4.25,67.0,gfz:kp_f107
2016-09-03 00:00:00+00:00,99.0,100.7,36.0,4.458375,65.0,gfz:kp_f107
2016-09-04 00:00:00+00:00,97.4,99.0,25.0,3.875,49.0,gfz:kp_f107
2016-09-05 00:00:00+00:00,93.8,95.3,17.0,3.0415,31.0,gfz:kp_f107
2016-09-06 00:00:00+00:00,92.4,93.9,13.0,2.791625,43.0,gfz:kp_f107
2016-09-07 00:00:00+00:00,93.0,94.4,12.0,2.4165,57.0,gfz:kp_f107
2016-09-08 00:00:00+00:00,94.5,95.9,12.0,2.541625,53.0,gfz:kp_f107
2016-09-09 00:00:00+00:00,91.0,92.3,3.0,0.8333750000000001,79.0,gfz:kp_f107
2016-09-10 00:00:00+00:00,93.0,94.3,3.0,0.791625,78.0,gfz:kp_f107
2016-09-11 00:00:00+00:00,86.4,87.5,3.0,0.7501249999999999,67.0,gfz:kp_f107
2016-09-12 00:00:00+00:00,86.5,87.5,4.0,1.125125,59.0,gfz:kp_f107
2016-09-13 00:00:00+00:00,86.0,87.0,4.0,1.0001250000000002,39.0,gfz:kp_f107
2016-09-14 00:00:00+00:00,85.2,86.2,8.0,1.874875,28.0,gfz:kp_f107
2016-09-15 00:00:00+00:00,84.4,85.3,6.0,1.375125,15.0,gfz:kp_f107
2016-09-16 00:00:00+00:00,83.7,84.5,2.0,0.5,13.0,gfz:kp_f107
2016-09-17 00:00:00+00:00,80.3,81.0,3.0,0.624875,14.0,gfz:kp_f107
2016-09-18 00:00:00+00:00,83.0,83.8,6.0,1.624875,38.0,gfz:kp_f107
2016-09-19 00:00:00+00:00,82.6,83.3,8.0,1.999875,63.0,gfz:kp_f107
2016-09-20 00:00:00+00:00,84.5,85.2,18.0,3.16675,53.0,gfz:kp_f107
2016-09-21 00:00:00+00:00,85.5,86.1,8.0,1.75,55.0,gfz:kp_f107
2016-09-22 00:00:00+00:00,85.1,85.7,3.0,0.7501249999999999,36.0,gfz:kp_f107
2016-09-23 00:00:00+00:00,85.5,86.1,3.0,0.666625,60.0,gfz:kp_f107
2016-09-24 00:00:00+00:00,84.9,85.4,4.0,0.916625,55.0,gfz:kp_f107
2016-09-25 00:00:00+00:00,84.6,85.1,22.0,3.416625,30.0,gfz:kp_f107
2016-09-26 00:00:00+00:00,86.8,87.2,20.0,3.416625,29.0,gfz:kp_f107
2016-09-27 00:00:00+00:00,85.6,85.9,35.0,4.29175,26.0,gfz:kp_f107
2016-09-28 00:00:00+00:00,84.4,84.8,36.0,4.416625,30.0,gfz:kp_f107
2016-09-29 00:00:00+00:00,82.7,83.0,36.0,4.375,17.0,gfz:kp_f107
2016-09-30 00:00:00+00:00,80.6,80.8,20.0,3.33325,12.0,gfz:kp_f107
2016-10-01 00:00:00+00:00,81.0,81.2,17.0,3.125,0.0,gfz:kp_f107
2016-10-02 00:00:00+00:00,82.3,82.4,16.0,3.0415,15.0,gfz:kp_f107
2016-10-03 00:00:00+00:00,87.8,87.9,13.0,2.666625,35.0,gfz:kp_f107
2016-10-04 00:00:00+00:00,93.1,93.1,23.0,3.541625,40.0,gfz:kp_f107
2016-10-05 00:00:00+00:00,99.3,99.3,11.0,2.4998750000000003,41.0,gfz:kp_f107
2016-10-06 00:00:00+00:00,101.5,101.4,5.0,1.291625,56.0,gfz:kp_f107
2016-10-07 00:00:00+00:00,104.2,104.0,5.0,1.3335,60.0,gfz:kp_f107
2016-10-08 00:00:00+00:00,104.3,104.1,7.0,1.791625,63.0,gfz:kp_f107
2016-10-09 00:00:00+00:00,104.5,104.2,5.0,1.25,68.0,gfz:kp_f107
2016-10-10 00:00:00+00:00,102.0,101.6,10.0,2.083375,66.0,gfz:kp_f107
2016-10-11 00:00:00+00:00,99.2,98.8,2.0,0.375,63.0,gfz:kp_f107
2016-10-12 00:00:00+00:00,97.6,97.2,5.0,1.0,41.0,gfz:kp_f107
2016-10-13 00:00:00+00:00,95.3,94.8,46.0,4.58325,42.0,gfz:kp_f107
2016-10-14 00:00:00+00:00,92.8,92.3,22.0,2.8336249999999996,41.0,gfz:kp_f107
2016-10-15 00:00:00+00:00,84.9,84.4,10.0,2.333375,38.0,gfz:kp_f107
2016-10-16 00:00:00+00:00,80.9,80.4,17.0,2.958375,29.0,gfz:kp_f107
2016-10-17 00:00:00+00:00,76.2,75.6,20.0,3.45825,27.0,gfz:kp_f107
2016-10-18 00:00:00+00:00,77.4,76.8,9.0,2.08325,29.0,gfz:kp_f107
2016-10-19 00:00:00+00:00,76.5,75.8,6.0,1.416625,28.0,gfz:kp_f107
2016-10-20 00:00:00+00:00,74.7,74.0,2.0,0.458125,16.0,gfz:kp_f107
2016-10-21 00:00:00+00:00,77.8,77.1,1.0,0.166625,28.0,gfz:kp_f107
2016-10-22 00:00:00+00:00,77.5,76.7,5.0,1.208375,27.0,gfz:kp_f107
2016-10-23 00:00:00+00:00,76.9,76.0,8.0,2.0,15.0,gfz:kp_f107
2016-10-24 00:00:00+00:00,75.3,74.5,16.0,3.041875,15.0,gfz:kp_f107
2016-10-25 00:00:00+00:00,77.8,76.9,57.0,5.124750000000001,17.0,gfz:kp_f107
2016-10-26 00:00:00+00:00,78.0,77.1,44.0,4.750249999999999,25.0,gfz:kp_f107
2016-10-27 00:00:00+00:00,78.9,77.8,26.0,3.875,25.0,gfz:kp_f107
2016-10-28 00:00:00+00:00,79.2,78.2,16.0,3.083375,37.0,gfz:kp_f107
2016-10-29 00:00:00+00:00,79.1,78.0,27.0,3.666625,23.0,gfz:kp_f107
2016-10-30 00:00:00+00:00,76.2,75.1,16.0,3.08325,13.0,gfz:kp_f107
2016-10-31 00:00:00+00:00,76.7,75.5,8.0,2.0,13.0,gfz:kp_f107
2016-11-01 00:00:00+00:00,76.5,75.4,10.0,2.41675,12.0,gfz:kp_f107
2016-11-02 00:00:00+00:00,76.0,74.8,14.0,2.66675,0.0,gfz:kp_f107
2016-11-03 00:00:00+00:00,75.6,74.4,16.0,3.0835,27.0,gfz:kp_f107
2016-11-04 00:00:00+00:00,76.7,75.4,4.0,0.91675,25.0,gfz:kp_f107
2016-11-05 00:00:00+00:00,76.7,75.3,2.0,0.375,25.0,gfz:kp_f107
2016-11-06 00:00:00+00:00,76.2,74.9,4.0,1.08325,22.0,gfz:kp_f107
2016-11-07 00:00:00+00:00,76.5,75.1,3.0,0.7501249999999999,11.0,gfz:kp_f107
2016-11-08 00:00:00+00:00,76.9,75.4,2.0,0.416625,0.0,gfz:kp_f107
2016-11-09 00:00:00+00:00,79.9,78.3,6.0,1.500125,14.0,gfz:kp_f107
2016-11-10 00:00:00+00:00,80.2,78.6,14.0,2.708375,24.0,gfz:kp_f107
2016-11-11 00:00:00+00:00,78.4,76.8,11.0,2.375,26.0,gfz:kp_f107
2016-11-12 00:00:00+00:00,78.4,76.8,18.0,3.25,12.0,gfz:kp_f107
2016-11-13 00:00:00+00:00,77.8,76.2,21.0,3.54175,36.0,gfz:kp_f107
2016-11-14 00:00:00+00:00,77.3,75.6,10.0,2.33325,31.0,gfz:kp_f107
2016-11-15 00:00:00+00:00,76.5,74.9,7.0,1.6665,27.0,gfz:kp_f107
2016-11-16 00:00:00+00:00,80.9,79.1,4.0,0.91675,27.0,gfz:kp_f107
2016-11-17 00:00:00+00:00,78.6,76.8,3.0,0.62475,29.0,gfz:kp_f107
2016-11-18 00:00:00+00:00,77.6,75.8,2.0,0.49987499999999996,28.0,gfz:kp_f107
2016-11-19 00:00:00+00:00,76.8,74.9,1.0,0.25,24.0,gfz:kp_f107
2016-11-20 00:00:00+00:00,76.4,74.6,2.0,0.5,13.0,gfz:kp_f107
2016-11-21 00:00:00+00:00,75.0,73.1,5.0,1.3333750000000002,0.0,gfz:kp_f107
2016-11-22 00:00:00+00:00,77.3,75.4,11.0,2.166625,0.0,gfz:kp_f107
2016-11-23 00:00:00+00:00,77.7,75.7,11.0,2.2501249999999997,11.0,gfz:kp_f107
2016-11-24 00:00:00+00:00,79.0,77.0,20.0,3.41675,12.0,gfz:kp_f107
2016-11-25 00:00:00+00:00,80.9,78.8,30.0,3.9582499999999996,13.0,gfz:kp_f107
2016-11-26 00:00:00+00:00,81.2,79.1,11.0,2.5,25.0,gfz:kp_f107
2016-11-27 00:00:00+00:00,82.6,80.4,8.0,2.041625,30.0,gfz:kp_f107
2016-11-28 00:00:00+00:00,85.2,82.9,7.0,1.875,41.0,gfz:kp_f107
2016-11-29 00:00:00+00:00,85.5,83.1,5.0,1.208375,46.0,gfz:kp_f107
2016-11-30 00:00:00+00:00,83.6,81.3,3.0,0.6248750000000001,51.0,gfz:kp_f107
2016-12-01 00:00:00+00:00,84.5,82.1,2.0,0.5,55.0,gfz:kp_f107
2016-12-02 00:00:00+00:00,84.4,82.0,4.0,0.833375,61.0,gfz:kp_f107
2016-12-03 00:00:00+00:00,84.7,82.2,2.0,0.33325000000000005,56.0,gfz:kp_f107
2016-12-04 00:00:00+00:00,82.4,80.0,1.0,0.166625,38.0,gfz:kp_f107
2016-12-05 00:00:00+00:00,82.7,80.3,4.0,0.875,34.0,gfz:kp_f107
2016-12-06 00:00:00+00:00,79.8,77.4,7.0,1.5831250000000001,31.0,gfz:kp_f107
2016-12-07 00:00:00+00:00,77.2,74.9,9.0,2.0835,19.0,gfz:kp_f107
2016-12-08 00:00:00+00:00,74.8,72.6,21.0,3.458375,14.0,gfz:kp_f107
2016-12-09 00:00:00+00:00,72.9,70.7,24.0,3.6251249999999997,20.0,gfz:kp_f107
2016-12-10 00:00:00+00:00,72.2,70.0,15.0,3.0,0.0,gfz:kp_f107
2016-12-11 00:00:00+00:00,71.4,69.2,14.0,2.791625,0.0,gfz:kp_f107
2016-12-12 00:00:00+00:00,70.8,68.6,5.0,1.249875,12.0,gfz:kp_f107
2016-12-13 00:00:00+00:00,71.2,69.0,4.0,0.875,14.0,gfz:kp_f107
2016-12-14 00:00:00+00:00,72.4,70.1,4.0,0.875,23.0,gfz:kp_f107
2016-12-15 00:00:00+00:00,72.5,70.2,2.0,0.416625,12.0,gfz:kp_f107
2016-12-16 00:00:00+00:00,72.6,70.3,1.0,0.291625,0.0,gfz:kp_f107
2016-12-17 00:00:00+00:00,72.1,69.8,5.0,1.124875,13.0,gfz:kp_f107
2016-12-18 00:00:00+00:00,72.3,70.0,8.0,1.875,27.0,gfz:kp_f107
2016-12-19 00:00:00+00:00,72.8,70.5,5.0,1.208375,15.0,gfz:kp_f107
2016-12-20 00:00:00+00:00,74.9,72.5,5.0,1.333375,22.0,gfz:kp_f107
2016-12-21 00:00:00+00:00,75.0,72.6,23.0,3.2082499999999996,30.0,gfz:kp_f107
2016-12-22 00:00:00+00:00,74.8,72.4,22.0,3.5,16.0,gfz:kp_f107
2016-12-23 00:00:00+00:00,73.7,71.3,19.0,3.375,0.0,gfz:kp_f107
2016-12-24 00:00:00+00:00,73.1,70.7,12.0,2.625,0.0,gfz:kp_f107
2016-12-25 00:00:00+00:00,72.5,70.1,20.0,3.375,0.0,gfz:kp_f107
2016-12-26 00:00:00+00:00,73.8,71.4,20.0,3.458375,0.0,gfz:kp_f107
2016-12-27 00:00:00+00:00,73.7,71.3,11.0,2.416625,16.0,gfz:kp_f107
2016-12-28 00:00:00+00:00,73.3,70.9,5.0,1.25,12.0,gfz:kp_f107
2016-12-29 00:00:00+00:00,73.4,70.9,4.0,1.0415,11.0,gfz:kp_f107
2016-12-30 00:00:00+00:00,73.6,71.2,2.0,0.541625,11.0,gfz:kp_f107
2016-12-31 00:00:00+00:00,73.5,71.1,12.0,2.541625,11.0,gfz:kp_f107
2017-01-01 00:00:00+00:00,72.5,70.1,12.0,2.625,12.0,gfz:kp_f107
2017-01-02 00:00:00+00:00,73.0,70.6,6.0,1.5,12.0,gfz:kp_f107
2017-01-03 00:00:00+00:00,73.4,71.0,11.0,2.3335,11.0,gfz:kp_f107
2017-01-04 00:00:00+00:00,72.4,70.0,10.0,2.20825,0.0,gfz:kp_f107
2017-01-05 00:00:00+00:00,73.3,70.9,17.0,3.125,0.0,gfz:kp_f107
2017-01-06 00:00:00+00:00,72.0,69.6,14.0,2.916875,0.0,gfz:kp_f107
2017-01-07 00:00:00+00:00,72.0,69.7,20.0,3.416625,0.0,gfz:kp_f107
2017-01-08 00:00:00+00:00,71.5,69.2,16.0,3.083375,0.0,gfz:kp_f107
2017-01-09 00:00:00+00:00,71.2,68.9,11.0,2.458125,0.0,gfz:kp_f107
2017-01-10 00:00:00+00:00,72.7,70.3,10.0,2.1251249999999997,0.0,gfz:kp_f107
2017-01-11 00:00:00+00:00,74.5,72.0,7.0,1.791625,0.0,gfz:kp_f107
2017-01-12 00:00:00+00:00,75.5,73.0,4.0,0.95825,11.0,gfz:kp_f107
2017-01-13 00:00:00+00:00,74.9,72.4,4.0,0.875,26.0,gfz:kp_f107
2017-01-14 00:00:00+00:00,76.6,74.1,4.0,0.91675,31.0,gfz:kp_f107
2017-01-15 00:00:00+00:00,77.5,75.0,4.0,1.16675,30.0,gfz:kp_f107
2017-01-16 00:00:00+00:00,78.3,75.8,2.0,0.291625,25.0,gfz:kp_f107
2017-01-17 00:00:00+00:00,78.6,76.1,3.0,0.6248750000000001,30.0,gfz:kp_f107
2017-01-18 00:00:00+00:00,78.6,76.1,14.0,2.75,36.0,gfz:kp_f107
2017-01-19 00:00:00+00:00,79.5,77.0,10.0,2.2085,33.0,gfz:kp_f107
2017-01-20 00:00:00+00:00,83.2,80.6,10.0,2.2498750000000003,56.0,gfz:kp_f107
2017-01-21 00:00:00+00:00,86.1,83.4,10.0,2.2498750000000003,75.0,gfz:kp_f107
2017-01-22 00:00:00+00:00,86.8,84.0,9.0,2.208375,68.0,gfz:kp_f107
2017-01-23 00:00:00+00:00,84.1,81.5,4.0,1.000125,57.0,gfz:kp_f107
2017-01-24 00:00:00+00:00,82.3,79.7,2.0,0.583375,43.0,gfz:kp_f107
2017-01-25 00:00:00+00:00,85.1,82.5,5.0,1.083375,47.0,gfz:kp_f107
2017-01-26 00:00:00+00:00,83.1,80.6,11.0,2.1251249999999997,40.0,gfz:kp_f107
2017-01-27 00:00:00+00:00,80.3,77.9,20.0,3.291625,30.0,gfz:kp_f107
2017-01-28 00:00:00+00:00,78.5,76.1,9.0,1.958375,30.0,gfz:kp_f107
2017-01-29 00:00:00+00:00,76.6,74.4,6.0,1.666625,34.0,gfz:kp_f107
2017-01-30 00:00:00+00:00,77.0,74.7,6.0,1.45825,35.0,gfz:kp_f107
2017-01-31 00:00:00+00:00,76.0,73.8,22.0,3.5832499999999996,36.0,gfz:kp_f107
2017-02-01 00:00:00+00:00,76.0,73.9,28.0,3.9165,47.0,gfz:kp_f107
2017-02-02 00:00:00+00:00,75.3,73.1,21.0,3.54175,47.0,gfz:kp_f107
2017-02-03 00:00:00+00:00,75.1,73.0,18.0,3.2498750000000003,39.0,gfz:kp_f107
2017-02-04 00:00:00+00:00,74.0,71.9,10.0,2.33325,20.0,gfz:kp_f107
2017-02-05 00:00:00+00:00,72.6,70.6,15.0,2.91675,14.0,gfz:kp_f107
2017-02-06 00:00:00+00:00,72.5,70.5,12.0,2.6251249999999997,13.0,gfz:kp_f107
2017-02-07 00:00:00+00:00,72.1,70.1,7.0,1.833375,13.0,gfz:kp_f107
2017-02-08 00:00:00+00:00,73.1,71.1,4.0,1.04175,11.0,gfz:kp_f107
2017-02-09 00:00:00+00:00,73.4,71.5,6.0,1.70825,19.0,gfz:kp_f107
2017-02-10 00:00:00+00:00,74.0,72.1,7.0,1.8331250000000001,24.0,gfz:kp_f107
2017-02-11 00:00:00+00:00,75.7,73.8,4.0,0.79175,23.0,gfz:kp_f107
2017-02-12 00:00:00+00:00,76.2,74.3,3.0,0.6248750000000001,21.0,gfz:kp_f107
2017-02-13 00:00:00+00:00,74.8,73.0,5.0,1.249875,19.0,gfz:kp_f107
2017-02-14 00:00:00+00:00,74.5,72.7,1.0,0.208375,16.0,gfz:kp_f107
2017-02-15 00:00:00+00:00,74.8,73.0,2.0,0.5835,24.0,gfz:kp_f107
2017-02-16 00:00:00+00:00,74.0,72.2,8.0,1.95825,19.0,gfz:kp_f107
2017-02-17 00:00:00+00:00,74.6,72.8,19.0,3.25,14.0,gfz:kp_f107
2017-02-18 00:00:00+00:00,76.6,74.9,16.0,2.7915,13.0,gfz:kp_f107
2017-02-19 00:00:00+00:00,78.1,76.4,10.0,2.1248750000000003,27.0,gfz:kp_f107
2017-02-20 00:00:00+00:00,80.7,78.9,9.0,2.0,32.0,gfz:kp_f107
2017-02-21 00:00:00+00:00,82.5,80.7,4.0,1.0,27.0,gfz:kp_f107
2017-02-22 00:00:00+00:00,83.2,81.4,9.0,2.04175,29.0,gfz:kp_f107
2017-02-23 00:00:00+00:00,83.3,81.6,10.0,2.33325,24.0,gfz:kp_f107
2017-02-24 00:00:00+00:00,82.1,80.5,18.0,3.16675,27.0,gfz:kp_f107
2017-02-25 00:00:00+00:00,80.0,78.5,6.0,1.41675,32.0,gfz:kp_f107
2017-02-26 00:00:00+00:00,79.0,77.5,2.0,0.333375,38.0,gfz:kp_f107
2017-02-27 00:00:00+00:00,82.2,80.6,7.0,1.583375,50.0,gfz:kp_f107
2017-02-28 00:00:00+00:00,81.6,80.1,8.0,1.875,58.0,gfz:kp_f107
2017-03-01 00:00:00+00:00,80.8,79.3,35.0,4.25,59.0,gfz:kp_f107
2017-03-02 00:00:00+00:00,79.1,77.8,32.0,4.124874999999999,56.0,gfz:kp_f107
2017-03-03 00:00:00+00:00,78.0,76.7,18.0,3.125,39.0,gfz:kp_f107
2017-03-04 00:00:00+00:00,75.2,73.9,20.0,3.375,0.0,gfz:kp_f107
2017-03-05 00:00:00+00:00,72.8,71.6,18.0,3.16675,14.0,gfz:kp_f107
2017-03-06 00:00:00+00:00,72.4,71.3,23.0,3.5,0.0,gfz:kp_f107
2017-03-07 00:00:00+00:00,71.7,70.6,14.0,2.916625,0.0,gfz:kp_f107
2017-03-08 00:00:00+00:00,70.6,69.6,12.0,2.3335,0.0,gfz:kp_f107
2017-03-09 00:00:00+00:00,71.2,70.3,13.0,2.75,0.0,gfz:kp_f107
2017-03-10 00:00:00+00:00,71.0,70.0,10.0,2.1248750000000003,0.0,gfz:kp_f107
2017-03-11 00:00:00+00:00,70.0,69.1,5.0,1.083375,0.0,gfz:kp_f107
2017-03-12 00:00:00+00:00,70.1,69.2,8.0,1.66675,0.0,gfz:kp_f107
2017-03-13 00:00:00+00:00,70.3,69.5,2.0,0.5,0.0,gfz:kp_f107
2017-03-14 00:00:00+00:00,69.6,68.8,4.0,1.0,0.0,gfz:kp_f107
2017-03-15 00:00:00+00:00,69.8,69.1,6.0,1.41675,0.0,gfz:kp_f107
2017-03-16 00:00:00+00:00,70.5,69.7,4.0,1.08325,0.0,gfz:kp_f107
2017-03-17 00:00:00+00:00,70.5,69.9,2.0,0.583125,0.0,gfz:kp_f107
2017-03-18 00:00:00+00:00,70.2,69.6,2.0,0.375,0.0,gfz:kp_f107
2017-03-19 00:00:00+00:00,71.2,70.5,2.0,0.333375,0.0,gfz:kp_f107
2017-03-20 00:00:00+00:00,72.7,72.1,1.0,0.249875,0.0,gfz:kp_f107
2017-03-21 00:00:00+00:00,71.0,70.5,24.0,3.45825,13.0,gfz:kp_f107
2017-03-22 00:00:00+00:00,72.5,72.0,24.0,3.75,14.0,gfz:kp_f107
2017-03-23 00:00:00+00:00,72.0,71.5,9.0,1.91675,14.0,gfz:kp_f107
2017-03-24 00:00:00+00:00,72.3,71.9,5.0,1.333375,14.0,gfz:kp_f107
2017-03-25 00:00:00+00:00,74.0,73.7,3.0,0.666625,18.0,gfz:kp_f107
2017-03-26 00:00:00+00:00,77.2,76.8,3.0,0.75,31.0,gfz:kp_f107
2017-03-27 00:00:00+00:00,82.8,82.5,46.0,4.7082500000000005,52.0,gfz:kp_f107
2017-03-28 00:00:00+00:00,83.7,83.4,27.0,3.7915,57.0,gfz:kp_f107
2017-03-29 00:00:00+00:00,83.3,83.1,20.0,3.3748750000000003,52.0,gfz:kp_f107
2017-03-30 00:00:00+00:00,85.9,85.7,19.0,3.291625,49.0,gfz:kp_f107
2017-03-31 00:00:00+00:00,90.6,90.4,27.0,3.958375,66.0,gfz:kp_f107
2017-04-01 00:00:00+00:00,101.0,100.9,15.0,2.958375,71.0,gfz:kp_f107
2017-04-02 00:00:00+00:00,112.0,111.9,7.0,1.7915,83.0,gfz:kp_f107
2017-04-03 00:00:00+00:00,107.9,107.9,4.0,0.958375,100.0,gfz:kp_f107
2017-04-04 00:00:00+00:00,93.8,93.9,19.0,2.9585,76.0,gfz:kp_f107
2017-04-05 00:00:00+00:00,84.6,84.7,8.0,1.9165,50.0,gfz:kp_f107
2017-04-06 00:00:00+00:00,75.7,75.8,6.0,1.5415,36.0,gfz:kp_f107
2017-04-07 00:00:00+00:00,73.9,74.1,9.0,2.0001249999999997,23.0,gfz:kp_f107
2017-04-08 00:00:00+00:00,73.1,73.3,15.0,2.91675,0.0,gfz:kp_f107
2017-04-09 00:00:00+00:00,74.4,74.7,15.0,2.583375,12.0,gfz:kp_f107
2017-04-10 00:00:00+00:00,73.6,73.9,4.0,1.1247500000000001,14.0,gfz:kp_f107
2017-04-11 00:00:00+00:00,74.6,74.9,10.0,2.291625,14.0,gfz:kp_f107
2017-04-12 00:00:00+00:00,71.4,71.8,5.0,1.0415,22.0,gfz:kp_f107
2017-04-13 00:00:00+00:00,73.5,73.9,4.0,0.9165000000000001,25.0,gfz:kp_f107
2017-04-14 00:00:00+00:00,72.9,73.3,11.0,2.54175,19.0,gfz:kp_f107
2017-04-15 00:00:00+00:00,73.0,73.5,6.0,1.291625,0.0,gfz:kp_f107
2017-04-16 00:00:00+00:00,74.5,75.0,3.0,0.791625,0.0,gfz:kp_f107
2017-04-17 00:00:00+00:00,75.2,75.8,3.0,0.791625,0.0,gfz:kp_f107
2017-04-18 00:00:00+00:00,85.6,86.4,6.0,1.33325,23.0,gfz:kp_f107
2017-04-19 00:00:00+00:00,80.9,81.6,14.0,2.58325,15.0,gfz:kp_f107
2017-04-20 00:00:00+00:00,80.7,81.4,28.0,3.7917499999999995,28.0,gfz:kp_f107
2017-04-21 00:00:00+00:00,82.2,83.1,17.0,2.33325,40.0,gfz:kp_f107
2017-04-22 00:00:00+00:00,83.6,84.5,47.0,4.91675,30.0,gfz:kp_f107
2017-04-23 00:00:00+00:00,82.5,83.4,36.0,4.45825,43.0,gfz:kp_f107
2017-04-24 00:00:00+00:00,80.2,81.1,19.0,3.33325,46.0,gfz:kp_f107
2017-04-25 00:00:00+00:00,81.3,82.3,10.0,2.375,41.0,gfz:kp_f107
2017-04-26 00:00:00+00:00,79.6,80.6,8.0,2.0415,38.0,gfz:kp_f107
2017-04-27 00:00:00+00:00,78.2,79.3,6.0,1.541625,26.0,gfz:kp_f107
2017-04-28 00:00:00+00:00,78.0,79.1,5.0,1.291625,36.0,gfz:kp_f107
2017-04-29 00:00:00+00:00,77.0,78.2,5.0,1.458375,34.0,gfz:kp_f107
2017-04-30 00:00:00+00:00,77.4,78.6,5.0,1.29175,24.0,gfz:kp_f107
2017-05-01 00:00:00+00:00,75.3,76.4,4.0,1.124875,12.0,gfz:kp_f107
2017-05-02 00:00:00+00:00,77.2,78.4,4.0,0.916625,29.0,gfz:kp_f107
2017-05-03 00:00:00+00:00,74.9,76.2,3.0,0.666625,18.0,gfz:kp_f107
2017-05-04 00:00:00+00:00,74.2,75.4,5.0,1.166625,17.0,gfz:kp_f107
2017-05-05 00:00:00+00:00,73.5,74.8,4.0,0.8748750000000001,31.0,gfz:kp_f107
2017-05-06 00:00:00+00:00,72.8,74.1,4.0,1.04175,27.0,gfz:kp_f107
2017-05-07 00:00:00+00:00,71.7,73.0,8.0,1.91675,23.0,gfz:kp_f107
2017-05-08 00:00:00+00:00,70.5,71.8,5.0,1.333375,11.0,gfz:kp_f107
2017-05-09 00:00:00+00:00,68.9,70.2,5.0,1.33325,0.0,gfz:kp_f107
2017-05-10 00:00:00+00:00,68.6,69.9,5.0,1.250125,0.0,gfz:kp_f107
2017-05-11 00:00:00+00:00,69.1,70.5,6.0,1.375125,11.0,gfz:kp_f107
2017-05-12 00:00:00+00:00,68.9,70.4,7.0,1.70825,15.0,gfz:kp_f107
2017-05-13 00:00:00+00:00,70.4,71.9,4.0,0.875,0.0,gfz:kp_f107
2017-05-14 00:00:00+00:00,71.2,72.7,8.0,2.083375,0.0,gfz:kp_f107
2017-05-15 00:00:00+00:00,70.6,72.2,12.0,2.3751249999999997,0.0,gfz:kp_f107
2017-05-16 00:00:00+00:00,71.9,73.5,8.0,1.875,25.0,gfz:kp_f107
2017-05-17 00:00:00+00:00,71.4,73.1,6.0,1.791625,12.0,gfz:kp_f107
2017-05-18 00:00:00+00:00,72.2,73.9,9.0,1.916625,24.0,gfz:kp_f107
2017-05-19 00:00:00+00:00,72.3,74.0,12.0,2.583375,25.0,gfz:kp_f107
2017-05-20 00:00:00+00:00,72.4,74.2,22.0,3.6251249999999997,30.0,gfz:kp_f107
2017-05-21 00:00:00+00:00,73.5,75.3,8.0,1.958375,37.0,gfz:kp_f107
2017-05-22 00:00:00+00:00,74.4,76.3,9.0,2.208375,50.0,gfz:kp_f107
2017-05-23 00:00:00+00:00,76.0,77.9,8.0,1.791625,55.0,gfz:kp_f107
2017-05-24 00:00:00+00:00,77.9,79.9,3.0,0.70825,20.0,gfz:kp_f107
2017-05-25 00:00:00+00:00,76.1,78.1,2.0,0.541625,31.0,gfz:kp_f107
2017-05-26 00:00:00+00:00,80.2,82.4,2.0,0.45825000000000005,25.0,gfz:kp_f107
2017-05-27 00:00:00+00:00,81.9,84.1,13.0,1.708375,24.0,gfz:kp_f107
2017-05-28 00:00:00+00:00,78.8,81.0,47.0,3.8751249999999997,21.0,gfz:kp_f107
2017-05-29 00:00:00+00:00,75.8,77.9,9.0,1.666625,14.0,gfz:kp_f107
2017-05-30 00:00:00+00:00,73.7,75.7,5.0,1.125,0.0,gfz:kp_f107
2017-05-31 00:00:00+00:00,74.1,76.2,3.0,0.83325,0.0,gfz:kp_f107
2017-06-01 00:00:00+00:00,75.7,77.9,6.0,1.375,15.0,gfz:kp_f107
2017-06-02 00:00:00+00:00,78.2,80.4,4.0,1.04175,23.0,gfz:kp_f107
2017-06-03 00:00:00+00:00,77.9,80.2,8.0,1.75,24.0,gfz:kp_f107
2017-06-04 00:00:00+00:00,77.7,79.9,2.0,0.374875,25.0,gfz:kp_f107
2017-06-05 00:00:00+00:00,79.4,81.8,5.0,1.166625,34.0,gfz:kp_f107
2017-06-06 00:00:00+00:00,75.4,77.6,4.0,1.04175,24.0,gfz:kp_f107
2017-06-07 00:00:00+00:00,75.5,77.8,4.0,1.04175,14.0,gfz:kp_f107
2017-06-08 00:00:00+00:00,74.0,76.2,3.0,0.70825,14.0,gfz:kp_f107
2017-06-09 00:00:00+00:00,73.7,76.0,3.0,0.75,0.0,gfz:kp_f107
2017-06-10 00:00:00+00:00,74.7,77.0,3.0,0.666625,0.0,gfz:kp_f107
2017-06-11 00:00:00+00:00,74.3,76.6,15.0,2.541625,0.0,gfz:kp_f107
2017-06-12 00:00:00+00:00,75.2,77.5,6.0,1.6665,0.0,gfz:kp_f107
2017-06-13 00:00:00+00:00,74.9,77.2,6.0,1.541625,11.0,gfz:kp_f107
2017-06-14 00:00:00+00:00,74.1,76.4,5.0,1.25,11.0,gfz:kp_f107
2017-06-15 00:00:00+00:00,77.4,79.9,3.0,0.791625,31.0,gfz:kp_f107
2017-06-16 00:00:00+00:00,73.5,75.8,23.0,3.4167500000000004,30.0,gfz:kp_f107
2017-06-17 00:00:00+00:00,74.8,77.2,14.0,2.75,30.0,gfz:kp_f107
2017-06-18 00:00:00+00:00,74.9,77.3,10.0,2.33325,29.0,gfz:kp_f107
2017-06-19 00:00:00+00:00,73.6,76.0,4.0,1.166625,27.0,gfz:kp_f107
2017-06-20 00:00:00+00:00,74.4,76.9,2.0,0.416625,31.0,gfz:kp_f107
2017-06-21 00:00:00+00:00,73.7,76.2,3.0,0.791625,35.0,gfz:kp_f107
2017-06-22 00:00:00+00:00,73.7,76.1,4.0,1.0415,24.0,gfz:kp_f107
2017-06-23 00:00:00+00:00,73.7,76.1,4.0,1.083375,23.0,gfz:kp_f107
2017-06-24 00:00:00+00:00,74.1,76.6,8.0,2.083375,25.0,gfz:kp_f107
2017-06-25 00:00:00+00:00,73.7,76.2,9.0,2.20825,18.0,gfz:kp_f107
2017-06-26 00:00:00+00:00,73.7,76.2,6.0,1.66675,21.0,gfz:kp_f107
2017-06-27 00:00:00+00:00,74.1,76.6,4.0,1.04175,19.0,gfz:kp_f107
2017-06-28 00:00:00+00:00,72.1,74.5,3.0,0.83325,16.0,gfz:kp_f107
2017-06-29 00:00:00+00:00,71.8,74.2,4.0,1.041875,12.0,gfz:kp_f107
2017-06-30 00:00:00+00:00,71.5,73.9,3.0,0.7085,11.0,gfz:kp_f107
2017-07-01 00:00:00+00:00,70.7,73.1,12.0,2.54175,23.0,gfz:kp_f107
2017-07-02 00:00:00+00:00,71.2,73.6,17.0,3.083375,13.0,gfz:kp_f107
2017-07-03 00:00:00+00:00,71.7,74.1,5.0,1.29175,0.0,gfz:kp_f107
2017-07-04 00:00:00+00:00,71.8,74.2,4.0,0.8748750000000001,0.0,gfz:kp_f107
2017-07-05 00:00:00+00:00,73.0,75.5,2.0,0.2915,7.0,gfz:kp_f107
2017-07-06 00:00:00+00:00,75.9,78.5,6.0,1.41675,16.0,gfz:kp_f107
2017-07-07 00:00:00+00:00,79.5,82.2,4.0,0.9998750000000001,26.0,gfz:kp_f107
2017-07-08 00:00:00+00:00,86.6,89.5,2.0,0.499875,31.0,gfz:kp_f107
2017-07-09 00:00:00+00:00,90.9,94.0,24.0,3.45825,43.0,gfz:kp_f107
2017-07-10 00:00:00+00:00,95.1,98.2,8.0,1.7085,45.0,gfz:kp_f107
2017-07-11 00:00:00+00:00,91.1,94.1,6.0,1.70825,38.0,gfz:kp_f107
2017-07-12 00:00:00+00:00,90.2,93.2,4.0,0.8335000000000001,61.0,gfz:kp_f107
2017-07-13 00:00:00+00:00,92.3,95.3,3.0,0.708375,59.0,gfz:kp_f107
2017-07-14 00:00:00+00:00,93.9,97.0,2.0,0.4165,52.0,gfz:kp_f107
2017-07-15 00:00:00+00:00,91.6,94.6,3.0,0.66675,33.0,gfz:kp_f107
2017-07-16 00:00:00+00:00,86.5,89.3,44.0,4.333375,21.0,gfz:kp_f107
2017-07-17 00:00:00+00:00,85.6,88.4,26.0,3.583375,22.0,gfz:kp_f107
2017-07-18 00:00:00+00:00,78.2,80.8,6.0,1.416625,0.0,gfz:kp_f107
2017-07-19 00:00:00+00:00,73.1,75.5,3.0,0.666625,0.0,gfz:kp_f107
2017-07-20 00:00:00+00:00,70.2,72.5,6.0,1.4585,0.0,gfz:kp_f107
2017-07-21 00:00:00+00:00,69.4,71.6,13.0,2.583125,0.0,gfz:kp_f107
2017-07-22 00:00:00+00:00,69.5,71.8,15.0,2.833125,0.0,gfz:kp_f107
2017-07-23 00:00:00+00:00,70.6,72.8,12.0,2.66675,0.0,gfz:kp_f107
2017-07-24 00:00:00+00:00,70.1,72.3,10.0,2.375,0.0,gfz:kp_f107
2017-07-25 00:00:00+00:00,69.8,72.0,9.0,2.2498750000000003,12.0,gfz:kp_f107
2017-07-26 00:00:00+00:00,68.6,70.7,10.0,1.999875,12.0,gfz:kp_f107
2017-07-27 00:00:00+00:00,68.3,70.5,5.0,1.25,0.0,gfz:kp_f107
2017-07-28 00:00:00+00:00,69.5,71.6,7.0,1.66675,11.0,gfz:kp_f107
2017-07-29 00:00:00+00:00,69.9,72.1,3.0,0.791625,12.0,gfz:kp_f107
2017-07-30 00:00:00+00:00,69.5,71.7,3.0,0.66675,15.0,gfz:kp_f107
2017-07-31 00:00:00+00:00,72.2,74.4,2.0,0.541625,0.0,gfz:kp_f107
2017-08-01 00:00:00+00:00,73.5,75.7,4.0,1.083375,13.0,gfz:kp_f107
2017-08-02 00:00:00+00:00,74.4,76.6,4.0,1.0001250000000002,13.0,gfz:kp_f107
2017-08-03 00:00:00+00:00,75.1,77.3,10.0,1.875125,13.0,gfz:kp_f107
2017-08-04 00:00:00+00:00,74.1,76.3,22.0,3.5415,14.0,gfz:kp_f107
2017-08-05 00:00:00+00:00,74.1,76.3,15.0,2.9585,13.0,gfz:kp_f107
2017-08-06 00:00:00+00:00,73.5,75.6,12.0,2.5415,13.0,gfz:kp_f107
2017-08-07 00:00:00+00:00,72.7,74.8,4.0,1.1668749999999999,12.0,gfz:kp_f107
2017-08-08 00:00:00+00:00,71.1,73.0,4.0,1.000125,13.0,gfz:kp_f107
2017-08-09 00:00:00+00:00,71.5,73.4,4.0,0.8748750000000001,12.0,gfz:kp_f107
2017-08-10 00:00:00+00:00,71.0,73.0,4.0,1.08325,14.0,gfz:kp_f107
2017-08-11 00:00:00+00:00,69.8,71.7,7.0,1.666625,12.0,gfz:kp_f107
2017-08-12 00:00:00+00:00,70.3,72.2,9.0,2.04175,13.0,gfz:kp_f107
2017-08-13 00:00:00+00:00,68.2,70.0,6.0,1.791625,12.0,gfz:kp_f107
2017-08-14 00:00:00+00:00,73.0,74.9,4.0,1.08325,13.0,gfz:kp_f107
2017-08-15 00:00:00+00:00,74.2,76.1,2.0,0.499875,22.0,gfz:kp_f107
2017-08-16 00:00:00+00:00,77.3,79.2,5.0,1.374875,33.0,gfz:kp_f107
2017-08-17 00:00:00+00:00,76.7,78.5,24.0,3.62525,45.0,gfz:kp_f107
2017-08-18 00:00:00+00:00,80.0,82.0,20.0,3.2501249999999997,45.0,gfz:kp_f107
2017-08-19 00:00:00+00:00,86.8,88.9,29.0,4.08325,50.0,gfz:kp_f107
2017-08-20 00:00:00+00:00,86.0,88.0,20.0,3.2915,60.0,gfz:kp_f107
2017-08-21 00:00:00+00:00,87.1,89.1,9.0,2.25,63.0,gfz:kp_f107
2017-08-22 00:00:00+00:00,90.2,92.3,17.0,3.0,63.0,gfz:kp_f107
2017-08-23 00:00:00+00:00,85.1,87.0,23.0,3.54175,69.0,gfz:kp_f107
2017-08-24 00:00:00+00:00,78.8,80.5,10.0,2.0,54.0,gfz:kp_f107
2017-08-25 00:00:00+00:00,80.8,82.5,4.0,1.04175,53.0,gfz:kp_f107
2017-08-26 00:00:00+00:00,77.5,79.2,3.0,0.70825,48.0,gfz:kp_f107
2017-08-27 00:00:00+00:00,78.2,79.8,8.0,1.916625,38.0,gfz:kp_f107
2017-08-28 00:00:00+00:00,81.6,83.2,2.0,0.541875,23.0,gfz:kp_f107
2017-08-29 00:00:00+00:00,84.3,85.9,8.0,1.7915,40.0,gfz:kp_f107
2017-08-30 00:00:00+00:00,86.9,88.6,3.0,0.791625,51.0,gfz:kp_f107
2017-08-31 00:00:00+00:00,91.9,93.6,30.0,3.833375,73.0,gfz:kp_f107
2017-09-01 00:00:00+00:00,93.4,95.1,16.0,3.0,59.0,gfz:kp_f107
2017-09-02 00:00:00+00:00,100.0,101.7,20.0,3.2502499999999994,56.0,gfz:kp_f107
2017-09-03 00:00:00+00:00,120.2,122.2,7.0,1.79175,105.0,gfz:kp_f107
2017-09-04 00:00:00+00:00,182.5,185.5,16.0,2.916875,112.0,gfz:kp_f107
2017-09-05 00:00:00+00:00,120.5,122.5,11.0,2.416625,119.0,gfz:kp_f107
2017-09-06 00:00:00+00:00,132.9,134.9,8.0,1.874875,100.0,gfz:kp_f107
2017-09-07 00:00:00+00:00,128.5,130.4,36.0,3.5836249999999996,97.0,gfz:kp_f107
2017-09-08 00:00:00+00:00,116.8,118.5,106.0,6.08325,88.0,gfz:kp_f107
2017-09-09 00:00:00+00:00,107.2,108.7,3.0,0.70825,62.0,gfz:kp_f107
2017-09-10 00:00:00+00:00,100.2,101.6,4.0,1.0,40.0,gfz:kp_f107
2017-09-11 00:00:00+00:00,79.9,80.9,11.0,2.54175,29.0,gfz:kp_f107
2017-09-12 00:00:00+00:00,75.5,76.4,17.0,2.791625,11.0,gfz:kp_f107
2017-09-13 00:00:00+00:00,75.1,76.0,14.0,2.333375,23.0,gfz:kp_f107
2017-09-14 00:00:00+00:00,74.2,75.1,22.0,3.166625,12.0,gfz:kp_f107
2017-09-15 00:00:00+00:00,72.8,73.6,34.0,4.25,12.0,gfz:kp_f107
2017-09-16 00:00:00+00:00,72.1,72.9,28.0,3.8748750000000003,13.0,gfz:kp_f107
2017-09-17 00:00:00+00:00,72.2,72.9,14.0,2.7498750000000003,14.0,gfz:kp_f107
2017-09-18 00:00:00+00:00,72.2,72.9,20.0,3.41675,13.0,gfz:kp_f107
2017-09-19 00:00:00+00:00,70.6,71.3,7.0,1.875,11.0,gfz:kp_f107
2017-09-20 00:00:00+00:00,73.9,74.5,8.0,2.0,21.0,gfz:kp_f107
2017-09-21 00:00:00+00:00,73.0,73.6,5.0,1.33325,22.0,gfz:kp_f107
2017-09-22 00:00:00+00:00,77.5,78.1,5.0,1.2915,21.0,gfz:kp_f107
2017-09-23 00:00:00+00:00,81.2,81.7,4.0,1.083375,12.0,gfz:kp_f107
2017-09-24 00:00:00+00:00,86.9,87.4,6.0,1.4585,23.0,gfz:kp_f107
2017-09-25 00:00:00+00:00,89.9,90.4,4.0,0.958125,36.0,gfz:kp_f107
2017-09-26 00:00:00+00:00,90.7,91.1,3.0,0.7498750000000001,39.0,gfz:kp_f107
2017-09-27 00:00:00+00:00,91.0,91.3,37.0,4.2085,37.0,gfz:kp_f107
2017-09-28 00:00:00+00:00,90.9,91.2,51.0,4.875125,42.0,gfz:kp_f107
2017-09-29 00:00:00+00:00,89.7,90.0,11.0,2.5,42.0,gfz:kp_f107
2017-09-30 00:00:00+00:00,89.4,89.6,14.0,2.83325,40.0,gfz:kp_f107
2017-10-01 00:00:00+00:00,85.7,85.9,11.0,2.41675,35.0,gfz:kp_f107
2017-10-02 00:00:00+00:00,86.0,86.1,5.0,1.2081250000000001,25.0,gfz:kp_f107
2017-10-03 00:00:00+00:00,86.4,86.5,6.0,1.33325,24.0,gfz:kp_f107
2017-10-04 00:00:00+00:00,86.8,86.8,5.0,1.1665,27.0,gfz:kp_f107
2017-10-05 00:00:00+00:00,84.7,84.7,6.0,1.166625,26.0,gfz:kp_f107
2017-10-06 00:00:00+00:00,84.1,84.0,8.0,1.916625,23.0,gfz:kp_f107
2017-10-07 00:00:00+00:00,79.6,79.5,3.0,0.7916249999999999,11.0,gfz:kp_f107
2017-10-08 00:00:00+00:00,76.7,76.5,3.0,0.6248750000000001,11.0,gfz:kp_f107
2017-10-09 00:00:00+00:00,72.3,72.1,1.0,0.33325000000000005,0.0,gfz:kp_f107
2017-10-10 00:00:00+00:00,70.9,70.7,2.0,0.41650000000000004,0.0,gfz:kp_f107
2017-10-11 00:00:00+00:00,69.6,69.3,28.0,4.000125,0.0,gfz:kp_f107
2017-10-12 00:00:00+00:00,70.2,69.9,26.0,3.8748750000000003,0.0,gfz:kp_f107
2017-10-13 00:00:00+00:00,69.7,69.4,37.0,4.208375,0.0,gfz:kp_f107
2017-10-14 00:00:00+00:00,69.0,68.6,30.0,4.04175,11.0,gfz:kp_f107
2017-10-15 00:00:00+00:00,70.3,69.9,25.0,3.5,0.0,gfz:kp_f107
2017-10-16 00:00:00+00:00,70.9,70.4,8.0,1.958375,0.0,gfz:kp_f107
2017-10-17 00:00:00+00:00,70.3,69.8,5.0,1.249875,0.0,gfz:kp_f107
2017-10-18 00:00:00+00:00,73.2,72.7,4.0,1.04175,0.0,gfz:kp_f107
2017-10-19 00:00:00+00:00,73.4,72.8,12.0,2.625,0.0,gfz:kp_f107
2017-10-20 00:00:00+00:00,75.7,75.1,7.0,1.708375,0.0,gfz:kp_f107
2017-10-21 00:00:00+00:00,76.5,75.7,8.0,2.041625,11.0,gfz:kp_f107
2017-10-22 00:00:00+00:00,77.3,76.5,6.0,1.29175,11.0,gfz:kp_f107
2017-10-23 00:00:00+00:00,78.0,77.2,4.0,1.04175,23.0,gfz:kp_f107
2017-10-24 00:00:00+00:00,77.5,76.7,18.0,2.8751249999999997,23.0,gfz:kp_f107
2017-10-25 00:00:00+00:00,78.8,77.9,19.0,3.291625,23.0,gfz:kp_f107
2017-10-26 00:00:00+00:00,77.3,76.4,17.0,3.041625,23.0,gfz:kp_f107
2017-10-27 00:00:00+00:00,76.0,75.0,4.0,1.0415,23.0,gfz:kp_f107
2017-10-28 00:00:00+00:00,75.4,74.4,5.0,1.25,24.0,gfz:kp_f107
2017-10-29 00:00:00+00:00,75.3,74.3,3.0,0.583375,23.0,gfz:kp_f107
2017-10-30 00:00:00+00:00,75.6,74.5,2.0,0.375,21.0,gfz:kp_f107
2017-10-31 00:00:00+00:00,75.4,74.2,2.0,0.416625,11.0,gfz:kp_f107
2017-11-01 00:00:00+00:00,72.6,71.5,2.0,0.583375,0.0,gfz:kp_f107
2017-11-02 00:00:00+00:00,73.6,72.4,8.0,1.83325,0.0,gfz:kp_f107
2017-11-03 00:00:00+00:00,73.2,72.0,8.0,1.95825,0.0,gfz:kp_f107
2017-11-04 00:00:00+00:00,72.1,70.9,3.0,0.791625,0.0,gfz:kp_f107
2017-11-05 00:00:00+00:00,71.1,69.9,1.0,0.20825,0.0,gfz:kp_f107
2017-11-06 00:00:00+00:00,69.4,68.1,1.0,0.125,0.0,gfz:kp_f107
2017-11-07 00:00:00+00:00,68.3,67.0,35.0,3.8335,0.0,gfz:kp_f107
2017-11-08 00:00:00+00:00,67.6,66.4,44.0,4.624874999999999,0.0,gfz:kp_f107
2017-11-09 00:00:00+00:00,65.8,64.6,18.0,3.333375,0.0,gfz:kp_f107
2017-11-10 00:00:00+00:00,68.6,67.2,20.0,3.41675,0.0,gfz:kp_f107
2017-11-11 00:00:00+00:00,67.3,65.9,7.0,1.70825,0.0,gfz:kp_f107
2017-11-12 00:00:00+00:00,69.4,68.0,5.0,1.29175,0.0,gfz:kp_f107
2017-11-13 00:00:00+00:00,72.1,70.6,6.0,1.4165,0.0,gfz:kp_f107
2017-11-14 00:00:00+00:00,74.4,72.8,11.0,2.5,13.0,gfz:kp_f107
2017-11-15 00:00:00+00:00,74.2,72.6,11.0,2.541625,15.0,gfz:kp_f107
2017-11-16 00:00:00+00:00,73.2,71.6,14.0,2.666625,16.0,gfz:kp_f107
2017-11-17 00:00:00+00:00,76.4,74.7,4.0,1.125,25.0,gfz:kp_f107
2017-11-18 00:00:00+00:00,76.1,74.3,6.0,1.6252499999999999,15.0,gfz:kp_f107
2017-11-19 00:00:00+00:00,74.4,72.7,4.0,1.041625,0.0,gfz:kp_f107
2017-11-20 00:00:00+00:00,73.6,71.8,6.0,1.249875,0.0,gfz:kp_f107
2017-11-21 00:00:00+00:00,73.2,71.4,27.0,3.9167499999999995,0.0,gfz:kp_f107
2017-11-22 00:00:00+00:00,73.4,71.6,10.0,2.333375,0.0,gfz:kp_f107
2017-11-23 00:00:00+00:00,72.4,70.6,8.0,2.083375,0.0,gfz:kp_f107
2017-11-24 00:00:00+00:00,74.1,72.2,9.0,1.874875,0.0,gfz:kp_f107
2017-11-25 00:00:00+00:00,74.3,72.4,6.0,1.291625,15.0,gfz:kp_f107
2017-11-26 00:00:00+00:00,75.5,73.5,2.0,0.500125,17.0,gfz:kp_f107
2017-11-27 00:00:00+00:00,73.6,71.7,4.0,1.166625,16.0,gfz:kp_f107
2017-11-28 00:00:00+00:00,71.9,70.0,7.0,1.541625,15.0,gfz:kp_f107
2017-11-29 00:00:00+00:00,72.6,70.6,4.0,1.083375,13.0,gfz:kp_f107
2017-11-30 00:00:00+00:00,71.7,69.8,10.0,2.208125,11.0,gfz:kp_f107
2017-12-01 00:00:00+00:00,70.2,68.3,7.0,1.666625,0.0,gfz:kp_f107
2017-12-02 00:00:00+00:00,71.5,69.5,3.0,0.58325,0.0,gfz:kp_f107
2017-12-03 00:00:00+00:00,69.0,67.0,1.0,0.166625,0.0,gfz:kp_f107
2017-12-04 00:00:00+00:00,68.4,66.4,10.0,1.916625,0.0,gfz:kp_f107
2017-12-05 00:00:00+00:00,67.9,66.0,28.0,3.958375,0.0,gfz:kp_f107
2017-12-06 00:00:00+00:00,68.3,66.3,15.0,2.916625,13.0,gfz:kp_f107
2017-12-07 00:00:00+00:00,67.9,65.9,10.0,2.2915,11.0,gfz:kp_f107
2017-12-08 00:00:00+00:00,69.9,67.8,5.0,1.25,0.0,gfz:kp_f107
2017-12-09 00:00:00+00:00,71.1,69.0,3.0,0.75,0.0,gfz:kp_f107
2017-12-10 00:00:00+00:00,72.0,69.8,2.0,0.5,11.0,gfz:kp_f107
2017-12-11 00:00:00+00:00,72.3,70.1,10.0,2.2498750000000003,13.0,gfz:kp_f107
2017-12-12 00:00:00+00:00,71.4,69.2,12.0,2.58325,13.0,gfz:kp_f107
2017-12-13 00:00:00+00:00,72.1,69.9,6.0,1.458375,0.0,gfz:kp_f107
2017-12-14 00:00:00+00:00,72.1,69.8,4.0,0.791625,0.0,gfz:kp_f107
2017-12-15 00:00:00+00:00,71.7,69.5,3.0,0.70825,0.0,gfz:kp_f107
2017-12-16 00:00:00+00:00,71.3,69.0,3.0,0.625125,0.0,gfz:kp_f107
2017-12-17 00:00:00+00:00,71.0,68.8,23.0,3.5835,0.0,gfz:kp_f107
2017-12-18 00:00:00+00:00,71.6,69.4,16.0,2.875,0.0,gfz:kp_f107
2017-12-19 00:00:00+00:00,68.8,66.6,4.0,1.125,11.0,gfz:kp_f107
2017-12-20 00:00:00+00:00,74.2,71.8,5.0,1.29175,16.0,gfz:kp_f107
2017-12-21 00:00:00+00:00,76.0,73.6,2.0,0.45837500000000003,19.0,gfz:kp_f107
2017-12-22 00:00:00+00:00,75.3,72.9,1.0,0.249875,25.0,gfz:kp_f107
2017-12-23 00:00:00+00:00,76.2,73.7,5.0,1.1251250000000002,26.0,gfz:kp_f107
2017-12-24 00:00:00+00:00,76.1,73.6,11.0,2.458125,29.0,gfz:kp_f107
2017-12-25 00:00:00+00:00,75.7,73.2,9.0,2.083375,24.0,gfz:kp_f107
2017-12-26 00:00:00+00:00,71.8,69.5,10.0,2.2501249999999997,16.0,gfz:kp_f107
2017-12-27 00:00:00+00:00,71.0,68.6,7.0,1.833375,13.0,gfz:kp_f107
2017-12-28 00:00:00+00:00,71.1,68.8,4.0,1.166625,0.0,gfz:kp_f107
2017-12-29 00:00:00+00:00,71.5,69.1,4.0,0.875,0.0,gfz:kp_f107
2017-12-30 00:00:00+00:00,70.4,68.1,3.0,0.7082499999999999,0.0,gfz:kp_f107
2017-12-31 00:00:00+00:00,70.7,68.3,3.0,0.6248750000000001,13.0,gfz:kp_f107
2018-01-01 00:00:00+00:00,69.1,66.8,10.0,2.20825,0.0,gfz:kp_f107
2018-01-02 00:00:00+00:00,69.5,67.2,4.0,1.125125,0.0,gfz:kp_f107
2018-01-03 00:00:00+00:00,70.7,68.3,2.0,0.5,0.0,gfz:kp_f107
2018-01-04 00:00:00+00:00,69.5,67.2,3.0,0.625,13.0,gfz:kp_f107
2018-01-05 00:00:00+00:00,69.3,67.0,4.0,1.16675,11.0,gfz:kp_f107
2018-01-06 00:00:00+00:00,69.4,67.1,2.0,0.374875,11.0,gfz:kp_f107
2018-01-07 00:00:00+00:00,69.9,67.6,2.0,0.375,12.0,gfz:kp_f107
2018-01-08 00:00:00+00:00,70.3,68.0,9.0,1.91675,13.0,gfz:kp_f107
2018-01-09 00:00:00+00:00,70.8,68.5,9.0,2.083375,16.0,gfz:kp_f107
2018-01-10 00:00:00+00:00,70.4,68.1,3.0,0.83325,20.0,gfz:kp_f107
2018-01-11 00:00:00+00:00,70.8,68.5,2.0,0.416625,12.0,gfz:kp_f107
2018-01-12 00:00:00+00:00,70.9,68.6,3.0,0.791625,0.0,gfz:kp_f107
2018-01-13 00:00:00+00:00,70.8,68.5,6.0,1.45825,0.0,gfz:kp_f107
2018-01-14 00:00:00+00:00,70.5,68.2,13.0,2.333375,12.0,gfz:kp_f107
2018-01-15 00:00:00+00:00,70.2,67.9,9.0,2.0001249999999997,13.0,gfz:kp_f107
2018-01-16 00:00:00+00:00,71.1,68.8,4.0,0.958375,15.0,gfz:kp_f107
2018-01-17 00:00:00+00:00,70.9,68.6,1.0,0.16662500000000002,16.0,gfz:kp_f107
2018-01-18 00:00:00+00:00,71.1,68.8,1.0,0.208125,12.0,gfz:kp_f107
2018-01-19 00:00:00+00:00,70.8,68.5,7.0,1.79175,12.0,gfz:kp_f107
2018-01-20 00:00:00+00:00,69.6,67.4,7.0,1.66675,0.0,gfz:kp_f107
2018-01-21 00:00:00+00:00,68.3,66.1,9.0,2.04175,0.0,gfz:kp_f107
2018-01-22 00:00:00+00:00,70.1,67.9,11.0,2.41675,0.0,gfz:kp_f107
2018-01-23 00:00:00+00:00,70.5,68.3,4.0,0.9998750000000001,0.0,gfz:kp_f107
2018-01-24 00:00:00+00:00,69.9,67.7,9.0,1.541625,0.0,gfz:kp_f107
2018-01-25 00:00:00+00:00,70.3,68.2,9.0,2.20825,0.0,gfz:kp_f107
2018-01-26 00:00:00+00:00,69.8,67.7,7.0,1.66675,0.0,gfz:kp_f107
2018-01-27 00:00:00+00:00,68.8,66.7,6.0,1.41675,0.0,gfz:kp_f107
2018-01-28 00:00:00+00:00,68.5,66.4,3.0,0.833375,0.0,gfz:kp_f107
2018-01-29 00:00:00+00:00,68.2,66.2,3.0,0.666625,0.0,gfz:kp_f107
2018-01-30 00:00:00+00:00,68.9,66.9,3.0,0.791625,11.0,gfz:kp_f107
2018-01-31 00:00:00+00:00,69.2,67.2,6.0,1.416625,12.0,gfz:kp_f107
2018-02-01 00:00:00+00:00,69.0,67.0,4.0,0.833125,0.0,gfz:kp_f107
2018-02-02 00:00:00+00:00,68.8,66.8,3.0,0.708375,0.0,gfz:kp_f107
2018-02-03 00:00:00+00:00,69.2,67.3,3.0,0.7915,0.0,gfz:kp_f107
2018-02-04 00:00:00+00:00,73.0,71.0,3.0,0.70825,11.0,gfz:kp_f107
2018-02-05 00:00:00+00:00,74.0,72.0,8.0,1.875,13.0,gfz:kp_f107
2018-02-06 00:00:00+00:00,76.9,74.8,4.0,1.124875,16.0,gfz:kp_f107
2018-02-07 00:00:00+00:00,76.6,74.6,2.0,0.5,20.0,gfz:kp_f107
2018-02-08 00:00:00+00:00,77.5,75.5,2.0,0.541625,22.0,gfz:kp_f107
2018-02-09 00:00:00+00:00,78.1,76.1,4.0,0.916625,25.0,gfz:kp_f107
2018-02-10 00:00:00+00:00,78.2,76.2,6.0,1.5415,25.0,gfz:kp_f107
2018-02-11 00:00:00+00:00,78.2,76.2,2.0,0.33325000000000005,28.0,gfz:kp_f107
2018-02-12 00:00:00+00:00,78.6,76.6,3.0,0.75,25.0,gfz:kp_f107
2018-02-13 00:00:00+00:00,75.9,74.1,2.0,0.416625,23.0,gfz:kp_f107
2018-02-14 00:00:00+00:00,75.3,73.4,2.0,0.416625,20.0,gfz:kp_f107
2018-02-15 00:00:00+00:00,72.5,70.8,11.0,2.083375,16.0,gfz:kp_f107
2018-02-16 00:00:00+00:00,71.5,69.8,7.0,1.7915,12.0,gfz:kp_f107
2018-02-17 00:00:00+00:00,69.0,67.4,11.0,2.375,0.0,gfz:kp_f107
2018-02-18 00:00:00+00:00,70.3,68.7,13.0,2.70825,0.0,gfz:kp_f107
2018-02-19 00:00:00+00:00,69.1,67.5,16.0,2.91675,0.0,gfz:kp_f107
2018-02-20 00:00:00+00:00,67.8,66.3,3.0,0.7498750000000001,0.0,gfz:kp_f107
2018-02-21 00:00:00+00:00,67.6,66.1,2.0,0.541625,0.0,gfz:kp_f107
2018-02-22 00:00:00+00:00,68.4,67.0,10.0,2.16675,0.0,gfz:kp_f107
2018-02-23 00:00:00+00:00,67.6,66.2,15.0,2.75,0.0,gfz:kp_f107
2018-02-24 00:00:00+00:00,68.2,66.8,8.0,1.7498749999999998,0.0,gfz:kp_f107
2018-02-25 00:00:00+00:00,67.2,65.9,3.0,0.833375,0.0,gfz:kp_f107
2018-02-26 00:00:00+00:00,69.8,68.4,6.0,1.583375,16.0,gfz:kp_f107
2018-02-27 00:00:00+00:00,67.9,66.6,18.0,2.7498750000000003,15.0,gfz:kp_f107
2018-02-28 00:00:00+00:00,68.8,67.5,6.0,1.541625,12.0,gfz:kp_f107
2018-03-01 00:00:00+00:00,67.2,66.0,6.0,1.3751250000000002,12.0,gfz:kp_f107
2018-03-02 00:00:00+00:00,67.8,66.6,4.0,0.70825,11.0,gfz:kp_f107
2018-03-03 00:00:00+00:00,67.8,66.7,5.0,1.375,0.0,gfz:kp_f107
2018-03-04 00:00:00+00:00,67.5,66.4,6.0,1.375125,0.0,gfz:kp_f107
2018-03-05 00:00:00+00:00,67.6,66.5,4.0,1.0831250000000001,0.0,gfz:kp_f107
2018-03-06 00:00:00+00:00,67.6,66.5,4.0,1.041875,0.0,gfz:kp_f107
2018-03-07 00:00:00+00:00,67.8,66.8,3.0,0.625,0.0,gfz:kp_f107
2018-03-08 00:00:00+00:00,66.6,65.6,3.0,0.791625,0.0,gfz:kp_f107
2018-03-09 00:00:00+00:00,67.5,66.6,10.0,2.0,0.0,gfz:kp_f107
2018-03-10 00:00:00+00:00,67.7,66.8,12.0,2.375,0.0,gfz:kp_f107
2018-03-11 00:00:00+00:00,67.8,66.9,4.0,1.0415,0.0,gfz:kp_f107
2018-03-12 00:00:00+00:00,68.1,67.3,2.0,0.41662499999999997,0.0,gfz:kp_f107
2018-03-13 00:00:00+00:00,68.6,67.7,2.0,0.583375,0.0,gfz:kp_f107
2018-03-14 00:00:00+00:00,67.7,66.9,10.0,1.75,0.0,gfz:kp_f107
2018-03-15 00:00:00+00:00,69.0,68.3,15.0,2.833375,0.0,gfz:kp_f107
2018-03-16 00:00:00+00:00,68.6,67.9,18.0,3.25,0.0,gfz:kp_f107
2018-03-17 00:00:00+00:00,69.7,69.0,14.0,2.666625,14.0,gfz:kp_f107
2018-03-18 00:00:00+00:00,69.1,68.5,22.0,3.0,14.0,gfz:kp_f107
2018-03-19 00:00:00+00:00,70.3,69.7,14.0,2.625,0.0,gfz:kp_f107
2018-03-20 00:00:00+00:00,68.8,68.2,7.0,1.4581250000000001,0.0,gfz:kp_f107
2018-03-21 00:00:00+00:00,69.3,68.8,4.0,0.916625,0.0,gfz:kp_f107
2018-03-22 00:00:00+00:00,68.5,68.0,6.0,1.458375,0.0,gfz:kp_f107
2018-03-23 00:00:00+00:00,68.1,67.7,15.0,2.79175,0.0,gfz:kp_f107
2018-03-24 00:00:00+00:00,67.6,67.2,8.0,2.0,0.0,gfz:kp_f107
2018-03-25 00:00:00+00:00,68.3,68.0,16.0,3.041625,0.0,gfz:kp_f107
2018-03-26 00:00:00+00:00,67.8,67.5,10.0,2.375,0.0,gfz:kp_f107
2018-03-27 00:00:00+00:00,68.3,68.0,8.0,1.791625,0.0,gfz:kp_f107
2018-03-28 00:00:00+00:00,68.6,68.3,2.0,0.33325000000000005,0.0,gfz:kp_f107
2018-03-29 00:00:00+00:00,69.0,68.8,3.0,0.8334999999999999,0.0,gfz:kp_f107
2018-03-30 00:00:00+00:00,68.8,68.6,4.0,1.083375,12.0,gfz:kp_f107
2018-03-31 00:00:00+00:00,69.0,68.9,6.0,1.41675,13.0,gfz:kp_f107
2018-04-01 00:00:00+00:00,69.0,68.9,4.0,1.124875,11.0,gfz:kp_f107
2018-04-02 00:00:00+00:00,68.4,68.4,4.0,1.1666249999999998,0.0,gfz:kp_f107
2018-04-03 00:00:00+00:00,67.8,67.8,2.0,0.58325,0.0,gfz:kp_f107
2018-04-04 00:00:00+00:00,68.5,68.6,4.0,1.04175,0.0,gfz:kp_f107
2018-04-05 00:00:00+00:00,66.4,66.4,8.0,1.833375,0.0,gfz:kp_f107
2018-04-06 00:00:00+00:00,67.3,67.4,3.0,0.79175,0.0,gfz:kp_f107
2018-04-07 00:00:00+00:00,66.8,67.0,4.0,0.916625,0.0,gfz:kp_f107
2018-04-08 00:00:00+00:00,67.9,68.1,5.0,1.166625,0.0,gfz:kp_f107
2018-04-09 00:00:00+00:00,68.7,68.9,11.0,2.208125,0.0,gfz:kp_f107
2018-04-10 00:00:00+00:00,68.5,68.8,17.0,3.125,12.0,gfz:kp_f107
2018-04-11 00:00:00+00:00,68.3,68.6,12.0,2.166625,0.0,gfz:kp_f107
2018-04-12 00:00:00+00:00,70.0,70.4,8.0,2.0,13.0,gfz:kp_f107
2018-04-13 00:00:00+00:00,69.7,70.1,8.0,1.91675,16.0,gfz:kp_f107
2018-04-14 00:00:00+00:00,69.5,69.9,5.0,1.33325,11.0,gfz:kp_f107
2018-04-15 00:00:00+00:00,70.6,71.0,5.0,1.29175,13.0,gfz:kp_f107
2018-04-16 00:00:00+00:00,69.2,69.7,2.0,0.45825,12.0,gfz:kp_f107
2018-04-17 00:00:00+00:00,69.3,69.8,3.0,0.5835,11.0,gfz:kp_f107
2018-04-18 00:00:00+00:00,70.8,71.4,5.0,1.2918749999999999,0.0,gfz:kp_f107
2018-04-19 00:00:00+00:00,70.8,71.4,2.0,0.333375,13.0,gfz:kp_f107
2018-04-20 00:00:00+00:00,73.0,73.7,43.0,4.624875,16.0,gfz:kp_f107
2018-04-21 00:00:00+00:00,76.8,77.5,12.0,2.541625,27.0,gfz:kp_f107
2018-04-22 00:00:00+00:00,75.7,76.5,5.0,1.208375,22.0,gfz:kp_f107
2018-04-23 00:00:00+00:00,73.9,74.7,6.0,1.41675,23.0,gfz:kp_f107
2018-04-24 00:00:00+00:00,72.9,73.7,4.0,0.95825,21.0,gfz:kp_f107
2018-04-25 00:00:00+00:00,70.8,71.6,4.0,0.916625,18.0,gfz:kp_f107
2018-04-26 00:00:00+00:00,69.4,70.3,4.0,0.91675,15.0,gfz:kp_f107
2018-04-27 00:00:00+00:00,68.7,69.6,5.0,1.208375,14.0,gfz:kp_f107
2018-04-28 00:00:00+00:00,70.2,71.1,3.0,0.708375,0.0,gfz:kp_f107
2018-04-29 00:00:00+00:00,71.1,72.2,3.0,0.70825,0.0,gfz:kp_f107
2018-04-30 00:00:00+00:00,70.2,71.3,5.0,1.25,0.0,gfz:kp_f107
2018-05-01 00:00:00+00:00,68.4,69.5,2.0,0.4165,0.0,gfz:kp_f107
2018-05-02 00:00:00+00:00,67.1,68.1,4.0,0.958375,0.0,gfz:kp_f107
2018-05-03 00:00:00+00:00,66.5,67.6,3.0,0.6248750000000001,0.0,gfz:kp_f107
2018-05-04 00:00:00+00:00,67.8,68.9,4.0,0.875,13.0,gfz:kp_f107
2018-05-05 00:00:00+00:00,67.6,68.7,23.0,2.875125,14.0,gfz:kp_f107
2018-05-06 00:00:00+00:00,67.2,68.4,26.0,3.70825,15.0,gfz:kp_f107
2018-05-07 00:00:00+00:00,69.6,70.9,16.0,3.041625,14.0,gfz:kp_f107
2018-05-08 00:00:00+00:00,69.6,70.9,14.0,2.8335,20.0,gfz:kp_f107
2018-05-09 00:00:00+00:00,69.6,70.9,14.0,2.791625,23.0,gfz:kp_f107
2018-05-10 00:00:00+00:00,69.6,71.0,11.0,2.41675,11.0,gfz:kp_f107
2018-05-11 00:00:00+00:00,70.3,71.7,14.0,2.833375,11.0,gfz:kp_f107
2018-05-12 00:00:00+00:00,69.8,71.2,8.0,1.750125,13.0,gfz:kp_f107
2018-05-13 00:00:00+00:00,70.9,72.4,7.0,1.916625,12.0,gfz:kp_f107
2018-05-14 00:00:00+00:00,70.3,71.8,4.0,0.9584999999999999,0.0,gfz:kp_f107
2018-05-15 00:00:00+00:00,70.3,71.9,3.0,0.625,0.0,gfz:kp_f107
2018-05-16 00:00:00+00:00,69.9,71.5,3.0,0.6665000000000001,0.0,gfz:kp_f107
2018-05-17 00:00:00+00:00,69.0,70.5,10.0,2.29175,0.0,gfz:kp_f107
2018-05-18 00:00:00+00:00,69.4,71.1,4.0,1.041625,0.0,gfz:kp_f107
2018-05-19 00:00:00+00:00,70.3,71.9,2.0,0.416625,0.0,gfz:kp_f107
2018-05-20 00:00:00+00:00,68.8,70.4,2.0,0.49987499999999996,0.0,gfz:kp_f107
2018-05-21 00:00:00+00:00,69.6,71.3,2.0,0.375,12.0,gfz:kp_f107
2018-05-22 00:00:00+00:00,70.8,72.6,4.0,1.166625,13.0,gfz:kp_f107
2018-05-23 00:00:00+00:00,73.1,75.0,8.0,1.874875,27.0,gfz:kp_f107
2018-05-24 00:00:00+00:00,73.7,75.6,3.0,0.666625,33.0,gfz:kp_f107
2018-05-25 00:00:00+00:00,75.7,77.7,3.0,0.583,30.0,gfz:kp_f107
2018-05-26 00:00:00+00:00,72.9,74.9,3.0,0.58325,27.0,gfz:kp_f107
2018-05-27 00:00:00+00:00,74.6,76.6,3.0,0.791625,33.0,gfz:kp_f107
2018-05-28 00:00:00+00:00,76.9,78.9,4.0,0.916625,20.0,gfz:kp_f107
2018-05-29 00:00:00+00:00,74.9,77.0,3.0,0.791875,23.0,gfz:kp_f107
2018-05-30 00:00:00+00:00,75.3,77.3,4.0,0.833375,21.0,gfz:kp_f107
2018-05-31 00:00:00+00:00,76.8,78.9,12.0,2.166625,22.0,gfz:kp_f107
2018-06-01 00:00:00+00:00,74.8,76.9,23.0,3.583375,22.0,gfz:kp_f107
2018-06-02 00:00:00+00:00,74.4,76.5,16.0,3.0001249999999997,21.0,gfz:kp_f107
2018-06-03 00:00:00+00:00,73.6,75.7,8.0,2.00025,13.0,gfz:kp_f107
2018-06-04 00:00:00+00:00,70.5,72.6,4.0,1.08325,0.0,gfz:kp_f107
2018-06-05 00:00:00+00:00,71.3,73.4,5.0,1.3335,0.0,gfz:kp_f107
2018-06-06 00:00:00+00:00,71.1,73.2,6.0,1.375,11.0,gfz:kp_f107
2018-06-07 00:00:00+00:00,69.3,71.3,5.0,1.208375,10.0,gfz:kp_f107
2018-06-08 00:00:00+00:00,68.2,70.2,4.0,0.9166249999999999,0.0,gfz:kp_f107
2018-06-09 00:00:00+00:00,66.8,68.8,3.0,0.75,0.0,gfz:kp_f107
2018-06-10 00:00:00+00:00,70.2,72.4,2.0,0.458375,0.0,gfz:kp_f107
2018-06-11 00:00:00+00:00,69.9,72.0,3.0,0.7081250000000001,0.0,gfz:kp_f107
2018-06-12 00:00:00+00:00,70.3,72.5,3.0,0.75,11.0,gfz:kp_f107
2018-06-13 00:00:00+00:00,70.8,73.0,4.0,0.8748750000000001,15.0,gfz:kp_f107
2018-06-14 00:00:00+00:00,72.4,74.7,4.0,1.124875,15.0,gfz:kp_f107
2018-06-15 00:00:00+00:00,70.6,72.8,3.0,0.583375,14.0,gfz:kp_f107
2018-06-16 00:00:00+00:00,70.5,72.7,2.0,0.33325,14.0,gfz:kp_f107
2018-06-17 00:00:00+00:00,72.3,74.6,4.0,0.91675,14.0,gfz:kp_f107
2018-06-18 00:00:00+00:00,73.7,76.1,16.0,2.9998750000000003,29.0,gfz:kp_f107
2018-06-19 00:00:00+00:00,76.6,79.0,5.0,1.333375,33.0,gfz:kp_f107
2018-06-20 00:00:00+00:00,82.1,84.7,5.0,1.208375,56.0,gfz:kp_f107
2018-06-21 00:00:00+00:00,81.5,84.2,3.0,0.583375,48.0,gfz:kp_f107
2018-06-22 00:00:00+00:00,80.3,83.0,3.0,0.7498750000000001,41.0,gfz:kp_f107
2018-06-23 00:00:00+00:00,77.1,79.7,18.0,3.166625,37.0,gfz:kp_f107
2018-06-24 00:00:00+00:00,74.5,77.0,6.0,1.66675,19.0,gfz:kp_f107
2018-06-25 00:00:00+00:00,72.8,75.2,12.0,2.0835,16.0,gfz:kp_f107
2018-06-26 00:00:00+00:00,71.1,73.4,20.0,3.3335,14.0,gfz:kp_f107
2018-06-27 00:00:00+00:00,70.0,72.4,6.0,1.6665,14.0,gfz:kp_f107
2018-06-28 00:00:00+00:00,69.5,71.9,5.0,1.208375,0.0,gfz:kp_f107
2018-06-29 00:00:00+00:00,68.6,70.9,3.0,0.708375,0.0,gfz:kp_f107
2018-06-30 00:00:00+00:00,68.8,71.1,3.0,0.791625,0.0,gfz:kp_f107
2018-07-01 00:00:00+00:00,68.1,70.4,2.0,0.333125,0.0,gfz:kp_f107
2018-07-02 00:00:00+00:00,66.6,68.8,2.0,0.374875,0.0,gfz:kp_f107
2018-07-03 00:00:00+00:00,68.2,70.5,2.0,0.625125,0.0,gfz:kp_f107
2018-07-04 00:00:00+00:00,67.9,70.2,4.0,0.8751249999999999,0.0,gfz:kp_f107
2018-07-05 00:00:00+00:00,68.1,70.4,17.0,2.75,0.0,gfz:kp_f107
2018-07-06 00:00:00+00:00,70.5,72.9,7.0,1.66675,0.0,gfz:kp_f107
2018-07-07 00:00:00+00:00,72.0,74.4,5.0,1.29175,0.0,gfz:kp_f107
2018-07-08 00:00:00+00:00,71.6,74.0,4.0,0.833375,0.0,gfz:kp_f107
2018-07-09 00:00:00+00:00,72.9,75.4,2.0,0.333125,0.0,gfz:kp_f107
2018-07-10 00:00:00+00:00,72.1,74.5,6.0,1.624875,0.0,gfz:kp_f107
2018-07-11 00:00:00+00:00,73.3,75.8,7.0,1.874875,0.0,gfz:kp_f107
2018-07-12 00:00:00+00:00,72.1,74.6,7.0,1.70825,0.0,gfz:kp_f107
2018-07-13 00:00:00+00:00,72.5,74.9,5.0,1.29175,13.0,gfz:kp_f107
2018-07-14 00:00:00+00:00,72.3,74.7,4.0,0.875,12.0,gfz:kp_f107
2018-07-15 00:00:00+00:00,71.7,74.1,3.0,0.583125,12.0,gfz:kp_f107
2018-07-16 00:00:00+00:00,71.9,74.3,7.0,1.8335,0.0,gfz:kp_f107
2018-07-17 00:00:00+00:00,71.2,73.5,7.0,1.458375,0.0,gfz:kp_f107
2018-07-18 00:00:00+00:00,71.2,73.6,3.0,0.625,0.0,gfz:kp_f107
2018-07-19 00:00:00+00:00,70.5,72.8,3.0,0.79175,0.0,gfz:kp_f107
2018-07-20 00:00:00+00:00,70.5,72.7,6.0,1.54175,0.0,gfz:kp_f107
2018-07-21 00:00:00+00:00,70.0,72.2,10.0,2.3335,12.0,gfz:kp_f107
2018-07-22 00:00:00+00:00,68.2,70.4,4.0,1.124875,0.0,gfz:kp_f107
2018-07-23 00:00:00+00:00,67.0,69.1,3.0,0.66675,0.0,gfz:kp_f107
2018-07-24 00:00:00+00:00,66.9,69.0,17.0,3.125,0.0,gfz:kp_f107
2018-07-25 00:00:00+00:00,65.8,67.9,8.0,1.7915,0.0,gfz:kp_f107
2018-07-26 00:00:00+00:00,66.2,68.3,3.0,0.7501249999999999,0.0,gfz:kp_f107
2018-07-27 00:00:00+00:00,66.6,68.6,3.0,0.625,0.0,gfz:kp_f107
2018-07-28 00:00:00+00:00,67.9,70.0,4.0,1.166625,0.0,gfz:kp_f107
2018-07-29 00:00:00+00:00,68.0,70.0,4.0,0.958375,0.0,gfz:kp_f107
2018-07-30 00:00:00+00:00,68.3,70.4,4.0,1.0,0.0,gfz:kp_f107
2018-07-31 00:00:00+00:00,68.9,71.0,4.0,1.0415,0.0,gfz:kp_f107
2018-08-01 00:00:00+00:00,70.2,72.3,5.0,1.375,12.0,gfz:kp_f107
2018-08-02 00:00:00+00:00,69.9,72.0,5.0,1.166625,11.0,gfz:kp_f107
2018-08-03 00:00:00+00:00,70.2,72.3,5.0,1.291625,0.0,gfz:kp_f107
2018-08-04 00:00:00+00:00,70.4,72.5,4.0,1.08325,0.0,gfz:kp_f107
2018-08-05 00:00:00+00:00,69.2,71.2,4.0,0.958375,0.0,gfz:kp_f107
2018-08-06 00:00:00+00:00,69.1,71.1,3.0,0.5835,0.0,gfz:kp_f107
2018-08-07 00:00:00+00:00,69.5,71.5,9.0,2.208375,0.0,gfz:kp_f107
2018-08-08 00:00:00+00:00,69.6,71.6,4.0,1.125,0.0,gfz:kp_f107
2018-08-09 00:00:00+00:00,70.3,72.2,4.0,0.875,0.0,gfz:kp_f107
2018-08-10 00:00:00+00:00,69.5,71.4,3.0,0.791625,0.0,gfz:kp_f107
2018-08-11 00:00:00+00:00,67.4,69.3,10.0,2.16675,0.0,gfz:kp_f107
2018-08-12 00:00:00+00:00,68.1,69.9,5.0,1.291875,0.0,gfz:kp_f107
2018-08-13 00:00:00+00:00,67.8,69.6,4.0,0.83325,0.0,gfz:kp_f107
2018-08-14 00:00:00+00:00,68.7,70.5,3.0,0.75,12.0,gfz:kp_f107
2018-08-15 00:00:00+00:00,68.8,70.6,13.0,2.583375,13.0,gfz:kp_f107
2018-08-16 00:00:00+00:00,68.3,70.0,10.0,2.291625,13.0,gfz:kp_f107
2018-08-17 00:00:00+00:00,67.3,69.0,12.0,2.4165,12.0,gfz:kp_f107
2018-08-18 00:00:00+00:00,67.2,68.9,9.0,2.166625,11.0,gfz:kp_f107
2018-08-19 00:00:00+00:00,66.8,68.4,7.0,1.874875,14.0,gfz:kp_f107
2018-08-20 00:00:00+00:00,68.0,69.6,14.0,2.833375,16.0,gfz:kp_f107
2018-08-21 00:00:00+00:00,67.8,69.4,7.0,1.7915,16.0,gfz:kp_f107
2018-08-22 00:00:00+00:00,66.9,68.4,5.0,1.249875,12.0,gfz:kp_f107
2018-08-23 00:00:00+00:00,69.5,71.1,4.0,0.8335,15.0,gfz:kp_f107
2018-08-24 00:00:00+00:00,72.4,74.0,4.0,1.041625,29.0,gfz:kp_f107
2018-08-25 00:00:00+00:00,71.6,73.1,12.0,2.29175,32.0,gfz:kp_f107
2018-08-26 00:00:00+00:00,71.1,72.6,67.0,5.29175,28.0,gfz:kp_f107
2018-08-27 00:00:00+00:00,69.6,71.0,25.0,3.3751249999999997,13.0,gfz:kp_f107
2018-08-28 00:00:00+00:00,69.8,71.2,8.0,1.7918749999999999,11.0,gfz:kp_f107
2018-08-29 00:00:00+00:00,70.5,71.8,5.0,1.416625,0.0,gfz:kp_f107
2018-08-30 00:00:00+00:00,68.3,69.6,3.0,0.791625,0.0,gfz:kp_f107
2018-08-31 00:00:00+00:00,67.5,68.8,4.0,1.04175,0.0,gfz:kp_f107
2018-09-01 00:00:00+00:00,68.3,69.5,4.0,0.916625,0.0,gfz:kp_f107
2018-09-02 00:00:00+00:00,67.7,68.9,4.0,1.1665,0.0,gfz:kp_f107
2018-09-03 00:00:00+00:00,68.1,69.3,4.0,0.9165,0.0,gfz:kp_f107
2018-09-04 00:00:00+00:00,67.5,68.6,8.0,1.9168749999999999,0.0,gfz:kp_f107
2018-09-05 00:00:00+00:00,67.5,68.6,10.0,2.16675,0.0,gfz:kp_f107
2018-09-06 00:00:00+00:00,67.4,68.4,4.0,1.166625,0.0,gfz:kp_f107
2018-09-07 00:00:00+00:00,67.5,68.6,4.0,1.125,0.0,gfz:kp_f107
2018-09-08 00:00:00+00:00,68.7,69.7,4.0,0.8750000000000001,16.0,gfz:kp_f107
2018-09-09 00:00:00+00:00,68.4,69.4,6.0,1.54175,14.0,gfz:kp_f107
2018-09-10 00:00:00+00:00,69.0,69.9,20.0,2.58325,12.0,gfz:kp_f107
2018-09-11 00:00:00+00:00,69.4,70.3,35.0,4.04175,16.0,gfz:kp_f107
2018-09-12 00:00:00+00:00,69.7,70.6,9.0,2.083375,14.0,gfz:kp_f107
2018-09-13 00:00:00+00:00,69.6,70.5,17.0,3.125,0.0,gfz:kp_f107
2018-09-14 00:00:00+00:00,69.0,69.8,14.0,2.75,0.0,gfz:kp_f107
2018-09-15 00:00:00+00:00,68.5,69.2,7.0,1.79175,0.0,gfz:kp_f107
2018-09-16 00:00:00+00:00,69.1,69.8,5.0,1.291625,0.0,gfz:kp_f107
2018-09-17 00:00:00+00:00,67.8,68.5,11.0,2.4585,13.0,gfz:kp_f107
2018-09-18 00:00:00+00:00,68.1,68.8,5.0,1.41675,0.0,gfz:kp_f107
2018-09-19 00:00:00+00:00,67.9,68.5,3.0,0.7498750000000001,0.0,gfz:kp_f107
2018-09-20 00:00:00+00:00,66.6,67.2,1.0,0.20825,0.0,gfz:kp_f107
2018-09-21 00:00:00+00:00,66.9,67.4,7.0,1.166625,0.0,gfz:kp_f107
2018-09-22 00:00:00+00:00,67.9,68.4,27.0,3.9167500000000004,0.0,gfz:kp_f107
2018-09-23 00:00:00+00:00,68.4,68.9,10.0,2.33325,0.0,gfz:kp_f107
2018-09-24 00:00:00+00:00,68.6,69.0,6.0,1.5833750000000002,0.0,gfz:kp_f107
2018-09-25 00:00:00+00:00,67.6,68.0,10.0,2.29175,0.0,gfz:kp_f107
2018-09-26 00:00:00+00:00,69.0,69.3,7.0,1.708375,0.0,gfz:kp_f107
2018-09-27 00:00:00+00:00,67.1,67.4,6.0,1.458375,0.0,gfz:kp_f107
2018-09-28 00:00:00+00:00,69.1,69.4,7.0,1.54175,0.0,gfz:kp_f107
2018-09-29 00:00:00+00:00,68.7,68.9,9.0,2.166625,0.0,gfz:kp_f107
2018-09-30 00:00:00+00:00,68.3,68.5,5.0,1.166625,15.0,gfz:kp_f107
2018-10-01 00:00:00+00:00,70.1,70.3,8.0,1.83325,17.0,gfz:kp_f107
2018-10-02 00:00:00+00:00,67.0,67.1,7.0,1.583375,14.0,gfz:kp_f107
2018-10-03 00:00:00+00:00,68.4,68.4,4.0,1.125125,12.0,gfz:kp_f107
2018-10-04 00:00:00+00:00,67.2,67.2,4.0,0.9165,11.0,gfz:kp_f107
2018-10-05 00:00:00+00:00,68.7,68.7,8.0,2.0001249999999997,0.0,gfz:kp_f107
2018-10-06 00:00:00+00:00,68.6,68.6,4.0,0.875,0.0,gfz:kp_f107
2018-10-07 00:00:00+00:00,69.5,69.4,24.0,2.916625,0.0,gfz:kp_f107
2018-10-08 00:00:00+00:00,68.8,68.7,19.0,3.208375,0.0,gfz:kp_f107
2018-10-09 00:00:00+00:00,69.5,69.3,16.0,3.0835,0.0,gfz:kp_f107
2018-10-10 00:00:00+00:00,69.8,69.6,15.0,2.708375,0.0,gfz:kp_f107
2018-10-11 00:00:00+00:00,70.9,70.6,9.0,2.16675,5.0,gfz:kp_f107
2018-10-12 00:00:00+00:00,71.6,71.3,5.0,1.291625,13.0,gfz:kp_f107
2018-10-13 00:00:00+00:00,72.4,72.1,13.0,2.2915,26.0,gfz:kp_f107
2018-10-14 00:00:00+00:00,71.5,71.1,5.0,1.375,23.0,gfz:kp_f107
2018-10-15 00:00:00+00:00,70.0,69.6,10.0,2.291875,17.0,gfz:kp_f107
2018-10-16 00:00:00+00:00,69.7,69.3,5.0,1.2085,0.0,gfz:kp_f107
2018-10-17 00:00:00+00:00,70.0,69.6,2.0,0.5,11.0,gfz:kp_f107
2018-10-18 00:00:00+00:00,69.5,69.0,0.0,0.08325,0.0,gfz:kp_f107
2018-10-19 00:00:00+00:00,69.6,69.0,2.0,0.2915,0.0,gfz:kp_f107
2018-10-20 00:00:00+00:00,70.4,69.8,1.0,0.12487500000000001,0.0,gfz:kp_f107
2018-10-21 00:00:00+00:00,71.0,70.4,4.0,1.041625,4.0,gfz:kp_f107
2018-10-22 00:00:00+00:00,70.9,70.2,5.0,1.2918749999999999,0.0,gfz:kp_f107
2018-10-23 00:00:00+00:00,71.6,70.9,3.0,0.58325,0.0,gfz:kp_f107
2018-10-24 00:00:00+00:00,69.7,68.9,3.0,0.708125,0.0,gfz:kp_f107
2018-10-25 00:00:00+00:00,69.4,68.6,5.0,1.416625,0.0,gfz:kp_f107
2018-10-26 00:00:00+00:00,69.2,68.3,6.0,1.541625,0.0,gfz:kp_f107
2018-10-27 00:00:00+00:00,69.3,68.5,3.0,0.708375,0.0,gfz:kp_f107
2018-10-28 00:00:00+00:00,68.3,67.4,3.0,0.66675,0.0,gfz:kp_f107
2018-10-29 00:00:00+00:00,68.8,67.9,1.0,0.1665,0.0,gfz:kp_f107
2018-10-30 00:00:00+00:00,67.1,66.1,3.0,0.833375,0.0,gfz:kp_f107
2018-10-31 00:00:00+00:00,68.1,67.1,3.0,0.875,0.0,gfz:kp_f107
2018-11-01 00:00:00+00:00,66.8,65.8,4.0,1.166625,0.0,gfz:kp_f107
2018-11-02 00:00:00+00:00,67.6,66.5,4.0,0.916625,0.0,gfz:kp_f107
2018-11-03 00:00:00+00:00,67.4,66.3,3.0,0.833125,0.0,gfz:kp_f107
2018-11-04 00:00:00+00:00,66.6,65.5,16.0,2.0835,0.0,gfz:kp_f107
2018-11-05 00:00:00+00:00,68.3,67.2,32.0,4.041625,0.0,gfz:kp_f107
2018-11-06 00:00:00+00:00,68.8,67.6,7.0,1.625,0.0,gfz:kp_f107
2018-11-07 00:00:00+00:00,68.7,67.5,9.0,2.08325,0.0,gfz:kp_f107
2018-11-08 00:00:00+00:00,69.5,68.2,11.0,2.166625,5.0,gfz:kp_f107
2018-11-09 00:00:00+00:00,68.9,67.6,11.0,2.041625,11.0,gfz:kp_f107
2018-11-10 00:00:00+00:00,69.0,67.6,13.0,2.541625,3.0,gfz:kp_f107
2018-11-11 00:00:00+00:00,69.3,68.0,7.0,1.708375,0.0,gfz:kp_f107
2018-11-12 00:00:00+00:00,68.2,66.8,9.0,2.166625,15.0,gfz:kp_f107
2018-11-13 00:00:00+00:00,67.0,65.6,3.0,0.666625,11.0,gfz:kp_f107
2018-11-14 00:00:00+00:00,67.9,66.5,3.0,0.666625,11.0,gfz:kp_f107
2018-11-15 00:00:00+00:00,68.4,66.9,1.0,0.25,13.0,gfz:kp_f107
2018-11-16 00:00:00+00:00,71.1,69.5,1.0,0.166625,15.0,gfz:kp_f107
2018-11-17 00:00:00+00:00,73.3,71.7,1.0,0.166625,15.0,gfz:kp_f107
2018-11-18 00:00:00+00:00,72.3,70.6,2.0,0.5,14.0,gfz:kp_f107
2018-11-19 00:00:00+00:00,71.1,69.5,4.0,1.08325,12.0,gfz:kp_f107
2018-11-20 00:00:00+00:00,70.5,68.8,6.0,1.208375,0.0,gfz:kp_f107
2018-11-21 00:00:00+00:00,68.8,67.1,4.0,1.0,0.0,gfz:kp_f107
2018-11-22 00:00:00+00:00,69.2,67.5,2.0,0.374875,0.0,gfz:kp_f107
2018-11-23 00:00:00+00:00,69.2,67.5,2.0,0.45837500000000003,0.0,gfz:kp_f107
2018-11-24 00:00:00+00:00,70.0,68.2,3.0,0.666625,9.0,gfz:kp_f107
2018-11-25 00:00:00+00:00,69.6,67.8,3.0,0.5835,11.0,gfz:kp_f107
2018-11-26 00:00:00+00:00,68.6,66.8,2.0,0.333375,3.0,gfz:kp_f107
2018-11-27 00:00:00+00:00,68.4,66.6,5.0,1.29175,0.0,gfz:kp_f107
2018-11-28 00:00:00+00:00,67.5,65.7,2.0,0.458375,0.0,gfz:kp_f107
2018-11-29 00:00:00+00:00,67.8,66.0,2.0,0.499875,0.0,gfz:kp_f107
2018-11-30 00:00:00+00:00,67.9,66.1,2.0,0.37487499999999996,0.0,gfz:kp_f107
2018-12-01 00:00:00+00:00,69.4,67.4,6.0,1.41675,0.0,gfz:kp_f107
2018-12-02 00:00:00+00:00,69.0,67.0,11.0,2.3751249999999997,0.0,gfz:kp_f107
2018-12-03 00:00:00+00:00,68.4,66.4,8.0,2.041625,0.0,gfz:kp_f107
2018-12-04 00:00:00+00:00,68.7,66.8,8.0,1.875,0.0,gfz:kp_f107
2018-12-05 00:00:00+00:00,70.9,68.8,4.0,1.125,17.0,gfz:kp_f107
2018-12-06 00:00:00+00:00,69.7,67.7,5.0,1.2085,21.0,gfz:kp_f107
2018-12-07 00:00:00+00:00,70.1,68.1,9.0,2.2498750000000003,18.0,gfz:kp_f107
2018-12-08 00:00:00+00:00,70.5,68.4,10.0,2.375,5.0,gfz:kp_f107
2018-12-09 00:00:00+00:00,71.6,69.5,9.0,1.916625,0.0,gfz:kp_f107
2018-12-10 00:00:00+00:00,71.0,68.8,10.0,2.20825,0.0,gfz:kp_f107
2018-12-11 00:00:00+00:00,71.0,68.9,8.0,1.833375,13.0,gfz:kp_f107
2018-12-12 00:00:00+00:00,70.8,68.6,4.0,0.958625,0.0,gfz:kp_f107
2018-12-13 00:00:00+00:00,70.2,68.0,1.0,0.291625,0.0,gfz:kp_f107
2018-12-14 00:00:00+00:00,70.8,68.6,2.0,0.291625,11.0,gfz:kp_f107
2018-12-15 00:00:00+00:00,71.2,68.9,1.0,0.208125,12.0,gfz:kp_f107
2018-12-16 00:00:00+00:00,69.8,67.6,2.0,0.37487499999999996,0.0,gfz:kp_f107
2018-12-17 00:00:00+00:00,70.1,67.9,5.0,1.25,0.0,gfz:kp_f107
2018-12-18 00:00:00+00:00,70.4,68.1,6.0,1.5835,0.0,gfz:kp_f107
2018-12-19 00:00:00+00:00,70.2,68.0,5.0,1.375,0.0,gfz:kp_f107
2018-12-20 00:00:00+00:00,69.8,67.6,11.0,2.3335,0.0,gfz:kp_f107
2018-12-21 00:00:00+00:00,71.1,68.8,4.0,1.083375,0.0,gfz:kp_f107
2018-12-22 00:00:00+00:00,71.0,68.7,2.0,0.375,0.0,gfz:kp_f107
2018-12-23 00:00:00+00:00,70.2,68.0,2.0,0.2915,0.0,gfz:kp_f107
2018-12-24 00:00:00+00:00,69.5,67.2,2.0,0.5001249999999999,0.0,gfz:kp_f107
2018-12-25 00:00:00+00:00,69.6,67.3,3.0,0.79175,0.0,gfz:kp_f107
2018-12-26 00:00:00+00:00,68.7,66.5,2.0,0.33325,0.0,gfz:kp_f107
2018-12-27 00:00:00+00:00,68.5,66.2,3.0,0.791625,0.0,gfz:kp_f107
2018-12-28 00:00:00+00:00,69.3,67.0,22.0,3.58325,0.0,gfz:kp_f107
2018-12-29 00:00:00+00:00,69.0,66.7,9.0,2.25,0.0,gfz:kp_f107
2018-12-30 00:00:00+00:00,69.4,67.1,9.0,2.25,0.0,gfz:kp_f107
2018-12-31 00:00:00+00:00,69.3,67.0,7.0,1.625,0.0,gfz:kp_f107
2019-01-01 00:00:00+00:00,71.9,69.5,5.0,1.208375,12.0,gfz:kp_f107
2019-01-02 00:00:00+00:00,75.2,72.7,0.0,0.08325,15.0,gfz:kp_f107
2019-01-03 00:00:00+00:00,72.6,70.2,1.0,0.249875,15.0,gfz:kp_f107
2019-01-04 00:00:00+00:00,71.5,69.1,9.0,1.916625,13.0,gfz:kp_f107
2019-01-05 00:00:00+00:00,71.1,68.8,16.0,2.83325,11.0,gfz:kp_f107
2019-01-06 00:00:00+00:00,72.0,69.6,9.0,2.2501249999999997,0.0,gfz:kp_f107
2019-01-07 00:00:00+00:00,71.5,69.1,6.0,1.5,0.0,gfz:kp_f107
2019-01-08 00:00:00+00:00,71.3,69.0,6.0,1.4165,0.0,gfz:kp_f107
2019-01-09 00:00:00+00:00,71.5,69.2,4.0,0.958375,0.0,gfz:kp_f107
2019-01-10 00:00:00+00:00,70.1,67.8,3.0,0.75,0.0,gfz:kp_f107
2019-01-11 00:00:00+00:00,68.1,65.9,6.0,1.3747500000000001,0.0,gfz:kp_f107
2019-01-12 00:00:00+00:00,69.6,67.3,2.0,0.416625,0.0,gfz:kp_f107
2019-01-13 00:00:00+00:00,68.9,66.6,2.0,0.54175,0.0,gfz:kp_f107
2019-01-14 00:00:00+00:00,70.0,67.8,6.0,1.7085,0.0,gfz:kp_f107
2019-01-15 00:00:00+00:00,69.5,67.3,5.0,1.16675,0.0,gfz:kp_f107
2019-01-16 00:00:00+00:00,69.7,67.5,5.0,1.25,0.0,gfz:kp_f107
2019-01-17 00:00:00+00:00,68.6,66.4,6.0,1.66675,0.0,gfz:kp_f107
2019-01-18 00:00:00+00:00,68.8,66.6,5.0,1.29175,0.0,gfz:kp_f107
2019-01-19 00:00:00+00:00,69.7,67.4,4.0,0.91675,0.0,gfz:kp_f107
2019-01-20 00:00:00+00:00,69.2,67.0,3.0,0.791875,0.0,gfz:kp_f107
2019-01-21 00:00:00+00:00,69.9,67.7,3.0,0.70825,10.0,gfz:kp_f107
2019-01-22 00:00:00+00:00,70.7,68.5,3.0,0.666625,16.0,gfz:kp_f107
2019-01-23 00:00:00+00:00,71.5,69.3,12.0,2.666625,19.0,gfz:kp_f107
2019-01-24 00:00:00+00:00,72.4,70.2,17.0,3.0,21.0,gfz:kp_f107
2019-01-25 00:00:00+00:00,75.0,72.7,12.0,2.625,22.0,gfz:kp_f107
2019-01-26 00:00:00+00:00,76.6,74.3,7.0,1.5835,26.0,gfz:kp_f107
2019-01-27 00:00:00+00:00,75.1,72.8,4.0,0.9998750000000001,19.0,gfz:kp_f107
2019-01-28 00:00:00+00:00,75.8,73.5,1.0,0.20825,16.0,gfz:kp_f107
2019-01-29 00:00:00+00:00,73.1,70.9,2.0,0.375,13.0,gfz:kp_f107
2019-01-30 00:00:00+00:00,73.5,71.4,1.0,0.25,11.0,gfz:kp_f107
2019-01-31 00:00:00+00:00,72.1,70.0,14.0,2.20825,0.0,gfz:kp_f107
2019-02-01 00:00:00+00:00,72.1,70.0,15.0,2.9998750000000003,0.0,gfz:kp_f107
2019-02-02 00:00:00+00:00,70.9,68.8,16.0,3.041625,0.0,gfz:kp_f107
2019-02-03 00:00:00+00:00,71.1,69.1,10.0,2.2498750000000003,0.0,gfz:kp_f107
2019-02-04 00:00:00+00:00,70.7,68.7,5.0,1.25,0.0,gfz:kp_f107
2019-02-05 00:00:00+00:00,70.6,68.7,5.0,0.9998750000000001,0.0,gfz:kp_f107
2019-02-06 00:00:00+00:00,69.8,67.9,8.0,2.041625,0.0,gfz:kp_f107
2019-02-07 00:00:00+00:00,70.2,68.3,4.0,1.0,0.0,gfz:kp_f107
2019-02-08 00:00:00+00:00,70.0,68.1,8.0,1.833375,0.0,gfz:kp_f107
2019-02-09 00:00:00+00:00,70.3,68.4,9.0,2.125,0.0,gfz:kp_f107
2019-02-10 00:00:00+00:00,70.0,68.1,5.0,1.20825,0.0,gfz:kp_f107
2019-02-11 00:00:00+00:00,69.9,68.0,8.0,1.875,0.0,gfz:kp_f107
2019-02-12 00:00:00+00:00,70.2,68.4,4.0,1.124875,0.0,gfz:kp_f107
2019-02-13 00:00:00+00:00,70.4,68.6,13.0,2.5835,12.0,gfz:kp_f107
2019-02-14 00:00:00+00:00,71.4,69.7,9.0,2.041625,0.0,gfz:kp_f107
2019-02-15 00:00:00+00:00,70.9,69.2,3.0,0.75,0.0,gfz:kp_f107
2019-02-16 00:00:00+00:00,70.7,69.0,3.0,0.75,0.0,gfz:kp_f107
2019-02-17 00:00:00+00:00,70.1,68.4,3.0,0.70825,0.0,gfz:kp_f107
2019-02-18 00:00:00+00:00,69.9,68.3,6.0,1.3331250000000001,0.0,gfz:kp_f107
2019-02-19 00:00:00+00:00,70.2,68.6,2.0,0.49987499999999996,0.0,gfz:kp_f107
2019-02-20 00:00:00+00:00,71.0,69.4,3.0,0.6248750000000001,0.0,gfz:kp_f107
2019-02-21 00:00:00+00:00,70.8,69.2,10.0,2.291875,11.0,gfz:kp_f107
2019-02-22 00:00:00+00:00,71.2,69.7,3.0,0.791625,0.0,gfz:kp_f107
2019-02-23 00:00:00+00:00,70.7,69.2,2.0,0.33325,0.0,gfz:kp_f107
2019-02-24 00:00:00+00:00,70.5,69.0,1.0,0.29175,0.0,gfz:kp_f107
2019-02-25 00:00:00+00:00,70.4,68.9,1.0,0.25,0.0,gfz:kp_f107
2019-02-26 00:00:00+00:00,70.6,69.2,2.0,0.41675,0.0,gfz:kp_f107
2019-02-27 00:00:00+00:00,70.7,69.4,11.0,2.0,0.0,gfz:kp_f107
2019-02-28 00:00:00+00:00,70.1,68.8,23.0,3.58325,0.0,gfz:kp_f107
2019-03-01 00:00:00+00:00,69.9,68.7,23.0,3.66675,0.0,gfz:kp_f107
2019-03-02 00:00:00+00:00,69.4,68.2,13.0,2.625,0.0,gfz:kp_f107
2019-03-03 00:00:00+00:00,69.5,68.3,6.0,1.375125,0.0,gfz:kp_f107
2019-03-04 00:00:00+00:00,70.9,69.7,6.0,1.5415,0.0,gfz:kp_f107
2019-03-05 00:00:00+00:00,72.0,70.8,4.0,1.083375,14.0,gfz:kp_f107
2019-03-06 00:00:00+00:00,72.5,71.3,7.0,1.66675,18.0,gfz:kp_f107
2019-03-07 00:00:00+00:00,70.9,69.9,6.0,1.416625,16.0,gfz:kp_f107
2019-03-08 00:00:00+00:00,71.8,70.7,4.0,1.04175,11.0,gfz:kp_f107
2019-03-09 00:00:00+00:00,70.7,69.7,4.0,1.08325,11.0,gfz:kp_f107
2019-03-10 00:00:00+00:00,71.1,70.1,3.0,0.7915000000000001,11.0,gfz:kp_f107
2019-03-11 00:00:00+00:00,70.4,69.5,2.0,0.458375,11.0,gfz:kp_f107
2019-03-12 00:00:00+00:00,70.7,69.8,6.0,1.541625,11.0,gfz:kp_f107
2019-03-13 00:00:00+00:00,70.8,70.0,4.0,0.83325,0.0,gfz:kp_f107
2019-03-14 00:00:00+00:00,70.1,69.3,7.0,1.583375,12.0,gfz:kp_f107
2019-03-15 00:00:00+00:00,69.6,68.9,7.0,1.625125,0.0,gfz:kp_f107
2019-03-16 00:00:00+00:00,69.5,68.8,12.0,2.333375,0.0,gfz:kp_f107
2019-03-17 00:00:00+00:00,69.3,68.6,15.0,2.5001249999999997,0.0,gfz:kp_f107
2019-03-18 00:00:00+00:00,70.0,69.3,2.0,0.458375,13.0,gfz:kp_f107
2019-03-19 00:00:00+00:00,69.7,69.1,6.0,1.5835,15.0,gfz:kp_f107
2019-03-20 00:00:00+00:00,76.8,76.2,5.0,1.2501250000000002,32.0,gfz:kp_f107
2019-03-21 00:00:00+00:00,80.1,79.4,2.0,0.29150000000000004,38.0,gfz:kp_f107
2019-03-22 00:00:00+00:00,82.4,81.8,1.0,0.16662500000000002,30.0,gfz:kp_f107
2019-03-23 00:00:00+00:00,79.4,78.9,1.0,0.166625,22.0,gfz:kp_f107
2019-03-24 00:00:00+00:00,75.4,75.0,1.0,0.291625,14.0,gfz:kp_f107
2019-03-25 00:00:00+00:00,71.2,70.8,4.0,1.124875,0.0,gfz:kp_f107
2019-03-26 00:00:00+00:00,69.0,68.7,4.0,1.0415,0.0,gfz:kp_f107
2019-03-27 00:00:00+00:00,68.9,68.6,6.0,1.6668749999999999,0.0,gfz:kp_f107
2019-03-28 00:00:00+00:00,68.4,68.1,9.0,2.166625,0.0,gfz:kp_f107
2019-03-29 00:00:00+00:00,68.8,68.6,6.0,1.75,0.0,gfz:kp_f107
2019-03-30 00:00:00+00:00,69.4,69.2,3.0,0.708125,0.0,gfz:kp_f107
2019-03-31 00:00:00+00:00,69.5,69.4,9.0,2.04175,13.0,gfz:kp_f107
2019-04-01 00:00:00+00:00,69.3,69.2,6.0,1.66675,14.0,gfz:kp_f107
2019-04-02 00:00:00+00:00,70.8,70.8,6.0,1.208375,17.0,gfz:kp_f107
2019-04-03 00:00:00+00:00,70.6,70.6,10.0,2.333375,19.0,gfz:kp_f107
2019-04-04 00:00:00+00:00,70.3,70.3,10.0,2.208375,11.0,gfz:kp_f107
2019-04-05 00:00:00+00:00,71.7,71.8,12.0,2.6251249999999997,5.0,gfz:kp_f107
2019-04-06 00:00:00+00:00,73.6,73.7,7.0,1.666625,0.0,gfz:kp_f107
2019-04-07 00:00:00+00:00,76.5,76.6,4.0,1.125,11.0,gfz:kp_f107
2019-04-08 00:00:00+00:00,78.6,78.8,11.0,2.541625,12.0,gfz:kp_f107
2019-04-09 00:00:00+00:00,79.0,79.3,9.0,2.20825,12.0,gfz:kp_f107
2019-04-10 00:00:00+00:00,78.1,78.4,14.0,2.625,13.0,gfz:kp_f107
2019-04-11 00:00:00+00:00,78.5,78.9,6.0,1.625125,12.0,gfz:kp_f107
2019-04-12 00:00:00+00:00,77.3,77.7,7.0,1.79175,13.0,gfz:kp_f107
2019-04-13 00:00:00+00:00,77.9,78.3,7.0,1.625,16.0,gfz:kp_f107
2019-04-14 00:00:00+00:00,75.4,75.9,4.0,0.91675,14.0,gfz:kp_f107
2019-04-15 00:00:00+00:00,75.4,75.9,6.0,1.7081250000000001,12.0,gfz:kp_f107
2019-04-16 00:00:00+00:00,74.2,74.7,5.0,1.416625,11.0,gfz:kp_f107
2019-04-17 00:00:00+00:00,76.1,76.7,3.0,0.66675,16.0,gfz:kp_f107
2019-04-18 00:00:00+00:00,74.6,75.2,2.0,0.37512500000000004,24.0,gfz:kp_f107
2019-04-19 00:00:00+00:00,72.7,73.3,4.0,0.9998750000000001,24.0,gfz:kp_f107
2019-04-20 00:00:00+00:00,69.9,70.6,4.0,0.8335000000000001,11.0,gfz:kp_f107
2019-04-21 00:00:00+00:00,69.3,69.9,3.0,0.708375,5.0,gfz:kp_f107
2019-04-22 00:00:00+00:00,69.4,70.2,3.0,0.6248750000000001,0.0,gfz:kp_f107
2019-04-23 00:00:00+00:00,68.8,69.6,7.0,1.499875,0.0,gfz:kp_f107
2019-04-24 00:00:00+00:00,69.3,70.1,6.0,1.541625,0.0,gfz:kp_f107
2019-04-25 00:00:00+00:00,67.5,68.4,4.0,1.16675,0.0,gfz:kp_f107
2019-04-26 00:00:00+00:00,67.2,68.0,3.0,0.833375,0.0,gfz:kp_f107
2019-04-27 00:00:00+00:00,66.9,67.8,5.0,1.416625,0.0,gfz:kp_f107
2019-04-28 00:00:00+00:00,67.9,68.8,4.0,1.041625,0.0,gfz:kp_f107
2019-04-29 00:00:00+00:00,66.9,67.9,4.0,1.083375,0.0,gfz:kp_f107
2019-04-30 00:00:00+00:00,68.5,69.5,4.0,1.04175,0.0,gfz:kp_f107
2019-05-01 00:00:00+00:00,67.6,68.7,11.0,2.125,0.0,gfz:kp_f107
2019-05-02 00:00:00+00:00,69.2,70.3,11.0,2.4165,0.0,gfz:kp_f107
2019-05-03 00:00:00+00:00,69.8,70.9,7.0,1.79175,0.0,gfz:kp_f107
2019-05-04 00:00:00+00:00,72.3,73.5,8.0,2.04175,12.0,gfz:kp_f107
2019-05-05 00:00:00+00:00,73.5,74.7,3.0,0.666625,12.0,gfz:kp_f107
2019-05-06 00:00:00+00:00,76.0,77.3,4.0,1.08325,16.0,gfz:kp_f107
2019-05-07 00:00:00+00:00,78.7,80.1,4.0,1.125,26.0,gfz:kp_f107
2019-05-08 00:00:00+00:00,75.3,76.8,2.0,0.33325,25.0,gfz:kp_f107
2019-05-09 00:00:00+00:00,76.2,77.7,6.0,1.5415,26.0,gfz:kp_f107
2019-05-10 00:00:00+00:00,76.3,77.8,7.0,1.625125,26.0,gfz:kp_f107
2019-05-11 00:00:00+00:00,78.0,79.5,24.0,3.666625,27.0,gfz:kp_f107
2019-05-12 00:00:00+00:00,76.0,77.6,4.0,0.916625,26.0,gfz:kp_f107
2019-05-13 00:00:00+00:00,74.7,76.2,6.0,1.375125,24.0,gfz:kp_f107
2019-05-14 00:00:00+00:00,74.4,76.0,32.0,3.666625,24.0,gfz:kp_f107
2019-05-15 00:00:00+00:00,74.0,75.6,5.0,1.29175,18.0,gfz:kp_f107
2019-05-16 00:00:00+00:00,73.6,75.3,7.0,1.625,13.0,gfz:kp_f107
2019-05-17 00:00:00+00:00,72.1,73.8,4.0,0.95825,13.0,gfz:kp_f107
2019-05-18 00:00:00+00:00,70.6,72.2,4.0,0.875,12.0,gfz:kp_f107
2019-05-19 00:00:00+00:00,68.0,69.6,2.0,0.541625,0.0,gfz:kp_f107
2019-05-20 00:00:00+00:00,68.7,70.4,5.0,1.166625,0.0,gfz:kp_f107
2019-05-21 00:00:00+00:00,68.0,69.7,3.0,0.666625,0.0,gfz:kp_f107
2019-05-22 00:00:00+00:00,67.3,69.0,4.0,0.916625,0.0,gfz:kp_f107
2019-05-23 00:00:00+00:00,66.5,68.2,4.0,1.08325,0.0,gfz:kp_f107
2019-05-24 00:00:00+00:00,66.4,68.1,4.0,1.041625,0.0,gfz:kp_f107
2019-05-25 00:00:00+00:00,67.0,68.7,3.0,0.708125,0.0,gfz:kp_f107
2019-05-26 00:00:00+00:00,68.0,69.8,4.0,0.791625,0.0,gfz:kp_f107
2019-05-27 00:00:00+00:00,67.5,69.3,8.0,1.9165,0.0,gfz:kp_f107
2019-05-28 00:00:00+00:00,68.1,70.0,7.0,1.625,0.0,gfz:kp_f107
2019-05-29 00:00:00+00:00,68.2,70.1,13.0,2.70825,7.0,gfz:kp_f107
2019-05-30 00:00:00+00:00,68.7,70.6,7.0,1.874875,0.0,gfz:kp_f107
2019-05-31 00:00:00+00:00,68.7,70.6,4.0,0.83325,0.0,gfz:kp_f107
2019-06-01 00:00:00+00:00,69.7,71.7,3.0,0.583375,0.0,gfz:kp_f107
2019-06-02 00:00:00+00:00,69.9,71.9,3.0,0.62475,0.0,gfz:kp_f107
2019-06-03 00:00:00+00:00,69.8,71.8,3.0,0.749875,0.0,gfz:kp_f107
2019-06-04 00:00:00+00:00,70.0,72.1,6.0,1.6665,0.0,gfz:kp_f107
2019-06-05 00:00:00+00:00,69.8,71.8,4.0,0.833375,0.0,gfz:kp_f107
2019-06-06 00:00:00+00:00,68.9,70.9,2.0,0.375,0.0,gfz:kp_f107
2019-06-07 00:00:00+00:00,68.9,71.0,4.0,0.83325,0.0,gfz:kp_f107
2019-06-08 00:00:00+00:00,68.4,70.5,20.0,2.6251249999999997,0.0,gfz:kp_f107
2019-06-09 00:00:00+00:00,68.4,70.5,6.0,1.416625,0.0,gfz:kp_f107
2019-06-10 00:00:00+00:00,68.9,71.0,2.0,0.45837500000000003,0.0,gfz:kp_f107
2019-06-11 00:00:00+00:00,69.7,71.9,2.0,0.4165,0.0,gfz:kp_f107
2019-06-12 00:00:00+00:00,69.5,71.6,3.0,0.666625,0.0,gfz:kp_f107
2019-06-13 00:00:00+00:00,67.5,69.6,9.0,2.0,0.0,gfz:kp_f107
2019-06-14 00:00:00+00:00,68.0,70.1,6.0,1.500125,0.0,gfz:kp_f107
2019-06-15 00:00:00+00:00,66.7,68.8,3.0,0.75,0.0,gfz:kp_f107
2019-06-16 00:00:00+00:00,65.9,68.0,4.0,0.8333750000000001,0.0,gfz:kp_f107
2019-06-17 00:00:00+00:00,66.3,68.5,2.0,0.416625,0.0,gfz:kp_f107
2019-06-18 00:00:00+00:00,67.0,69.2,3.0,0.624875,0.0,gfz:kp_f107
2019-06-19 00:00:00+00:00,68.0,70.2,3.0,0.66675,0.0,gfz:kp_f107
2019-06-20 00:00:00+00:00,67.7,69.9,6.0,1.541625,0.0,gfz:kp_f107
2019-06-21 00:00:00+00:00,66.5,68.6,5.0,1.374875,0.0,gfz:kp_f107
2019-06-22 00:00:00+00:00,66.4,68.6,3.0,0.791625,0.0,gfz:kp_f107
2019-06-23 00:00:00+00:00,67.2,69.5,2.0,0.45825,0.0,gfz:kp_f107
2019-06-24 00:00:00+00:00,67.9,70.2,4.0,1.0835,11.0,gfz:kp_f107
2019-06-25 00:00:00+00:00,67.9,70.2,3.0,0.666625,12.0,gfz:kp_f107
2019-06-26 00:00:00+00:00,68.0,70.3,5.0,1.25,7.0,gfz:kp_f107
2019-06-27 00:00:00+00:00,67.0,69.3,3.0,0.75,0.0,gfz:kp_f107
2019-06-28 00:00:00+00:00,68.1,70.4,4.0,0.833375,0.0,gfz:kp_f107
2019-06-29 00:00:00+00:00,67.6,69.9,3.0,0.583375,5.0,gfz:kp_f107
2019-06-30 00:00:00+00:00,67.4,69.7,4.0,0.8331250000000001,0.0,gfz:kp_f107
2019-07-01 00:00:00+00:00,68.2,70.5,8.0,1.9165,5.0,gfz:kp_f107
2019-07-02 00:00:00+00:00,67.3,69.5,4.0,1.166625,0.0,gfz:kp_f107
2019-07-03 00:00:00+00:00,66.9,69.1,3.0,0.833125,0.0,gfz:kp_f107
2019-07-04 00:00:00+00:00,67.6,69.9,4.0,1.0831250000000001,0.0,gfz:kp_f107
2019-07-05 00:00:00+00:00,66.8,69.0,4.0,0.91675,0.0,gfz:kp_f107
2019-07-06 00:00:00+00:00,66.5,68.8,3.0,0.625,0.0,gfz:kp_f107
2019-07-07 00:00:00+00:00,67.3,69.6,4.0,1.0,9.0,gfz:kp_f107
2019-07-08 00:00:00+00:00,66.5,68.7,8.0,1.541625,5.0,gfz:kp_f107
2019-07-09 00:00:00+00:00,67.5,69.7,15.0,2.708375,0.0,gfz:kp_f107
2019-07-10 00:00:00+00:00,67.8,70.1,15.0,2.625,0.0,gfz:kp_f107
2019-07-11 00:00:00+00:00,67.1,69.4,6.0,1.41675,0.0,gfz:kp_f107
2019-07-12 00:00:00+00:00,66.8,69.0,4.0,1.16675,0.0,gfz:kp_f107
2019-07-13 00:00:00+00:00,66.0,68.2,5.0,1.375,0.0,gfz:kp_f107
2019-07-14 00:00:00+00:00,67.2,69.4,5.0,1.16675,0.0,gfz:kp_f107
2019-07-15 00:00:00+00:00,67.1,69.3,6.0,1.625,0.0,gfz:kp_f107
2019-07-16 00:00:00+00:00,67.2,69.5,4.0,1.166625,0.0,gfz:kp_f107
2019-07-17 00:00:00+00:00,67.8,70.0,5.0,1.33325,0.0,gfz:kp_f107
2019-07-18 00:00:00+00:00,67.0,69.2,3.0,0.666625,0.0,gfz:kp_f107
2019-07-19 00:00:00+00:00,66.7,68.9,3.0,0.6667500000000001,0.0,gfz:kp_f107
2019-07-20 00:00:00+00:00,67.0,69.1,2.0,0.375,0.0,gfz:kp_f107
2019-07-21 00:00:00+00:00,67.7,69.8,8.0,1.625125,0.0,gfz:kp_f107
2019-07-22 00:00:00+00:00,67.3,69.5,7.0,1.83325,8.0,gfz:kp_f107
2019-07-23 00:00:00+00:00,67.4,69.6,5.0,1.4168749999999999,0.0,gfz:kp_f107
2019-07-24 00:00:00+00:00,67.8,70.0,4.0,0.95825,0.0,gfz:kp_f107
2019-07-25 00:00:00+00:00,68.2,70.3,2.0,0.41662499999999997,0.0,gfz:kp_f107
2019-07-26 00:00:00+00:00,67.6,69.8,2.0,0.24975000000000003,0.0,gfz:kp_f107
2019-07-27 00:00:00+00:00,66.7,68.7,4.0,0.958125,0.0,gfz:kp_f107
2019-07-28 00:00:00+00:00,67.1,69.2,4.0,1.0,0.0,gfz:kp_f107
2019-07-29 00:00:00+00:00,66.1,68.2,4.0,0.9998750000000001,0.0,gfz:kp_f107
2019-07-30 00:00:00+00:00,66.2,68.3,8.0,1.666625,0.0,gfz:kp_f107
2019-07-31 00:00:00+00:00,66.9,68.9,7.0,1.708375,0.0,gfz:kp_f107
2019-08-01 00:00:00+00:00,66.8,68.8,7.0,1.5835,0.0,gfz:kp_f107
2019-08-02 00:00:00+00:00,66.9,68.9,3.0,0.708375,0.0,gfz:kp_f107
2019-08-03 00:00:00+00:00,65.7,67.7,2.0,0.333125,0.0,gfz:kp_f107
2019-08-04 00:00:00+00:00,66.9,68.8,3.0,0.70825,0.0,gfz:kp_f107
2019-08-05 00:00:00+00:00,68.1,70.1,34.0,3.958375,8.0,gfz:kp_f107
2019-08-06 00:00:00+00:00,68.1,70.1,10.0,2.29175,0.0,gfz:kp_f107
2019-08-07 00:00:00+00:00,68.0,69.9,5.0,1.416625,7.0,gfz:kp_f107
2019-08-08 00:00:00+00:00,68.6,70.6,6.0,1.458375,0.0,gfz:kp_f107
2019-08-09 00:00:00+00:00,67.2,69.1,6.0,1.41675,0.0,gfz:kp_f107
2019-08-10 00:00:00+00:00,67.2,69.1,6.0,1.625125,0.0,gfz:kp_f107
2019-08-11 00:00:00+00:00,67.6,69.5,5.0,1.291625,0.0,gfz:kp_f107
2019-08-12 00:00:00+00:00,67.2,69.0,4.0,1.166625,0.0,gfz:kp_f107
2019-08-13 00:00:00+00:00,66.8,68.6,6.0,1.583375,0.0,gfz:kp_f107
2019-08-14 00:00:00+00:00,67.4,69.1,4.0,0.83325,0.0,gfz:kp_f107
2019-08-15 00:00:00+00:00,67.6,69.4,3.0,0.750125,0.0,gfz:kp_f107
2019-08-16 00:00:00+00:00,67.5,69.2,4.0,1.0,0.0,gfz:kp_f107
2019-08-17 00:00:00+00:00,68.0,69.7,4.0,0.916625,0.0,gfz:kp_f107
2019-08-18 00:00:00+00:00,67.5,69.2,5.0,1.29175,0.0,gfz:kp_f107
2019-08-19 00:00:00+00:00,67.7,69.3,3.0,0.66675,0.0,gfz:kp_f107
2019-08-20 00:00:00+00:00,67.3,68.9,4.0,1.000125,0.0,gfz:kp_f107
2019-08-21 00:00:00+00:00,66.8,68.4,4.0,0.8748750000000001,0.0,gfz:kp_f107
2019-08-22 00:00:00+00:00,65.7,67.3,5.0,1.25,0.0,gfz:kp_f107
2019-08-23 00:00:00+00:00,66.5,68.0,4.0,0.833375,0.0,gfz:kp_f107
2019-08-24 00:00:00+00:00,66.3,67.8,4.0,0.8748750000000001,0.0,gfz:kp_f107
2019-08-25 00:00:00+00:00,66.0,67.4,3.0,0.70825,0.0,gfz:kp_f107
2019-08-26 00:00:00+00:00,65.8,67.2,5.0,1.2915,0.0,gfz:kp_f107
2019-08-27 00:00:00+00:00,66.1,67.5,10.0,2.333375,0.0,gfz:kp_f107
2019-08-28 00:00:00+00:00,65.9,67.2,4.0,1.04175,0.0,gfz:kp_f107
2019-08-29 00:00:00+00:00,65.9,67.2,3.0,0.6668749999999999,0.0,gfz:kp_f107
2019-08-30 00:00:00+00:00,66.5,67.8,9.0,1.958375,0.0,gfz:kp_f107
2019-08-31 00:00:00+00:00,66.4,67.7,38.0,4.5,0.0,gfz:kp_f107
2019-09-01 00:00:00+00:00,67.1,68.3,44.0,4.833375,14.0,gfz:kp_f107
2019-09-02 00:00:00+00:00,68.8,70.0,22.0,3.41675,14.0,gfz:kp_f107
2019-09-03 00:00:00+00:00,68.6,69.8,8.0,2.04175,5.0,gfz:kp_f107
2019-09-04 00:00:00+00:00,68.6,69.8,10.0,2.458375,0.0,gfz:kp_f107
2019-09-05 00:00:00+00:00,68.3,69.4,12.0,2.541625,0.0,gfz:kp_f107
2019-09-06 00:00:00+00:00,68.9,70.0,7.0,1.625125,0.0,gfz:kp_f107
2019-09-07 00:00:00+00:00,73.9,75.0,6.0,1.5415,0.0,gfz:kp_f107
2019-09-08 00:00:00+00:00,67.5,68.5,8.0,2.083375,0.0,gfz:kp_f107
2019-09-09 00:00:00+00:00,68.8,69.8,13.0,2.7498750000000003,0.0,gfz:kp_f107
2019-09-10 00:00:00+00:00,70.0,70.9,4.0,0.95825,0.0,gfz:kp_f107
2019-09-11 00:00:00+00:00,68.1,69.0,4.0,1.04175,0.0,gfz:kp_f107
2019-09-12 00:00:00+00:00,69.4,70.3,5.0,1.375,0.0,gfz:kp_f107
2019-09-13 00:00:00+00:00,68.3,69.1,7.0,1.750125,0.0,gfz:kp_f107
2019-09-14 00:00:00+00:00,68.6,69.4,5.0,1.3335,0.0,gfz:kp_f107
2019-09-15 00:00:00+00:00,67.7,68.4,8.0,1.875,0.0,gfz:kp_f107
2019-09-16 00:00:00+00:00,68.7,69.4,10.0,2.083375,0.0,gfz:kp_f107
2019-09-17 00:00:00+00:00,67.5,68.2,8.0,1.625,0.0,gfz:kp_f107
2019-09-18 00:00:00+00:00,66.3,66.9,8.0,1.875,0.0,gfz:kp_f107
2019-09-19 00:00:00+00:00,67.1,67.7,3.0,0.666625,0.0,gfz:kp_f107
2019-09-20 00:00:00+00:00,67.2,67.7,3.0,0.541625,0.0,gfz:kp_f107
2019-09-21 00:00:00+00:00,67.7,68.2,6.0,1.6665,0.0,gfz:kp_f107
2019-09-22 00:00:00+00:00,68.3,68.8,3.0,0.7498750000000001,0.0,gfz:kp_f107
2019-09-23 00:00:00+00:00,66.1,66.6,2.0,0.541625,0.0,gfz:kp_f107
2019-09-24 00:00:00+00:00,67.1,67.5,12.0,2.375,0.0,gfz:kp_f107
2019-09-25 00:00:00+00:00,67.5,67.9,4.0,0.874875,0.0,gfz:kp_f107
2019-09-26 00:00:00+00:00,67.1,67.4,3.0,0.624875,0.0,gfz:kp_f107
2019-09-27 00:00:00+00:00,66.4,66.8,22.0,2.8748750000000003,0.0,gfz:kp_f107
2019-09-28 00:00:00+00:00,67.3,67.5,24.0,3.666625,0.0,gfz:kp_f107
2019-09-29 00:00:00+00:00,67.4,67.7,12.0,2.5001249999999997,0.0,gfz:kp_f107
2019-09-30 00:00:00+00:00,67.9,68.1,12.0,2.58325,0.0,gfz:kp_f107
2019-10-01 00:00:00+00:00,68.7,68.8,10.0,2.041625,6.0,gfz:kp_f107
2019-10-02 00:00:00+00:00,68.3,68.4,6.0,1.5,6.0,gfz:kp_f107
2019-10-03 00:00:00+00:00,68.2,68.3,4.0,1.041625,0.0,gfz:kp_f107
2019-10-04 00:00:00+00:00,68.1,68.1,6.0,1.6668749999999999,0.0,gfz:kp_f107
2019-10-05 00:00:00+00:00,67.8,67.8,7.0,1.708375,0.0,gfz:kp_f107
2019-10-06 00:00:00+00:00,67.4,67.3,4.0,1.041625,0.0,gfz:kp_f107
2019-10-07 00:00:00+00:00,67.7,67.6,6.0,1.375,0.0,gfz:kp_f107
2019-10-08 00:00:00+00:00,67.1,67.0,4.0,1.125,0.0,gfz:kp_f107
2019-10-09 00:00:00+00:00,68.1,67.9,8.0,1.833375,0.0,gfz:kp_f107
2019-10-10 00:00:00+00:00,67.5,67.3,13.0,2.4165,0.0,gfz:kp_f107
2019-10-11 00:00:00+00:00,68.5,68.3,7.0,1.70825,0.0,gfz:kp_f107
2019-10-12 00:00:00+00:00,68.3,68.0,4.0,1.16675,0.0,gfz:kp_f107
2019-10-13 00:00:00+00:00,67.2,66.9,0.0,0.083375,0.0,gfz:kp_f107
2019-10-14 00:00:00+00:00,66.2,65.8,5.0,1.250125,0.0,gfz:kp_f107
2019-10-15 00:00:00+00:00,67.2,66.9,3.0,0.83325,0.0,gfz:kp_f107
2019-10-16 00:00:00+00:00,66.3,65.9,5.0,1.375,0.0,gfz:kp_f107
2019-10-17 00:00:00+00:00,66.1,65.6,5.0,1.25,0.0,gfz:kp_f107
2019-10-18 00:00:00+00:00,66.1,65.6,5.0,1.333375,0.0,gfz:kp_f107
2019-10-19 00:00:00+00:00,66.0,65.5,4.0,1.0835,0.0,gfz:kp_f107
2019-10-20 00:00:00+00:00,65.0,64.4,4.0,1.083375,0.0,gfz:kp_f107
2019-10-21 00:00:00+00:00,64.0,63.4,4.0,1.04175,0.0,gfz:kp_f107
2019-10-22 00:00:00+00:00,65.6,64.9,2.0,0.5832499999999999,0.0,gfz:kp_f107
2019-10-23 00:00:00+00:00,64.5,63.9,1.0,0.25,0.0,gfz:kp_f107
2019-10-24 00:00:00+00:00,65.0,64.3,18.0,2.7915,0.0,gfz:kp_f107
2019-10-25 00:00:00+00:00,68.6,67.9,25.0,3.6665,0.0,gfz:kp_f107
2019-10-26 00:00:00+00:00,68.6,67.8,24.0,3.708375,0.0,gfz:kp_f107
2019-10-27 00:00:00+00:00,68.8,68.0,15.0,2.833375,0.0,gfz:kp_f107
2019-10-28 00:00:00+00:00,69.4,68.5,10.0,2.375,0.0,gfz:kp_f107
2019-10-29 00:00:00+00:00,69.2,68.2,7.0,1.66675,0.0,gfz:kp_f107
2019-10-30 00:00:00+00:00,69.7,68.8,7.0,1.7081250000000001,0.0,gfz:kp_f107
2019-10-31 00:00:00+00:00,71.2,70.2,6.0,1.291625,0.0,gfz:kp_f107
2019-11-01 00:00:00+00:00,70.7,69.6,3.0,0.666625,7.0,gfz:kp_f107
2019-11-02 00:00:00+00:00,70.7,69.6,1.0,0.166625,0.0,gfz:kp_f107
2019-11-03 00:00:00+00:00,69.4,68.3,1.0,0.25,0.0,gfz:kp_f107
2019-11-04 00:00:00+00:00,70.8,69.6,4.0,0.91675,4.0,gfz:kp_f107
2019-11-05 00:00:00+00:00,70.4,69.2,5.0,1.333375,0.0,gfz:kp_f107
2019-11-06 00:00:00+00:00,69.3,68.1,6.0,1.41675,0.0,gfz:kp_f107
2019-11-07 00:00:00+00:00,69.8,68.5,4.0,0.875,0.0,gfz:kp_f107
2019-11-08 00:00:00+00:00,70.2,68.9,3.0,0.625125,0.0,gfz:kp_f107
2019-11-09 00:00:00+00:00,69.6,68.3,4.0,0.958375,0.0,gfz:kp_f107
2019-11-10 00:00:00+00:00,70.8,69.4,2.0,0.5415,0.0,gfz:kp_f107
2019-11-11 00:00:00+00:00,69.5,68.1,8.0,1.875125,0.0,gfz:kp_f107
2019-11-12 00:00:00+00:00,70.8,69.3,3.0,0.791625,0.0,gfz:kp_f107
2019-11-13 00:00:00+00:00,71.1,69.6,1.0,0.25,3.0,gfz:kp_f107
2019-11-14 00:00:00+00:00,69.9,68.4,2.0,0.58325,0.0,gfz:kp_f107
2019-11-15 00:00:00+00:00,70.0,68.5,2.0,0.45825000000000005,0.0,gfz:kp_f107
2019-11-16 00:00:00+00:00,69.7,68.2,6.0,1.500125,0.0,gfz:kp_f107
2019-11-17 00:00:00+00:00,70.1,68.5,4.0,0.95825,0.0,gfz:kp_f107
2019-11-18 00:00:00+00:00,70.4,68.8,0.0,0.041625,0.0,gfz:kp_f107
2019-11-19 00:00:00+00:00,69.2,67.6,2.0,0.45825,0.0,gfz:kp_f107
2019-11-20 00:00:00+00:00,70.2,68.5,1.0,0.25,0.0,gfz:kp_f107
2019-11-21 00:00:00+00:00,70.8,69.1,10.0,2.2085,0.0,gfz:kp_f107
2019-11-22 00:00:00+00:00,69.6,67.9,13.0,2.666625,0.0,gfz:kp_f107
2019-11-23 00:00:00+00:00,70.2,68.5,10.0,2.29175,0.0,gfz:kp_f107
2019-11-24 00:00:00+00:00,70.6,68.8,11.0,2.416625,0.0,gfz:kp_f107
2019-11-25 00:00:00+00:00,69.5,67.7,4.0,1.0835,0.0,gfz:kp_f107
2019-11-26 00:00:00+00:00,70.4,68.6,2.0,0.58325,0.0,gfz:kp_f107
2019-11-27 00:00:00+00:00,71.5,69.6,4.0,1.083375,0.0,gfz:kp_f107
2019-11-28 00:00:00+00:00,70.2,68.3,3.0,0.708125,0.0,gfz:kp_f107
2019-11-29 00:00:00+00:00,69.8,67.9,4.0,1.000125,0.0,gfz:kp_f107
2019-11-30 00:00:00+00:00,70.4,68.5,3.0,0.791625,0.0,gfz:kp_f107
2019-12-01 00:00:00+00:00,71.2,69.2,3.0,0.833375,0.0,gfz:kp_f107
2019-12-02 00:00:00+00:00,70.4,68.4,1.0,0.25,0.0,gfz:kp_f107
2019-12-03 00:00:00+00:00,69.9,67.9,1.0,0.208125,0.0,gfz:kp_f107
2019-12-04 00:00:00+00:00,69.6,67.6,3.0,0.708375,0.0,gfz:kp_f107
2019-12-05 00:00:00+00:00,70.7,68.6,1.0,0.29175,0.0,gfz:kp_f107
2019-12-06 00:00:00+00:00,70.3,68.3,2.0,0.54175,0.0,gfz:kp_f107
2019-12-07 00:00:00+00:00,70.2,68.2,2.0,0.375,0.0,gfz:kp_f107
2019-12-08 00:00:00+00:00,71.6,69.4,2.0,0.5415,0.0,gfz:kp_f107
2019-12-09 00:00:00+00:00,70.7,68.6,4.0,0.833375,0.0,gfz:kp_f107
2019-12-10 00:00:00+00:00,70.6,68.4,4.0,0.875,0.0,gfz:kp_f107
2019-12-11 00:00:00+00:00,70.7,68.6,5.0,1.3335,0.0,gfz:kp_f107
2019-12-12 00:00:00+00:00,70.5,68.3,3.0,0.7498750000000001,0.0,gfz:kp_f107
2019-12-13 00:00:00+00:00,68.9,66.8,3.0,0.7498750000000001,0.0,gfz:kp_f107
2019-12-14 00:00:00+00:00,70.3,68.1,2.0,0.374875,0.0,gfz:kp_f107
2019-12-15 00:00:00+00:00,71.0,68.8,4.0,1.124875,0.0,gfz:kp_f107
2019-12-16 00:00:00+00:00,70.0,67.7,2.0,0.375,0.0,gfz:kp_f107
2019-12-17 00:00:00+00:00,70.5,68.2,1.0,0.29175,0.0,gfz:kp_f107
2019-12-18 00:00:00+00:00,70.2,68.0,12.0,2.33325,0.0,gfz:kp_f107
2019-12-19 00:00:00+00:00,69.9,67.7,11.0,2.33325,0.0,gfz:kp_f107
2019-12-20 00:00:00+00:00,70.0,67.7,5.0,1.375,0.0,gfz:kp_f107
2019-12-21 00:00:00+00:00,70.6,68.4,4.0,1.041625,0.0,gfz:kp_f107
2019-12-22 00:00:00+00:00,71.0,68.7,3.0,0.75,0.0,gfz:kp_f107
2019-12-23 00:00:00+00:00,72.6,70.2,3.0,0.624875,0.0,gfz:kp_f107
2019-12-24 00:00:00+00:00,72.7,70.3,1.0,0.29150000000000004,16.0,gfz:kp_f107
2019-12-25 00:00:00+00:00,72.1,69.8,3.0,0.79175,23.0,gfz:kp_f107
2019-12-26 00:00:00+00:00,72.1,69.7,4.0,0.875,8.0,gfz:kp_f107
2019-12-27 00:00:00+00:00,72.4,70.1,2.0,0.41675000000000006,0.0,gfz:kp_f107
2019-12-28 00:00:00+00:00,72.2,69.8,1.0,0.20825,0.0,gfz:kp_f107
2019-12-29 00:00:00+00:00,72.0,69.6,1.0,0.125,0.0,gfz:kp_f107
2019-12-30 00:00:00+00:00,70.9,68.6,2.0,0.291625,0.0,gfz:kp_f107
2019-12-31 00:00:00+00:00,70.5,68.2,3.0,0.66675,0.0,gfz:kp_f107
2020-01-01 00:00:00+00:00,71.8,69.4,2.0,0.583375,6.0,gfz:kp_f107
2020-01-02 00:00:00+00:00,71.9,69.5,2.0,0.45825,12.0,gfz:kp_f107
2020-01-03 00:00:00+00:00,71.2,68.9,5.0,1.208375,13.0,gfz:kp_f107
2020-01-04 00:00:00+00:00,72.2,69.8,5.0,1.3751250000000002,12.0,gfz:kp_f107
2020-01-05 00:00:00+00:00,71.8,69.4,8.0,1.958375,14.0,gfz:kp_f107
2020-01-06 00:00:00+00:00,70.5,68.1,8.0,1.75,7.0,gfz:kp_f107
2020-01-07 00:00:00+00:00,71.6,69.3,4.0,1.125,4.0,gfz:kp_f107
2020-01-08 00:00:00+00:00,73.7,71.2,6.0,1.375,4.0,gfz:kp_f107
2020-01-09 00:00:00+00:00,74.4,71.9,11.0,2.458375,15.0,gfz:kp_f107
2020-01-10 00:00:00+00:00,72.8,70.4,6.0,1.458375,4.0,gfz:kp_f107
2020-01-11 00:00:00+00:00,73.5,71.0,5.0,1.2915,0.0,gfz:kp_f107
2020-01-12 00:00:00+00:00,71.9,69.5,2.0,0.541625,0.0,gfz:kp_f107
2020-01-13 00:00:00+00:00,71.5,69.1,2.0,0.416625,0.0,gfz:kp_f107
2020-01-14 00:00:00+00:00,71.9,69.5,2.0,0.2915,0.0,gfz:kp_f107
2020-01-15 00:00:00+00:00,71.2,68.9,3.0,0.79175,0.0,gfz:kp_f107
2020-01-16 00:00:00+00:00,71.8,69.4,4.0,1.0,0.0,gfz:kp_f107
2020-01-17 00:00:00+00:00,70.1,67.9,2.0,0.5415,0.0,gfz:kp_f107
2020-01-18 00:00:00+00:00,71.3,69.0,2.0,0.5833750000000001,0.0,gfz:kp_f107
2020-01-19 00:00:00+00:00,71.8,69.5,1.0,0.125,0.0,gfz:kp_f107
2020-01-20 00:00:00+00:00,71.2,69.0,0.0,0.08325,0.0,gfz:kp_f107
2020-01-21 00:00:00+00:00,70.5,68.3,5.0,1.291625,0.0,gfz:kp_f107
2020-01-22 00:00:00+00:00,71.9,69.6,6.0,1.45825,0.0,gfz:kp_f107
2020-01-23 00:00:00+00:00,70.8,68.6,4.0,0.8748750000000001,0.0,gfz:kp_f107
2020-01-24 00:00:00+00:00,71.0,68.8,2.0,0.2915,8.0,gfz:kp_f107
2020-01-25 00:00:00+00:00,72.7,70.4,2.0,0.499875,12.0,gfz:kp_f107
2020-01-26 00:00:00+00:00,74.7,72.4,3.0,0.66675,19.0,gfz:kp_f107
2020-01-27 00:00:00+00:00,72.9,70.7,2.0,0.33325000000000005,14.0,gfz:kp_f107
2020-01-28 00:00:00+00:00,74.2,72.0,4.0,0.95825,12.0,gfz:kp_f107
2020-01-29 00:00:00+00:00,74.3,72.0,8.0,1.875,12.0,gfz:kp_f107
2020-01-30 00:00:00+00:00,74.1,71.9,12.0,2.541625,12.0,gfz:kp_f107
2020-01-31 00:00:00+00:00,73.9,71.7,7.0,1.583375,12.0,gfz:kp_f107
2020-02-01 00:00:00+00:00,72.5,70.4,5.0,1.375,6.0,gfz:kp_f107
2020-02-02 00:00:00+00:00,72.2,70.2,5.0,1.374875,0.0,gfz:kp_f107
2020-02-03 00:00:00+00:00,72.1,70.0,4.0,0.8747500000000001,0.0,gfz:kp_f107
2020-02-04 00:00:00+00:00,70.3,68.3,6.0,1.41675,0.0,gfz:kp_f107
2020-02-05 00:00:00+00:00,70.6,68.6,4.0,1.125,0.0,gfz:kp_f107
2020-02-06 00:00:00+00:00,71.3,69.3,15.0,2.791625,0.0,gfz:kp_f107
2020-02-07 00:00:00+00:00,70.8,68.9,13.0,2.75,0.0,gfz:kp_f107
2020-02-08 00:00:00+00:00,72.0,70.0,6.0,1.458375,0.0,gfz:kp_f107
2020-02-09 00:00:00+00:00,70.6,68.8,6.0,1.5418749999999999,0.0,gfz:kp_f107
2020-02-10 00:00:00+00:00,70.2,68.3,4.0,1.16675,0.0,gfz:kp_f107
2020-02-11 00:00:00+00:00,71.1,69.3,5.0,1.208375,0.0,gfz:kp_f107
2020-02-12 00:00:00+00:00,71.6,69.8,4.0,1.125,0.0,gfz:kp_f107
2020-02-13 00:00:00+00:00,71.2,69.4,2.0,0.4165,0.0,gfz:kp_f107
2020-02-14 00:00:00+00:00,71.3,69.5,2.0,0.458375,0.0,gfz:kp_f107
2020-02-15 00:00:00+00:00,70.6,68.8,4.0,1.000125,0.0,gfz:kp_f107
2020-02-16 00:00:00+00:00,70.5,68.8,2.0,0.541625,0.0,gfz:kp_f107
2020-02-17 00:00:00+00:00,70.7,69.0,7.0,1.499875,0.0,gfz:kp_f107
2020-02-18 00:00:00+00:00,71.0,69.4,13.0,2.583375,0.0,gfz:kp_f107
2020-02-19 00:00:00+00:00,71.0,69.4,12.0,2.3748750000000003,0.0,gfz:kp_f107
2020-02-20 00:00:00+00:00,70.8,69.2,7.0,1.833375,0.0,gfz:kp_f107
2020-02-21 00:00:00+00:00,71.2,69.6,13.0,2.66675,0.0,gfz:kp_f107
2020-02-22 00:00:00+00:00,72.3,70.7,8.0,1.9585,0.0,gfz:kp_f107
2020-02-23 00:00:00+00:00,70.2,68.8,4.0,1.0415,0.0,gfz:kp_f107
2020-02-24 00:00:00+00:00,70.1,68.7,4.0,0.875,0.0,gfz:kp_f107
2020-02-25 00:00:00+00:00,70.6,69.1,2.0,0.4165,0.0,gfz:kp_f107
2020-02-26 00:00:00+00:00,70.1,68.7,3.0,0.70825,0.0,gfz:kp_f107
2020-02-27 00:00:00+00:00,70.9,69.6,3.0,0.625,0.0,gfz:kp_f107
2020-02-28 00:00:00+00:00,70.6,69.3,6.0,1.458375,0.0,gfz:kp_f107
2020-02-29 00:00:00+00:00,70.1,68.8,10.0,2.208375,0.0,gfz:kp_f107
2020-03-01 00:00:00+00:00,69.3,68.1,6.0,1.375,0.0,gfz:kp_f107
2020-03-02 00:00:00+00:00,69.3,68.1,4.0,1.0,0.0,gfz:kp_f107
2020-03-03 00:00:00+00:00,70.0,68.8,5.0,1.41675,0.0,gfz:kp_f107
2020-03-04 00:00:00+00:00,69.8,68.7,6.0,1.416625,0.0,gfz:kp_f107
2020-03-05 00:00:00+00:00,69.5,68.3,3.0,0.7918750000000001,0.0,gfz:kp_f107
2020-03-06 00:00:00+00:00,70.0,68.9,4.0,0.91675,0.0,gfz:kp_f107
2020-03-07 00:00:00+00:00,69.9,68.8,4.0,0.8748750000000001,2.0,gfz:kp_f107
2020-03-08 00:00:00+00:00,70.2,69.2,5.0,1.29175,16.0,gfz:kp_f107
2020-03-09 00:00:00+00:00,70.8,69.8,5.0,1.250125,11.0,gfz:kp_f107
2020-03-10 00:00:00+00:00,70.8,69.8,3.0,0.833375,0.0,gfz:kp_f107
2020-03-11 00:00:00+00:00,70.5,69.6,2.0,0.541625,0.0,gfz:kp_f107
2020-03-12 00:00:00+00:00,69.9,69.1,6.0,1.41675,0.0,gfz:kp_f107
2020-03-13 00:00:00+00:00,68.8,67.9,7.0,1.708375,0.0,gfz:kp_f107
2020-03-14 00:00:00+00:00,68.1,67.4,2.0,0.458375,0.0,gfz:kp_f107
2020-03-15 00:00:00+00:00,70.2,69.5,4.0,1.0,0.0,gfz:kp_f107
2020-03-16 00:00:00+00:00,69.8,69.1,4.0,1.083375,0.0,gfz:kp_f107
2020-03-17 00:00:00+00:00,71.6,70.9,5.0,1.375,0.0,gfz:kp_f107
2020-03-18 00:00:00+00:00,72.0,71.4,6.0,1.333375,3.0,gfz:kp_f107
2020-03-19 00:00:00+00:00,72.1,71.5,10.0,2.166625,0.0,gfz:kp_f107
2020-03-20 00:00:00+00:00,71.7,71.1,6.0,1.583375,0.0,gfz:kp_f107
2020-03-21 00:00:00+00:00,70.8,70.3,8.0,1.916625,0.0,gfz:kp_f107
2020-03-22 00:00:00+00:00,70.2,69.8,6.0,1.666625,0.0,gfz:kp_f107
2020-03-23 00:00:00+00:00,70.4,69.9,11.0,2.458125,0.0,gfz:kp_f107
2020-03-24 00:00:00+00:00,71.2,70.8,4.0,0.7498750000000001,0.0,gfz:kp_f107
2020-03-25 00:00:00+00:00,71.2,70.9,3.0,0.708375,0.0,gfz:kp_f107
2020-03-26 00:00:00+00:00,70.2,69.9,5.0,1.08325,0.0,gfz:kp_f107
2020-03-27 00:00:00+00:00,69.4,69.2,5.0,1.333375,0.0,gfz:kp_f107
2020-03-28 00:00:00+00:00,69.2,69.0,4.0,1.166625,0.0,gfz:kp_f107
2020-03-29 00:00:00+00:00,68.8,68.6,7.0,1.625,0.0,gfz:kp_f107
2020-03-30 00:00:00+00:00,69.3,69.1,11.0,2.24975,3.0,gfz:kp_f107
2020-03-31 00:00:00+00:00,69.9,69.8,14.0,2.791625,11.0,gfz:kp_f107
2020-04-01 00:00:00+00:00,69.2,69.2,5.0,1.33325,13.0,gfz:kp_f107
2020-04-02 00:00:00+00:00,69.8,69.7,6.0,1.583375,13.0,gfz:kp_f107
2020-04-03 00:00:00+00:00,69.9,70.0,8.0,1.75,13.0,gfz:kp_f107
2020-04-04 00:00:00+00:00,70.1,70.2,4.0,1.0,13.0,gfz:kp_f107
2020-04-05 00:00:00+00:00,71.2,71.3,4.0,1.0,0.0,gfz:kp_f107
2020-04-06 00:00:00+00:00,69.9,70.1,2.0,0.45825000000000005,0.0,gfz:kp_f107
2020-04-07 00:00:00+00:00,69.9,70.1,2.0,0.58325,0.0,gfz:kp_f107
2020-04-08 00:00:00+00:00,70.4,70.7,13.0,2.6251249999999997,0.0,gfz:kp_f107
2020-04-09 00:00:00+00:00,70.3,70.6,4.0,1.0001250000000002,0.0,gfz:kp_f107
2020-04-10 00:00:00+00:00,69.2,69.5,4.0,0.95825,0.0,gfz:kp_f107
2020-04-11 00:00:00+00:00,70.6,70.9,7.0,1.625,0.0,gfz:kp_f107
2020-04-12 00:00:00+00:00,70.8,71.1,6.0,1.583375,0.0,gfz:kp_f107
2020-04-13 00:00:00+00:00,70.3,70.7,4.0,1.1666249999999998,0.0,gfz:kp_f107
2020-04-14 00:00:00+00:00,68.9,69.4,7.0,1.624875,0.0,gfz:kp_f107
2020-04-15 00:00:00+00:00,68.4,68.9,7.0,1.54175,0.0,gfz:kp_f107
2020-04-16 00:00:00+00:00,68.5,69.0,4.0,0.8748750000000001,0.0,gfz:kp_f107
2020-04-17 00:00:00+00:00,67.9,68.4,3.0,0.7915000000000001,0.0,gfz:kp_f107
2020-04-18 00:00:00+00:00,69.8,70.4,3.0,0.83325,0.0,gfz:kp_f107
2020-04-19 00:00:00+00:00,68.6,69.2,1.0,0.20825,0.0,gfz:kp_f107
2020-04-20 00:00:00+00:00,68.2,68.9,16.0,2.6248750000000003,0.0,gfz:kp_f107
2020-04-21 00:00:00+00:00,69.1,69.8,8.0,2.0,0.0,gfz:kp_f107
2020-04-22 00:00:00+00:00,70.7,71.4,7.0,1.666625,0.0,gfz:kp_f107
2020-04-23 00:00:00+00:00,68.7,69.5,3.0,0.70825,0.0,gfz:kp_f107
2020-04-24 00:00:00+00:00,69.7,70.5,6.0,1.583375,0.0,gfz:kp_f107
2020-04-25 00:00:00+00:00,68.9,69.8,4.0,1.0,6.0,gfz:kp_f107
2020-04-26 00:00:00+00:00,69.2,70.1,6.0,1.5418749999999999,13.0,gfz:kp_f107
2020-04-27 00:00:00+00:00,69.0,69.9,6.0,1.54175,26.0,gfz:kp_f107
2020-04-28 00:00:00+00:00,69.0,69.9,5.0,1.166625,15.0,gfz:kp_f107
2020-04-29 00:00:00+00:00,69.9,71.0,2.0,0.45825,24.0,gfz:kp_f107
2020-04-30 00:00:00+00:00,69.8,70.9,1.0,0.249875,20.0,gfz:kp_f107
2020-05-01 00:00:00+00:00,70.2,71.3,4.0,1.08325,4.0,gfz:kp_f107
2020-05-02 00:00:00+00:00,69.2,70.3,4.0,1.04175,0.0,gfz:kp_f107
2020-05-03 00:00:00+00:00,68.7,69.8,4.0,0.9582499999999999,0.0,gfz:kp_f107
2020-05-04 00:00:00+00:00,69.3,70.5,5.0,1.20825,0.0,gfz:kp_f107
2020-05-05 00:00:00+00:00,69.3,70.5,5.0,1.416625,0.0,gfz:kp_f107
2020-05-06 00:00:00+00:00,69.8,71.1,5.0,0.9998750000000001,0.0,gfz:kp_f107
2020-05-07 00:00:00+00:00,68.7,70.0,3.0,0.7081250000000001,0.0,gfz:kp_f107
2020-05-08 00:00:00+00:00,67.9,69.2,3.0,0.666625,0.0,gfz:kp_f107
2020-05-09 00:00:00+00:00,71.0,72.4,1.0,0.249875,0.0,gfz:kp_f107
2020-05-10 00:00:00+00:00,67.9,69.3,3.0,0.7498750000000001,0.0,gfz:kp_f107
2020-05-11 00:00:00+00:00,66.2,67.5,4.0,0.95825,0.0,gfz:kp_f107
2020-05-12 00:00:00+00:00,68.9,70.3,3.0,0.70825,0.0,gfz:kp_f107
2020-05-13 00:00:00+00:00,68.8,70.2,3.0,0.70825,0.0,gfz:kp_f107
2020-05-14 00:00:00+00:00,67.6,69.0,2.0,0.333,0.0,gfz:kp_f107
2020-05-15 00:00:00+00:00,67.8,69.4,2.0,0.5415000000000001,0.0,gfz:kp_f107
2020-05-16 00:00:00+00:00,69.4,71.0,3.0,0.583375,0.0,gfz:kp_f107
2020-05-17 00:00:00+00:00,69.6,71.2,2.0,0.416625,0.0,gfz:kp_f107
2020-05-18 00:00:00+00:00,70.2,71.8,3.0,0.708375,0.0,gfz:kp_f107
2020-05-19 00:00:00+00:00,68.7,70.3,4.0,1.166625,0.0,gfz:kp_f107
2020-05-20 00:00:00+00:00,69.6,71.3,2.0,0.5,0.0,gfz:kp_f107
2020-05-21 00:00:00+00:00,70.2,71.9,5.0,1.208375,0.0,gfz:kp_f107
2020-05-22 00:00:00+00:00,70.8,72.6,5.0,1.41675,0.0,gfz:kp_f107
2020-05-23 00:00:00+00:00,69.1,70.9,3.0,0.75,0.0,gfz:kp_f107
2020-05-24 00:00:00+00:00,68.8,70.6,4.0,1.0,0.0,gfz:kp_f107
2020-05-25 00:00:00+00:00,70.3,72.1,5.0,1.250125,0.0,gfz:kp_f107
2020-05-26 00:00:00+00:00,69.7,71.6,3.0,0.708375,0.0,gfz:kp_f107
2020-05-27 00:00:00+00:00,68.0,69.9,3.0,0.7081249999999999,0.0,gfz:kp_f107
2020-05-28 00:00:00+00:00,67.5,69.3,2.0,0.5,0.0,gfz:kp_f107
2020-05-29 00:00:00+00:00,69.5,71.5,3.0,0.58325,0.0,gfz:kp_f107
2020-05-30 00:00:00+00:00,70.0,71.9,15.0,2.95825,0.0,gfz:kp_f107
2020-05-31 00:00:00+00:00,70.8,72.8,3.0,0.7498750000000001,2.0,gfz:kp_f107
2020-06-01 00:00:00+00:00,69.2,71.2,5.0,1.208375,6.0,gfz:kp_f107
2020-06-02 00:00:00+00:00,70.4,72.4,6.0,1.625,0.0,gfz:kp_f107
2020-06-03 00:00:00+00:00,70.0,72.0,3.0,0.58325,9.0,gfz:kp_f107
2020-06-04 00:00:00+00:00,70.1,72.1,4.0,0.875,11.0,gfz:kp_f107
2020-06-05 00:00:00+00:00,71.1,73.2,3.0,0.6665000000000001,13.0,gfz:kp_f107
2020-06-06 00:00:00+00:00,71.6,73.8,2.0,0.458125,16.0,gfz:kp_f107
2020-06-07 00:00:00+00:00,71.6,73.8,7.0,1.58325,16.0,gfz:kp_f107
2020-06-08 00:00:00+00:00,71.0,73.2,4.0,1.000125,16.0,gfz:kp_f107
2020-06-09 00:00:00+00:00,72.4,74.6,4.0,1.000125,14.0,gfz:kp_f107
2020-06-10 00:00:00+00:00,71.0,73.2,6.0,1.624875,12.0,gfz:kp_f107
2020-06-11 00:00:00+00:00,71.5,73.7,3.0,0.624875,11.0,gfz:kp_f107
2020-06-12 00:00:00+00:00,70.5,72.7,3.0,0.583375,11.0,gfz:kp_f107
2020-06-13 00:00:00+00:00,69.4,71.6,2.0,0.5,11.0,gfz:kp_f107
2020-06-14 00:00:00+00:00,70.2,72.4,2.0,0.375,11.0,gfz:kp_f107
2020-06-15 00:00:00+00:00,70.4,72.7,3.0,0.625,8.0,gfz:kp_f107
2020-06-16 00:00:00+00:00,69.3,71.5,5.0,1.250125,0.0,gfz:kp_f107
2020-06-17 00:00:00+00:00,68.8,71.0,3.0,0.833375,0.0,gfz:kp_f107
2020-06-18 00:00:00+00:00,67.9,70.2,4.0,0.91675,0.0,gfz:kp_f107
2020-06-19 00:00:00+00:00,68.8,71.1,4.0,0.91675,0.0,gfz:kp_f107
2020-06-20 00:00:00+00:00,67.8,70.0,5.0,1.291625,0.0,gfz:kp_f107
2020-06-21 00:00:00+00:00,67.6,69.9,3.0,0.79175,0.0,gfz:kp_f107
2020-06-22 00:00:00+00:00,67.6,69.9,2.0,0.4165,0.0,gfz:kp_f107
2020-06-23 00:00:00+00:00,67.1,69.3,3.0,0.70825,0.0,gfz:kp_f107
2020-06-24 00:00:00+00:00,66.9,69.1,3.0,0.7501249999999999,0.0,gfz:kp_f107
2020-06-25 00:00:00+00:00,68.9,71.2,3.0,0.541625,0.0,gfz:kp_f107
2020-06-26 00:00:00+00:00,67.8,70.0,5.0,1.249875,6.0,gfz:kp_f107
2020-06-27 00:00:00+00:00,68.9,71.2,6.0,1.5415,4.0,gfz:kp_f107
2020-06-28 00:00:00+00:00,69.2,71.5,3.0,0.625,0.0,gfz:kp_f107
2020-06-29 00:00:00+00:00,68.7,71.0,2.0,0.416625,0.0,gfz:kp_f107
2020-06-30 00:00:00+00:00,68.1,70.4,4.0,0.958375,0.0,gfz:kp_f107
2020-07-01 00:00:00+00:00,68.9,71.2,4.0,1.041625,4.0,gfz:kp_f107
2020-07-02 00:00:00+00:00,68.0,70.3,3.0,0.708375,2.0,gfz:kp_f107
2020-07-03 00:00:00+00:00,69.3,71.6,3.0,0.708375,0.0,gfz:kp_f107
2020-07-04 00:00:00+00:00,69.5,71.8,7.0,1.624875,7.0,gfz:kp_f107
2020-07-05 00:00:00+00:00,69.4,71.8,10.0,2.16675,5.0,gfz:kp_f107
2020-07-06 00:00:00+00:00,68.5,70.8,4.0,1.0415,5.0,gfz:kp_f107
2020-07-07 00:00:00+00:00,67.7,70.0,3.0,0.6248750000000001,8.0,gfz:kp_f107
2020-07-08 00:00:00+00:00,67.2,69.4,2.0,0.333125,0.0,gfz:kp_f107
2020-07-09 00:00:00+00:00,68.7,71.0,3.0,0.625,0.0,gfz:kp_f107
2020-07-10 00:00:00+00:00,68.8,71.1,2.0,0.37475,0.0,gfz:kp_f107
2020-07-11 00:00:00+00:00,68.7,71.0,2.0,0.45825000000000005,0.0,gfz:kp_f107
2020-07-12 00:00:00+00:00,67.6,69.8,2.0,0.33325,0.0,gfz:kp_f107
2020-07-13 00:00:00+00:00,68.2,70.5,6.0,1.458375,0.0,gfz:kp_f107
2020-07-14 00:00:00+00:00,68.9,71.2,10.0,1.916625,0.0,gfz:kp_f107
2020-07-15 00:00:00+00:00,68.4,70.6,4.0,1.041625,2.0,gfz:kp_f107
2020-07-16 00:00:00+00:00,68.7,70.9,3.0,0.791625,0.0,gfz:kp_f107
2020-07-17 00:00:00+00:00,69.0,71.3,4.0,0.8748750000000001,0.0,gfz:kp_f107
2020-07-18 00:00:00+00:00,67.8,70.0,3.0,0.7498750000000001,0.0,gfz:kp_f107
2020-07-19 00:00:00+00:00,68.9,71.1,3.0,0.8335,0.0,gfz:kp_f107
2020-07-20 00:00:00+00:00,69.3,71.6,3.0,0.666625,0.0,gfz:kp_f107
2020-07-21 00:00:00+00:00,69.8,72.1,4.0,0.9167500000000001,6.0,gfz:kp_f107
2020-07-22 00:00:00+00:00,70.0,72.2,3.0,0.58325,11.0,gfz:kp_f107
2020-07-23 00:00:00+00:00,70.3,72.5,2.0,0.499875,11.0,gfz:kp_f107
2020-07-24 00:00:00+00:00,69.5,71.7,12.0,2.5001249999999997,11.0,gfz:kp_f107
2020-07-25 00:00:00+00:00,70.4,72.6,12.0,2.5001249999999997,11.0,gfz:kp_f107
2020-07-26 00:00:00+00:00,71.4,73.6,3.0,0.5415000000000001,11.0,gfz:kp_f107
2020-07-27 00:00:00+00:00,71.4,73.7,3.0,0.7085,11.0,gfz:kp_f107
2020-07-28 00:00:00+00:00,71.8,74.1,4.0,0.8335,20.0,gfz:kp_f107
2020-07-29 00:00:00+00:00,72.6,74.9,4.0,0.958375,21.0,gfz:kp_f107
2020-07-30 00:00:00+00:00,73.3,75.6,3.0,0.708375,21.0,gfz:kp_f107
2020-07-31 00:00:00+00:00,72.3,74.4,4.0,0.875,21.0,gfz:kp_f107
2020-08-01 00:00:00+00:00,72.0,74.1,3.0,0.583375,26.0,gfz:kp_f107
2020-08-02 00:00:00+00:00,72.7,74.9,10.0,2.0,15.0,gfz:kp_f107
2020-08-03 00:00:00+00:00,72.7,74.8,15.0,3.0415,11.0,gfz:kp_f107
2020-08-04 00:00:00+00:00,73.0,75.1,7.0,1.749875,11.0,gfz:kp_f107
2020-08-05 00:00:00+00:00,73.4,75.6,5.0,1.25,12.0,gfz:kp_f107
2020-08-06 00:00:00+00:00,73.1,75.1,4.0,1.083375,14.0,gfz:kp_f107
2020-08-07 00:00:00+00:00,74.0,76.0,3.0,0.70825,17.0,gfz:kp_f107
2020-08-08 00:00:00+00:00,74.7,76.8,4.0,1.166625,12.0,gfz:kp_f107
2020-08-09 00:00:00+00:00,73.9,76.0,2.0,0.37487499999999996,13.0,gfz:kp_f107
2020-08-10 00:00:00+00:00,74.2,76.2,2.0,0.374875,13.0,gfz:kp_f107
2020-08-11 00:00:00+00:00,73.5,75.4,2.0,0.374875,12.0,gfz:kp_f107
2020-08-12 00:00:00+00:00,73.1,75.1,3.0,0.75,17.0,gfz:kp_f107
2020-08-13 00:00:00+00:00,72.3,74.2,3.0,0.7915,10.0,gfz:kp_f107
2020-08-14 00:00:00+00:00,70.8,72.6,3.0,0.708375,5.0,gfz:kp_f107
2020-08-15 00:00:00+00:00,70.6,72.4,2.0,0.333125,0.0,gfz:kp_f107
2020-08-16 00:00:00+00:00,70.9,72.6,3.0,0.70825,0.0,gfz:kp_f107
2020-08-17 00:00:00+00:00,70.8,72.5,3.0,0.583375,0.0,gfz:kp_f107
2020-08-18 00:00:00+00:00,71.3,73.1,6.0,1.416625,13.0,gfz:kp_f107
2020-08-19 00:00:00+00:00,70.5,72.2,5.0,1.041625,16.0,gfz:kp_f107
2020-08-20 00:00:00+00:00,69.9,71.6,2.0,0.54175,12.0,gfz:kp_f107
2020-08-21 00:00:00+00:00,70.9,72.6,3.0,0.70825,3.0,gfz:kp_f107
2020-08-22 00:00:00+00:00,70.0,71.6,6.0,1.54175,0.0,gfz:kp_f107
2020-08-23 00:00:00+00:00,70.6,72.1,7.0,1.875,0.0,gfz:kp_f107
2020-08-24 00:00:00+00:00,70.3,71.8,2.0,0.41675,0.0,gfz:kp_f107
2020-08-25 00:00:00+00:00,70.6,72.1,3.0,0.625,0.0,gfz:kp_f107
2020-08-26 00:00:00+00:00,70.4,71.9,6.0,1.54175,0.0,gfz:kp_f107
2020-08-27 00:00:00+00:00,70.0,71.4,7.0,1.666625,0.0,gfz:kp_f107
2020-08-28 00:00:00+00:00,70.1,71.5,10.0,1.750125,0.0,gfz:kp_f107
2020-08-29 00:00:00+00:00,70.2,71.6,12.0,2.6248750000000003,0.0,gfz:kp_f107
2020-08-30 00:00:00+00:00,70.0,71.4,8.0,2.0,0.0,gfz:kp_f107
2020-08-31 00:00:00+00:00,69.2,70.5,24.0,3.7501249999999997,0.0,gfz:kp_f107
2020-09-01 00:00:00+00:00,69.5,70.8,18.0,3.16675,0.0,gfz:kp_f107
2020-09-02 00:00:00+00:00,68.3,69.5,9.0,2.2501249999999997,0.0,gfz:kp_f107
2020-09-03 00:00:00+00:00,70.0,71.2,3.0,0.708375,0.0,gfz:kp_f107
2020-09-04 00:00:00+00:00,69.7,70.8,7.0,1.70825,0.0,gfz:kp_f107
2020-09-05 00:00:00+00:00,69.2,70.3,5.0,1.333375,0.0,gfz:kp_f107
2020-09-06 00:00:00+00:00,69.5,70.5,4.0,1.0,0.0,gfz:kp_f107
2020-09-07 00:00:00+00:00,70.2,71.3,3.0,0.791625,0.0,gfz:kp_f107
2020-09-08 00:00:00+00:00,69.9,70.9,3.0,0.75,0.0,gfz:kp_f107
2020-09-09 00:00:00+00:00,69.7,70.7,1.0,0.125,0.0,gfz:kp_f107
2020-09-10 00:00:00+00:00,69.3,70.2,2.0,0.29150000000000004,0.0,gfz:kp_f107
2020-09-11 00:00:00+00:00,68.7,69.6,2.0,0.41662499999999997,0.0,gfz:kp_f107
2020-09-12 00:00:00+00:00,69.3,70.2,4.0,1.1665,0.0,gfz:kp_f107
2020-09-13 00:00:00+00:00,69.8,70.6,6.0,1.4165,0.0,gfz:kp_f107
2020-09-14 00:00:00+00:00,68.9,69.7,11.0,2.291625,2.0,gfz:kp_f107
2020-09-15 00:00:00+00:00,68.8,69.6,5.0,1.3331250000000001,0.0,gfz:kp_f107
2020-09-16 00:00:00+00:00,69.5,70.2,2.0,0.58325,0.0,gfz:kp_f107
2020-09-17 00:00:00+00:00,69.7,70.4,2.0,0.5415,0.0,gfz:kp_f107
2020-09-18 00:00:00+00:00,69.9,70.6,3.0,0.833375,0.0,gfz:kp_f107
2020-09-19 00:00:00+00:00,70.6,71.2,2.0,0.458375,0.0,gfz:kp_f107
2020-09-20 00:00:00+00:00,70.2,70.7,3.0,0.75,0.0,gfz:kp_f107
2020-09-21 00:00:00+00:00,71.3,71.9,2.0,0.374875,0.0,gfz:kp_f107
2020-09-22 00:00:00+00:00,72.4,72.9,5.0,1.291875,0.0,gfz:kp_f107
2020-09-23 00:00:00+00:00,73.3,73.7,10.0,2.2085,7.0,gfz:kp_f107
2020-09-24 00:00:00+00:00,73.6,74.1,20.0,2.95825,5.0,gfz:kp_f107
2020-09-25 00:00:00+00:00,73.4,73.8,17.0,2.9998750000000003,4.0,gfz:kp_f107
2020-09-26 00:00:00+00:00,72.6,72.9,24.0,3.6251249999999997,0.0,gfz:kp_f107
2020-09-27 00:00:00+00:00,74.1,74.4,20.0,3.0001249999999997,0.0,gfz:kp_f107
2020-09-28 00:00:00+00:00,73.9,74.1,32.0,4.250125000000001,0.0,gfz:kp_f107
2020-09-29 00:00:00+00:00,72.8,73.0,16.0,3.125,0.0,gfz:kp_f107
2020-09-30 00:00:00+00:00,73.3,73.5,16.0,2.958375,0.0,gfz:kp_f107
2020-10-01 00:00:00+00:00,72.8,73.0,10.0,2.33325,0.0,gfz:kp_f107
2020-10-02 00:00:00+00:00,72.2,72.3,8.0,1.95825,0.0,gfz:kp_f107
2020-10-03 00:00:00+00:00,71.8,71.9,4.0,1.16675,0.0,gfz:kp_f107
2020-10-04 00:00:00+00:00,71.2,71.2,4.0,0.833375,0.0,gfz:kp_f107
2020-10-05 00:00:00+00:00,72.3,72.2,10.0,1.9165,0.0,gfz:kp_f107
2020-10-06 00:00:00+00:00,71.7,71.6,6.0,1.25,0.0,gfz:kp_f107
2020-10-07 00:00:00+00:00,70.7,70.6,4.0,0.95825,0.0,gfz:kp_f107
2020-10-08 00:00:00+00:00,71.6,71.5,2.0,0.416625,6.0,gfz:kp_f107
2020-10-09 00:00:00+00:00,73.1,72.9,0.0,0.08325,20.0,gfz:kp_f107
2020-10-10 00:00:00+00:00,73.6,73.3,1.0,0.16675,18.0,gfz:kp_f107
2020-10-11 00:00:00+00:00,72.9,72.6,2.0,0.4165,20.0,gfz:kp_f107
2020-10-12 00:00:00+00:00,73.8,73.4,2.0,0.541625,14.0,gfz:kp_f107
2020-10-13 00:00:00+00:00,72.3,72.0,2.0,0.45825000000000005,0.0,gfz:kp_f107
2020-10-14 00:00:00+00:00,74.5,74.1,0.0,0.0,4.0,gfz:kp_f107
2020-10-15 00:00:00+00:00,73.8,73.4,1.0,0.25,13.0,gfz:kp_f107
2020-10-16 00:00:00+00:00,75.3,74.8,4.0,0.8335,13.0,gfz:kp_f107
2020-10-17 00:00:00+00:00,73.1,72.5,4.0,1.125,14.0,gfz:kp_f107
2020-10-18 00:00:00+00:00,75.9,75.3,2.0,0.4165,21.0,gfz:kp_f107
2020-10-19 00:00:00+00:00,74.8,74.2,6.0,1.54175,17.0,gfz:kp_f107
2020-10-20 00:00:00+00:00,74.7,74.0,4.0,0.875,14.0,gfz:kp_f107
2020-10-21 00:00:00+00:00,73.7,73.0,8.0,1.79175,14.0,gfz:kp_f107
2020-10-22 00:00:00+00:00,74.9,74.2,5.0,1.0831250000000001,12.0,gfz:kp_f107
2020-10-23 00:00:00+00:00,74.9,74.2,14.0,2.125,17.0,gfz:kp_f107
2020-10-24 00:00:00+00:00,72.1,71.3,17.0,3.08325,18.0,gfz:kp_f107
2020-10-25 00:00:00+00:00,74.2,73.3,14.0,2.7501249999999997,19.0,gfz:kp_f107
2020-10-26 00:00:00+00:00,75.0,74.1,14.0,2.875,22.0,gfz:kp_f107
2020-10-27 00:00:00+00:00,82.4,81.4,8.0,1.791625,41.0,gfz:kp_f107
2020-10-28 00:00:00+00:00,87.6,86.4,10.0,2.29175,35.0,gfz:kp_f107
2020-10-29 00:00:00+00:00,84.6,83.5,12.0,2.416625,42.0,gfz:kp_f107
2020-10-30 00:00:00+00:00,79.6,78.4,4.0,1.08325,34.0,gfz:kp_f107
2020-10-31 00:00:00+00:00,76.8,75.6,5.0,1.375,26.0,gfz:kp_f107
2020-11-01 00:00:00+00:00,77.3,76.1,8.0,1.79175,5.0,gfz:kp_f107
2020-11-02 00:00:00+00:00,81.6,80.3,2.0,0.333375,9.0,gfz:kp_f107
2020-11-03 00:00:00+00:00,82.9,81.6,2.0,0.41675,16.0,gfz:kp_f107
2020-11-04 00:00:00+00:00,88.1,86.6,2.0,0.333125,26.0,gfz:kp_f107
2020-11-05 00:00:00+00:00,90.7,89.1,3.0,0.666625,31.0,gfz:kp_f107
2020-11-06 00:00:00+00:00,93.8,92.1,7.0,1.75,41.0,gfz:kp_f107
2020-11-07 00:00:00+00:00,90.6,88.9,7.0,1.583375,38.0,gfz:kp_f107
2020-11-08 00:00:00+00:00,90.0,88.3,4.0,1.125,44.0,gfz:kp_f107
2020-11-09 00:00:00+00:00,90.0,88.3,0.0,0.0,29.0,gfz:kp_f107
2020-11-10 00:00:00+00:00,86.8,85.1,0.0,0.08325,29.0,gfz:kp_f107
2020-11-11 00:00:00+00:00,88.1,86.3,3.0,0.7498750000000001,29.0,gfz:kp_f107
2020-11-12 00:00:00+00:00,85.1,83.3,3.0,0.6665,32.0,gfz:kp_f107
2020-11-13 00:00:00+00:00,81.9,80.2,3.0,0.625,26.0,gfz:kp_f107
2020-11-14 00:00:00+00:00,80.2,78.5,2.0,0.583375,20.0,gfz:kp_f107
2020-11-15 00:00:00+00:00,78.7,76.9,2.0,0.6248750000000001,5.0,gfz:kp_f107
2020-11-16 00:00:00+00:00,76.6,74.9,0.0,0.08325,0.0,gfz:kp_f107
2020-11-17 00:00:00+00:00,79.1,77.3,1.0,0.333375,10.0,gfz:kp_f107
2020-11-18 00:00:00+00:00,77.3,75.5,3.0,0.5832499999999999,13.0,gfz:kp_f107
2020-11-19 00:00:00+00:00,76.7,74.9,2.0,0.4165,13.0,gfz:kp_f107
2020-11-20 00:00:00+00:00,81.7,79.7,7.0,1.6251250000000002,13.0,gfz:kp_f107
2020-11-21 00:00:00+00:00,85.0,82.9,10.0,2.16675,26.0,gfz:kp_f107
2020-11-22 00:00:00+00:00,87.7,85.5,24.0,3.7501249999999997,34.0,gfz:kp_f107
2020-11-23 00:00:00+00:00,95.5,93.1,7.0,1.91675,48.0,gfz:kp_f107
2020-11-24 00:00:00+00:00,100.4,97.9,3.0,0.75,44.0,gfz:kp_f107
2020-11-25 00:00:00+00:00,103.7,101.0,6.0,1.583375,53.0,gfz:kp_f107
2020-11-26 00:00:00+00:00,105.8,103.0,6.0,1.499875,58.0,gfz:kp_f107
2020-11-27 00:00:00+00:00,106.3,103.5,6.0,1.58325,75.0,gfz:kp_f107
2020-11-28 00:00:00+00:00,109.6,106.6,9.0,2.125,86.0,gfz:kp_f107
2020-11-29 00:00:00+00:00,116.3,113.1,3.0,0.8748750000000001,96.0,gfz:kp_f107
2020-11-30 00:00:00+00:00,109.4,106.4,7.0,1.58325,87.0,gfz:kp_f107
2020-12-01 00:00:00+00:00,104.1,101.2,1.0,0.291625,56.0,gfz:kp_f107
2020-12-02 00:00:00+00:00,104.9,101.9,3.0,0.708375,48.0,gfz:kp_f107
2020-12-03 00:00:00+00:00,102.9,99.9,2.0,0.45825,45.0,gfz:kp_f107
2020-12-04 00:00:00+00:00,95.8,93.0,0.0,0.041625,41.0,gfz:kp_f107
2020-12-05 00:00:00+00:00,99.9,97.0,4.0,0.91675,37.0,gfz:kp_f107
2020-12-06 00:00:00+00:00,90.9,88.2,6.0,1.45825,25.0,gfz:kp_f107
2020-12-07 00:00:00+00:00,89.5,86.8,1.0,0.29175,21.0,gfz:kp_f107
2020-12-08 00:00:00+00:00,82.4,80.0,4.0,0.875,14.0,gfz:kp_f107
2020-12-09 00:00:00+00:00,82.1,79.6,7.0,1.625,14.0,gfz:kp_f107
2020-12-10 00:00:00+00:00,81.5,79.1,7.0,1.499875,12.0,gfz:kp_f107
2020-12-11 00:00:00+00:00,83.3,80.8,6.0,1.5,12.0,gfz:kp_f107
2020-12-12 00:00:00+00:00,81.8,79.3,4.0,0.875,11.0,gfz:kp_f107
2020-12-13 00:00:00+00:00,80.6,78.1,4.0,1.041625,11.0,gfz:kp_f107
2020-12-14 00:00:00+00:00,83.0,80.4,3.0,0.625,13.0,gfz:kp_f107
2020-12-15 00:00:00+00:00,82.9,80.3,2.0,0.458375,20.0,gfz:kp_f107
2020-12-16 00:00:00+00:00,81.9,79.3,2.0,0.416625,14.0,gfz:kp_f107
2020-12-17 00:00:00+00:00,81.9,79.3,1.0,0.166625,13.0,gfz:kp_f107
2020-12-18 00:00:00+00:00,81.9,79.3,2.0,0.2915,7.0,gfz:kp_f107
2020-12-19 00:00:00+00:00,81.7,79.1,5.0,1.20825,0.0,gfz:kp_f107
2020-12-20 00:00:00+00:00,83.8,81.1,4.0,0.9998750000000001,0.0,gfz:kp_f107
2020-12-21 00:00:00+00:00,79.6,77.0,12.0,2.45825,12.0,gfz:kp_f107
2020-12-22 00:00:00+00:00,85.8,83.0,13.0,2.75,12.0,gfz:kp_f107
2020-12-23 00:00:00+00:00,86.4,83.6,11.0,2.333125,24.0,gfz:kp_f107
2020-12-24 00:00:00+00:00,87.4,84.5,8.0,1.91675,28.0,gfz:kp_f107
2020-12-25 00:00:00+00:00,87.7,84.9,4.0,1.041625,31.0,gfz:kp_f107
2020-12-26 00:00:00+00:00,87.9,85.0,4.0,0.9584999999999999,35.0,gfz:kp_f107
2020-12-27 00:00:00+00:00,87.8,84.9,5.0,1.375125,33.0,gfz:kp_f107
2020-12-28 00:00:00+00:00,87.2,84.3,6.0,1.791625,30.0,gfz:kp_f107
2020-12-29 00:00:00+00:00,84.2,81.4,6.0,1.458375,32.0,gfz:kp_f107
2020-12-30 00:00:00+00:00,82.8,80.1,8.0,1.875125,32.0,gfz:kp_f107
2020-12-31 00:00:00+00:00,81.2,78.5,3.0,0.6248750000000001,34.0,gfz:kp_f107
2021-01-01 00:00:00+00:00,80.4,77.7,2.0,0.541625,24.0,gfz:kp_f107
2021-01-02 00:00:00+00:00,81.5,78.8,0.0,0.08325,17.0,gfz:kp_f107
2021-01-03 00:00:00+00:00,80.4,77.8,1.0,0.12487500000000001,0.0,gfz:kp_f107
2021-01-04 00:00:00+00:00,77.6,75.0,2.0,0.333125,0.0,gfz:kp_f107
2021-01-05 00:00:00+00:00,75.1,72.6,10.0,1.9585,0.0,gfz:kp_f107
2021-01-06 00:00:00+00:00,74.1,71.7,10.0,2.25,0.0,gfz:kp_f107
2021-01-07 00:00:00+00:00,74.6,72.2,4.0,1.124875,0.0,gfz:kp_f107
2021-01-08 00:00:00+00:00,75.2,72.8,2.0,0.24975000000000003,0.0,gfz:kp_f107
2021-01-09 00:00:00+00:00,74.2,71.8,2.0,0.33325,0.0,gfz:kp_f107
2021-01-10 00:00:00+00:00,73.1,70.7,3.0,0.583375,0.0,gfz:kp_f107
2021-01-11 00:00:00+00:00,73.2,70.8,12.0,2.2498750000000003,0.0,gfz:kp_f107
2021-01-12 00:00:00+00:00,72.8,70.4,9.0,1.875,0.0,gfz:kp_f107
2021-01-13 00:00:00+00:00,73.2,70.8,3.0,0.75,0.0,gfz:kp_f107
2021-01-14 00:00:00+00:00,73.6,71.2,1.0,0.1665,3.0,gfz:kp_f107
2021-01-15 00:00:00+00:00,73.4,71.0,2.0,0.5,14.0,gfz:kp_f107
2021-01-16 00:00:00+00:00,77.7,75.2,3.0,0.7085,12.0,gfz:kp_f107
2021-01-17 00:00:00+00:00,77.2,74.8,1.0,0.2915,14.0,gfz:kp_f107
2021-01-18 00:00:00+00:00,75.3,72.9,3.0,0.75,12.0,gfz:kp_f107
2021-01-19 00:00:00+00:00,78.1,75.6,5.0,1.29175,20.0,gfz:kp_f107
2021-01-20 00:00:00+00:00,77.2,74.7,5.0,1.333375,21.0,gfz:kp_f107
2021-01-21 00:00:00+00:00,77.6,75.2,1.0,0.249875,25.0,gfz:kp_f107
2021-01-22 00:00:00+00:00,78.2,75.8,2.0,0.5,35.0,gfz:kp_f107
2021-01-23 00:00:00+00:00,77.9,75.5,3.0,0.833375,32.0,gfz:kp_f107
2021-01-24 00:00:00+00:00,77.6,75.2,5.0,1.25,23.0,gfz:kp_f107
2021-01-25 00:00:00+00:00,77.1,74.8,15.0,2.75,27.0,gfz:kp_f107
2021-01-26 00:00:00+00:00,75.7,73.4,11.0,2.291625,17.0,gfz:kp_f107
2021-01-27 00:00:00+00:00,76.3,74.0,10.0,2.291625,20.0,gfz:kp_f107
2021-01-28 00:00:00+00:00,75.6,73.4,3.0,0.58325,7.0,gfz:kp_f107
2021-01-29 00:00:00+00:00,75.5,73.2,2.0,0.499875,0.0,gfz:kp_f107
2021-01-30 00:00:00+00:00,73.7,71.6,1.0,0.249875,0.0,gfz:kp_f107
2021-01-31 00:00:00+00:00,73.4,71.2,1.0,0.16675,0.0,gfz:kp_f107
2021-02-01 00:00:00+00:00,73.0,70.8,4.0,1.25,0.0,gfz:kp_f107
2021-02-02 00:00:00+00:00,72.3,70.2,16.0,2.8335,9.0,gfz:kp_f107
2021-02-03 00:00:00+00:00,73.3,71.3,12.0,2.458375,7.0,gfz:kp_f107
2021-02-04 00:00:00+00:00,73.3,71.2,7.0,1.666625,0.0,gfz:kp_f107
2021-02-05 00:00:00+00:00,73.1,71.1,5.0,1.2918749999999999,0.0,gfz:kp_f107
2021-02-06 00:00:00+00:00,73.0,71.0,7.0,1.374875,0.0,gfz:kp_f107
2021-02-07 00:00:00+00:00,72.8,70.8,18.0,3.0001249999999997,0.0,gfz:kp_f107
2021-02-08 00:00:00+00:00,73.3,71.3,6.0,1.375,2.0,gfz:kp_f107
2021-02-09 00:00:00+00:00,72.9,71.0,3.0,0.83325,2.0,gfz:kp_f107
2021-02-10 00:00:00+00:00,72.9,71.0,2.0,0.458375,0.0,gfz:kp_f107
2021-02-11 00:00:00+00:00,72.4,70.5,2.0,0.375,0.0,gfz:kp_f107
2021-02-12 00:00:00+00:00,73.5,71.7,5.0,1.124875,0.0,gfz:kp_f107
2021-02-13 00:00:00+00:00,71.3,69.6,12.0,2.45825,0.0,gfz:kp_f107
2021-02-14 00:00:00+00:00,71.4,69.7,4.0,0.91675,0.0,gfz:kp_f107
2021-02-15 00:00:00+00:00,69.6,68.0,4.0,1.000125,0.0,gfz:kp_f107
2021-02-16 00:00:00+00:00,70.7,69.1,12.0,2.375,0.0,gfz:kp_f107
2021-02-17 00:00:00+00:00,71.6,70.0,7.0,1.83325,0.0,gfz:kp_f107
2021-02-18 00:00:00+00:00,72.2,70.6,4.0,0.958375,10.0,gfz:kp_f107
2021-02-19 00:00:00+00:00,71.6,69.9,15.0,2.708375,9.0,gfz:kp_f107
2021-02-20 00:00:00+00:00,73.3,71.7,21.0,3.5,9.0,gfz:kp_f107
2021-02-21 00:00:00+00:00,72.5,70.9,20.0,3.333375,10.0,gfz:kp_f107
2021-02-22 00:00:00+00:00,74.8,73.2,17.0,3.166625,16.0,gfz:kp_f107
2021-02-23 00:00:00+00:00,75.8,74.2,12.0,2.5,36.0,gfz:kp_f107
2021-02-24 00:00:00+00:00,79.2,77.6,19.0,3.29175,38.0,gfz:kp_f107
2021-02-25 00:00:00+00:00,78.7,77.1,14.0,2.7085,34.0,gfz:kp_f107
2021-02-26 00:00:00+00:00,79.6,78.1,9.0,2.2498750000000003,18.0,gfz:kp_f107
2021-02-27 00:00:00+00:00,77.9,76.4,4.0,0.91675,17.0,gfz:kp_f107
2021-02-28 00:00:00+00:00,77.2,75.7,5.0,1.20825,13.0,gfz:kp_f107
2021-03-01 00:00:00+00:00,74.1,72.7,25.0,3.375,10.0,gfz:kp_f107
2021-03-02 00:00:00+00:00,74.7,73.3,20.0,3.1248750000000003,16.0,gfz:kp_f107
2021-03-03 00:00:00+00:00,75.7,74.4,19.0,3.208375,35.0,gfz:kp_f107
2021-03-04 00:00:00+00:00,75.4,74.1,9.0,2.0001249999999997,30.0,gfz:kp_f107
2021-03-05 00:00:00+00:00,75.1,73.9,5.0,1.25,13.0,gfz:kp_f107
2021-03-06 00:00:00+00:00,75.6,74.4,15.0,2.833125,7.0,gfz:kp_f107
2021-03-07 00:00:00+00:00,77.5,76.4,8.0,1.791875,21.0,gfz:kp_f107
2021-03-08 00:00:00+00:00,79.9,78.7,5.0,1.08325,14.0,gfz:kp_f107
2021-03-09 00:00:00+00:00,76.5,75.4,3.0,0.583375,15.0,gfz:kp_f107
2021-03-10 00:00:00+00:00,76.3,75.3,1.0,0.2915,17.0,gfz:kp_f107
2021-03-11 00:00:00+00:00,75.6,74.6,3.0,0.708375,22.0,gfz:kp_f107
2021-03-12 00:00:00+00:00,75.6,74.7,11.0,2.541625,14.0,gfz:kp_f107
2021-03-13 00:00:00+00:00,75.9,75.0,16.0,3.0001249999999997,11.0,gfz:kp_f107
2021-03-14 00:00:00+00:00,75.1,74.2,23.0,3.58325,23.0,gfz:kp_f107
2021-03-15 00:00:00+00:00,73.9,73.1,7.0,1.666625,24.0,gfz:kp_f107
2021-03-16 00:00:00+00:00,73.7,72.9,2.0,0.500125,19.0,gfz:kp_f107
2021-03-17 00:00:00+00:00,72.8,72.1,4.0,1.041625,13.0,gfz:kp_f107
2021-03-18 00:00:00+00:00,73.2,72.5,4.0,1.125,13.0,gfz:kp_f107
2021-03-19 00:00:00+00:00,73.1,72.5,5.0,1.291625,13.0,gfz:kp_f107
2021-03-20 00:00:00+00:00,74.7,74.1,27.0,3.7501249999999997,11.0,gfz:kp_f107
2021-03-21 00:00:00+00:00,75.2,74.6,22.0,3.3751249999999997,8.0,gfz:kp_f107
2021-03-22 00:00:00+00:00,76.6,76.0,7.0,1.70825,22.0,gfz:kp_f107
2021-03-23 00:00:00+00:00,76.9,76.4,10.0,2.33325,27.0,gfz:kp_f107
2021-03-24 00:00:00+00:00,75.8,75.3,9.0,2.125,30.0,gfz:kp_f107
2021-03-25 00:00:00+00:00,75.2,74.8,17.0,2.708375,27.0,gfz:kp_f107
2021-03-26 00:00:00+00:00,75.1,74.7,10.0,2.20825,25.0,gfz:kp_f107
2021-03-27 00:00:00+00:00,75.1,74.7,7.0,1.166625,19.0,gfz:kp_f107
2021-03-28 00:00:00+00:00,73.9,73.6,5.0,1.08325,12.0,gfz:kp_f107
2021-03-29 00:00:00+00:00,73.4,73.2,3.0,0.666625,12.0,gfz:kp_f107
2021-03-30 00:00:00+00:00,74.6,74.5,3.0,0.708375,9.0,gfz:kp_f107
2021-03-31 00:00:00+00:00,72.5,72.4,9.0,2.125,0.0,gfz:kp_f107
2021-04-01 00:00:00+00:00,77.9,77.8,7.0,1.70825,0.0,gfz:kp_f107
2021-04-02 00:00:00+00:00,71.4,71.4,5.0,1.208375,0.0,gfz:kp_f107
2021-04-03 00:00:00+00:00,72.2,72.2,4.0,0.875,4.0,gfz:kp_f107
2021-04-04 00:00:00+00:00,72.0,72.0,3.0,0.583375,12.0,gfz:kp_f107
2021-04-05 00:00:00+00:00,71.7,71.8,4.0,0.916625,11.0,gfz:kp_f107
2021-04-06 00:00:00+00:00,71.2,71.3,2.0,0.375,6.0,gfz:kp_f107
2021-04-07 00:00:00+00:00,70.5,70.7,15.0,2.833375,0.0,gfz:kp_f107
2021-04-08 00:00:00+00:00,70.3,70.5,4.0,0.8751249999999999,0.0,gfz:kp_f107
2021-04-09 00:00:00+00:00,70.5,70.8,2.0,0.58325,0.0,gfz:kp_f107
2021-04-10 00:00:00+00:00,70.5,70.8,4.0,0.91675,0.0,gfz:kp_f107
2021-04-11 00:00:00+00:00,71.9,72.2,6.0,1.4585,10.0,gfz:kp_f107
2021-04-12 00:00:00+00:00,74.2,74.5,4.0,1.083375,14.0,gfz:kp_f107
2021-04-13 00:00:00+00:00,73.2,73.6,5.0,1.20825,19.0,gfz:kp_f107
2021-04-14 00:00:00+00:00,73.9,74.3,6.0,1.375125,21.0,gfz:kp_f107
2021-04-15 00:00:00+00:00,75.5,76.0,12.0,2.291625,25.0,gfz:kp_f107
2021-04-16 00:00:00+00:00,74.6,75.2,19.0,3.1248750000000003,35.0,gfz:kp_f107
2021-04-17 00:00:00+00:00,75.3,75.9,28.0,4.000125,15.0,gfz:kp_f107
2021-04-18 00:00:00+00:00,75.8,76.4,17.0,3.166625,18.0,gfz:kp_f107
2021-04-19 00:00:00+00:00,80.4,81.1,17.0,3.20825,36.0,gfz:kp_f107
2021-04-20 00:00:00+00:00,82.9,83.7,12.0,2.625,57.0,gfz:kp_f107
2021-04-21 00:00:00+00:00,76.9,77.7,6.0,1.54175,46.0,gfz:kp_f107
2021-04-22 00:00:00+00:00,77.8,78.6,4.0,1.1247500000000001,44.0,gfz:kp_f107
2021-04-23 00:00:00+00:00,75.3,76.1,13.0,2.54175,37.0,gfz:kp_f107
2021-04-24 00:00:00+00:00,76.8,77.7,8.0,1.91675,54.0,gfz:kp_f107
2021-04-25 00:00:00+00:00,77.7,78.7,18.0,3.0001249999999997,55.0,gfz:kp_f107
2021-04-26 00:00:00+00:00,78.2,79.2,12.0,2.125125,50.0,gfz:kp_f107
2021-04-27 00:00:00+00:00,78.4,79.4,6.0,1.374875,55.0,gfz:kp_f107
2021-04-28 00:00:00+00:00,76.8,77.9,2.0,0.416625,46.0,gfz:kp_f107
2021-04-29 00:00:00+00:00,76.9,78.0,4.0,1.0415,37.0,gfz:kp_f107
2021-04-30 00:00:00+00:00,72.9,74.0,5.0,1.166625,28.0,gfz:kp_f107
2021-05-01 00:00:00+00:00,71.6,72.7,4.0,1.1665,10.0,gfz:kp_f107
2021-05-02 00:00:00+00:00,72.0,73.1,8.0,1.958375,0.0,gfz:kp_f107
2021-05-03 00:00:00+00:00,71.6,72.8,5.0,1.208375,0.0,gfz:kp_f107
2021-05-04 00:00:00+00:00,70.6,71.8,3.0,0.791625,0.0,gfz:kp_f107
2021-05-05 00:00:00+00:00,69.5,70.7,1.0,0.249875,0.0,gfz:kp_f107
2021-05-06 00:00:00+00:00,70.8,72.1,3.0,0.666625,0.0,gfz:kp_f107
2021-05-07 00:00:00+00:00,74.5,75.9,2.0,0.541625,10.0,gfz:kp_f107
2021-05-08 00:00:00+00:00,75.9,77.4,3.0,0.624875,17.0,gfz:kp_f107
2021-05-09 00:00:00+00:00,75.9,77.4,3.0,0.583125,20.0,gfz:kp_f107
2021-05-10 00:00:00+00:00,76.5,78.0,6.0,1.624875,34.0,gfz:kp_f107
2021-05-11 00:00:00+00:00,76.1,77.6,2.0,0.5415,32.0,gfz:kp_f107
2021-05-12 00:00:00+00:00,74.7,76.3,42.0,3.625,33.0,gfz:kp_f107
2021-05-13 00:00:00+00:00,74.7,76.3,6.0,1.625,30.0,gfz:kp_f107
2021-05-14 00:00:00+00:00,70.9,72.4,3.0,0.791625,26.0,gfz:kp_f107
2021-05-15 00:00:00+00:00,73.3,74.9,7.0,1.58325,28.0,gfz:kp_f107
2021-05-16 00:00:00+00:00,73.2,74.9,4.0,0.8751249999999999,13.0,gfz:kp_f107
2021-05-17 00:00:00+00:00,74.8,76.5,5.0,1.375,14.0,gfz:kp_f107
2021-05-18 00:00:00+00:00,76.4,78.2,9.0,1.875125,28.0,gfz:kp_f107
2021-05-19 00:00:00+00:00,75.9,77.7,5.0,1.208375,27.0,gfz:kp_f107
2021-05-20 00:00:00+00:00,72.3,74.0,24.0,3.4998750000000003,20.0,gfz:kp_f107
2021-05-21 00:00:00+00:00,73.7,75.5,5.0,1.41675,14.0,gfz:kp_f107
2021-05-22 00:00:00+00:00,75.6,77.5,4.0,1.083375,19.0,gfz:kp_f107
2021-05-23 00:00:00+00:00,79.0,81.0,3.0,0.75,27.0,gfz:kp_f107
2021-05-24 00:00:00+00:00,72.7,74.5,2.0,0.41650000000000004,31.0,gfz:kp_f107
2021-05-25 00:00:00+00:00,83.5,85.7,2.0,0.5415000000000001,41.0,gfz:kp_f107
2021-05-26 00:00:00+00:00,88.0,90.3,12.0,2.1251249999999997,41.0,gfz:kp_f107
2021-05-27 00:00:00+00:00,83.3,85.5,14.0,2.70825,41.0,gfz:kp_f107
2021-05-28 00:00:00+00:00,77.4,79.5,2.0,0.33325,31.0,gfz:kp_f107
2021-05-29 00:00:00+00:00,76.0,78.1,5.0,1.291625,15.0,gfz:kp_f107
2021-05-30 00:00:00+00:00,74.4,76.5,5.0,1.208375,26.0,gfz:kp_f107
2021-05-31 00:00:00+00:00,81.7,84.0,2.0,0.41675000000000006,30.0,gfz:kp_f107
2021-06-01 00:00:00+00:00,75.2,77.3,1.0,0.166625,22.0,gfz:kp_f107
2021-06-02 00:00:00+00:00,76.3,78.5,4.0,1.0415,29.0,gfz:kp_f107
2021-06-03 00:00:00+00:00,75.5,77.7,5.0,1.333375,31.0,gfz:kp_f107
2021-06-04 00:00:00+00:00,77.1,79.4,4.0,0.9998750000000001,35.0,gfz:kp_f107
2021-06-05 00:00:00+00:00,74.4,76.6,4.0,0.8331250000000001,38.0,gfz:kp_f107
2021-06-06 00:00:00+00:00,77.4,79.7,3.0,0.83325,38.0,gfz:kp_f107
2021-06-07 00:00:00+00:00,80.8,83.2,11.0,2.375,49.0,gfz:kp_f107
2021-06-08 00:00:00+00:00,79.9,82.3,4.0,1.166875,34.0,gfz:kp_f107
2021-06-09 00:00:00+00:00,78.6,81.0,3.0,0.6665,25.0,gfz:kp_f107
2021-06-10 00:00:00+00:00,73.3,75.6,4.0,0.9998750000000001,27.0,gfz:kp_f107
2021-06-11 00:00:00+00:00,77.3,79.7,8.0,2.041625,19.0,gfz:kp_f107
2021-06-12 00:00:00+00:00,77.6,80.0,9.0,2.1248750000000003,8.0,gfz:kp_f107
2021-06-13 00:00:00+00:00,68.9,71.1,5.0,1.041625,15.0,gfz:kp_f107
2021-06-14 00:00:00+00:00,76.8,79.3,4.0,0.833375,12.0,gfz:kp_f107
2021-06-15 00:00:00+00:00,75.5,77.9,17.0,2.7501249999999997,11.0,gfz:kp_f107
2021-06-16 00:00:00+00:00,75.5,77.9,13.0,2.70825,11.0,gfz:kp_f107
2021-06-17 00:00:00+00:00,85.0,87.7,5.0,1.375,12.0,gfz:kp_f107
2021-06-18 00:00:00+00:00,77.0,79.5,6.0,1.625,21.0,gfz:kp_f107
2021-06-19 00:00:00+00:00,77.1,79.6,3.0,0.75,15.0,gfz:kp_f107
2021-06-20 00:00:00+00:00,76.4,78.9,4.0,0.83325,14.0,gfz:kp_f107
2021-06-21 00:00:00+00:00,79.1,81.7,3.0,0.75,13.0,gfz:kp_f107
2021-06-22 00:00:00+00:00,80.8,83.5,5.0,1.4165,16.0,gfz:kp_f107
2021-06-23 00:00:00+00:00,79.7,82.3,3.0,0.75,12.0,gfz:kp_f107
2021-06-24 00:00:00+00:00,80.6,83.3,4.0,1.041625,11.0,gfz:kp_f107
2021-06-25 00:00:00+00:00,83.4,86.1,6.0,1.33325,23.0,gfz:kp_f107
2021-06-26 00:00:00+00:00,82.4,85.1,3.0,0.708125,19.0,gfz:kp_f107
2021-06-27 00:00:00+00:00,87.0,89.9,3.0,0.666625,33.0,gfz:kp_f107
2021-06-28 00:00:00+00:00,88.6,91.6,3.0,0.625,46.0,gfz:kp_f107
2021-06-29 00:00:00+00:00,92.5,95.6,4.0,1.125,56.0,gfz:kp_f107
2021-06-30 00:00:00+00:00,94.1,97.3,13.0,2.5,54.0,gfz:kp_f107
2021-07-01 00:00:00+00:00,94.1,97.2,5.0,1.16675,57.0,gfz:kp_f107
2021-07-02 00:00:00+00:00,94.9,98.1,4.0,1.125,62.0,gfz:kp_f107
2021-07-03 00:00:00+00:00,93.7,96.8,3.0,0.833375,60.0,gfz:kp_f107
2021-07-04 00:00:00+00:00,91.1,94.1,3.0,0.5415,50.0,gfz:kp_f107
2021-07-05 00:00:00+00:00,89.4,92.4,7.0,1.791625,45.0,gfz:kp_f107
2021-07-06 00:00:00+00:00,83.2,86.0,6.0,1.625,49.0,gfz:kp_f107
2021-07-07 00:00:00+00:00,76.0,78.6,5.0,1.25,20.0,gfz:kp_f107
2021-07-08 00:00:00+00:00,73.4,75.9,4.0,0.875,16.0,gfz:kp_f107
2021-07-09 00:00:00+00:00,73.8,76.2,4.0,1.0,11.0,gfz:kp_f107
2021-07-10 00:00:00+00:00,74.0,76.5,6.0,1.374875,15.0,gfz:kp_f107
2021-07-11 00:00:00+00:00,73.6,76.0,3.0,0.7081250000000001,21.0,gfz:kp_f107
2021-07-12 00:00:00+00:00,71.6,74.0,6.0,1.541625,23.0,gfz:kp_f107
2021-07-13 00:00:00+00:00,72.0,74.3,4.0,1.0,21.0,gfz:kp_f107
2021-07-14 00:00:00+00:00,72.1,74.5,14.0,2.375,30.0,gfz:kp_f107
2021-07-15 00:00:00+00:00,73.5,75.9,8.0,2.166625,22.0,gfz:kp_f107
2021-07-16 00:00:00+00:00,75.0,77.5,4.0,0.833375,35.0,gfz:kp_f107
2021-07-17 00:00:00+00:00,77.4,80.0,3.0,0.791625,49.0,gfz:kp_f107
2021-07-18 00:00:00+00:00,80.4,83.0,4.0,0.8331250000000001,48.0,gfz:kp_f107
2021-07-19 00:00:00+00:00,82.6,85.3,7.0,1.750125,48.0,gfz:kp_f107
2021-07-20 00:00:00+00:00,87.0,89.8,10.0,2.2498750000000003,46.0,gfz:kp_f107
2021-07-21 00:00:00+00:00,93.5,96.5,5.0,1.416625,72.0,gfz:kp_f107
2021-07-22 00:00:00+00:00,89.0,91.8,8.0,1.791625,76.0,gfz:kp_f107
2021-07-23 00:00:00+00:00,87.4,90.2,3.0,0.583375,57.0,gfz:kp_f107
2021-07-24 00:00:00+00:00,83.9,86.5,3.0,0.666625,32.0,gfz:kp_f107
2021-07-25 00:00:00+00:00,81.6,84.2,2.0,0.458125,36.0,gfz:kp_f107
2021-07-26 00:00:00+00:00,80.8,83.4,3.0,0.708375,31.0,gfz:kp_f107
2021-07-27 00:00:00+00:00,79.6,82.1,4.0,1.0,18.0,gfz:kp_f107
2021-07-28 00:00:00+00:00,78.8,81.2,13.0,2.6251249999999997,6.0,gfz:kp_f107
2021-07-29 00:00:00+00:00,75.8,78.1,8.0,1.9165,3.0,gfz:kp_f107
2021-07-30 00:00:00+00:00,75.5,77.8,6.0,1.54175,0.0,gfz:kp_f107
2021-07-31 00:00:00+00:00,75.9,78.2,6.0,1.45825,3.0,gfz:kp_f107
2021-08-01 00:00:00+00:00,74.9,77.2,3.0,0.75,8.0,gfz:kp_f107
2021-08-02 00:00:00+00:00,74.6,76.8,15.0,2.333375,13.0,gfz:kp_f107
2021-08-03 00:00:00+00:00,75.9,78.1,8.0,1.95825,17.0,gfz:kp_f107
2021-08-04 00:00:00+00:00,70.8,72.8,4.0,1.0415,17.0,gfz:kp_f107
2021-08-05 00:00:00+00:00,74.3,76.5,1.0,0.291625,22.0,gfz:kp_f107
2021-08-06 00:00:00+00:00,74.4,76.5,6.0,1.625,8.0,gfz:kp_f107
2021-08-07 00:00:00+00:00,73.7,75.8,10.0,2.375,0.0,gfz:kp_f107
2021-08-08 00:00:00+00:00,73.5,75.5,4.0,0.9998750000000001,0.0,gfz:kp_f107
2021-08-09 00:00:00+00:00,73.0,75.0,4.0,0.875,7.0,gfz:kp_f107
2021-08-10 00:00:00+00:00,73.3,75.3,6.0,1.58325,0.0,gfz:kp_f107
2021-08-11 00:00:00+00:00,73.8,75.8,5.0,1.208125,18.0,gfz:kp_f107
2021-08-12 00:00:00+00:00,73.6,75.6,3.0,0.833375,7.0,gfz:kp_f107
2021-08-13 00:00:00+00:00,72.9,74.8,5.0,1.20825,9.0,gfz:kp_f107
2021-08-14 00:00:00+00:00,72.6,74.5,3.0,0.708375,19.0,gfz:kp_f107
2021-08-15 00:00:00+00:00,74.6,76.5,8.0,2.041625,21.0,gfz:kp_f107
2021-08-16 00:00:00+00:00,74.4,76.3,7.0,1.75,20.0,gfz:kp_f107
2021-08-17 00:00:00+00:00,73.1,75.0,4.0,1.166625,15.0,gfz:kp_f107
2021-08-18 00:00:00+00:00,75.3,77.1,6.0,1.374875,13.0,gfz:kp_f107
2021-08-19 00:00:00+00:00,74.9,76.7,4.0,0.87475,22.0,gfz:kp_f107
2021-08-20 00:00:00+00:00,77.7,79.5,6.0,1.416625,12.0,gfz:kp_f107
2021-08-21 00:00:00+00:00,77.1,78.9,3.0,0.7498750000000001,16.0,gfz:kp_f107
2021-08-22 00:00:00+00:00,77.1,78.8,2.0,0.458375,19.0,gfz:kp_f107
2021-08-23 00:00:00+00:00,78.1,79.8,2.0,0.37475,16.0,gfz:kp_f107
2021-08-24 00:00:00+00:00,80.9,82.6,4.0,0.95825,20.0,gfz:kp_f107
2021-08-25 00:00:00+00:00,83.6,85.4,8.0,1.7915,36.0,gfz:kp_f107
2021-08-26 00:00:00+00:00,88.6,90.5,5.0,1.250125,48.0,gfz:kp_f107
2021-08-27 00:00:00+00:00,89.5,91.3,21.0,3.25,71.0,gfz:kp_f107
2021-08-28 00:00:00+00:00,89.9,91.7,14.0,2.4165,75.0,gfz:kp_f107
2021-08-29 00:00:00+00:00,88.7,90.5,8.0,1.7085,51.0,gfz:kp_f107
2021-08-30 00:00:00+00:00,90.6,92.4,7.0,1.666625,43.0,gfz:kp_f107
2021-08-31 00:00:00+00:00,84.4,86.0,6.0,1.45825,39.0,gfz:kp_f107
2021-09-01 00:00:00+00:00,84.2,85.7,4.0,1.125,38.0,gfz:kp_f107
2021-09-02 00:00:00+00:00,85.8,87.3,3.0,0.791625,33.0,gfz:kp_f107
2021-09-03 00:00:00+00:00,83.8,85.3,6.0,1.7081250000000001,26.0,gfz:kp_f107
2021-09-04 00:00:00+00:00,86.5,88.0,4.0,1.1252499999999999,71.0,gfz:kp_f107
2021-09-05 00:00:00+00:00,93.3,94.9,6.0,1.45825,74.0,gfz:kp_f107
2021-09-06 00:00:00+00:00,99.5,101.1,6.0,1.458375,83.0,gfz:kp_f107
2021-09-07 00:00:00+00:00,101.2,102.8,8.0,1.7918749999999999,84.0,gfz:kp_f107
2021-09-08 00:00:00+00:00,100.4,101.9,14.0,2.666625,97.0,gfz:kp_f107
2021-09-09 00:00:00+00:00,99.7,101.1,4.0,1.0418749999999999,101.0,gfz:kp_f107
2021-09-10 00:00:00+00:00,96.3,97.6,8.0,1.708375,96.0,gfz:kp_f107
2021-09-11 00:00:00+00:00,91.8,93.0,6.0,1.5,72.0,gfz:kp_f107
2021-09-12 00:00:00+00:00,87.7,88.8,5.0,1.416625,49.0,gfz:kp_f107
2021-09-13 00:00:00+00:00,83.3,84.3,8.0,1.91675,33.0,gfz:kp_f107
2021-09-14 00:00:00+00:00,78.1,79.0,5.0,1.375,23.0,gfz:kp_f107
2021-09-15 00:00:00+00:00,75.2,76.1,5.0,1.29175,10.0,gfz:kp_f107
2021-09-16 00:00:00+00:00,73.2,74.0,3.0,0.666625,0.0,gfz:kp_f107
2021-09-17 00:00:00+00:00,73.4,74.1,23.0,3.25,0.0,gfz:kp_f107
2021-09-18 00:00:00+00:00,73.7,74.4,8.0,1.791625,0.0,gfz:kp_f107
2021-09-19 00:00:00+00:00,75.0,75.7,2.0,0.33325,13.0,gfz:kp_f107
2021-09-20 00:00:00+00:00,80.0,80.7,3.0,0.583125,43.0,gfz:kp_f107
2021-09-21 00:00:00+00:00,84.9,85.5,6.0,1.45825,65.0,gfz:kp_f107
2021-09-22 00:00:00+00:00,88.5,89.2,12.0,2.29175,81.0,gfz:kp_f107
2021-09-23 00:00:00+00:00,89.7,90.2,9.0,1.958375,70.0,gfz:kp_f107
2021-09-24 00:00:00+00:00,88.4,88.9,7.0,1.66675,60.0,gfz:kp_f107
2021-09-25 00:00:00+00:00,88.4,88.9,6.0,1.54175,45.0,gfz:kp_f107
2021-09-26 00:00:00+00:00,86.3,86.7,1.0,0.20825,50.0,gfz:kp_f107
2021-09-27 00:00:00+00:00,85.3,85.6,6.0,1.58325,50.0,gfz:kp_f107
2021-09-28 00:00:00+00:00,88.9,89.3,9.0,2.20825,57.0,gfz:kp_f107
2021-09-29 00:00:00+00:00,101.6,102.0,4.0,1.041625,70.0,gfz:kp_f107
2021-09-30 00:00:00+00:00,94.6,94.8,8.0,1.5,45.0,gfz:kp_f107
2021-10-01 00:00:00+00:00,90.5,90.7,12.0,2.45825,38.0,gfz:kp_f107
2021-10-02 00:00:00+00:00,87.0,87.1,7.0,1.375,34.0,gfz:kp_f107
2021-10-03 00:00:00+00:00,86.0,86.1,5.0,1.333375,27.0,gfz:kp_f107
2021-10-04 00:00:00+00:00,83.5,83.5,4.0,1.04175,35.0,gfz:kp_f107
2021-10-05 00:00:00+00:00,81.7,81.7,4.0,0.9998750000000001,30.0,gfz:kp_f107
2021-10-06 00:00:00+00:00,84.8,84.7,8.0,1.958375,26.0,gfz:kp_f107
2021-10-07 00:00:00+00:00,85.7,85.6,3.0,0.625,16.0,gfz:kp_f107
2021-10-08 00:00:00+00:00,92.4,92.2,3.0,0.7498750000000001,19.0,gfz:kp_f107
2021-10-09 00:00:00+00:00,81.0,80.8,4.0,1.0001250000000002,23.0,gfz:kp_f107
2021-10-10 00:00:00+00:00,84.5,84.2,11.0,2.041625,38.0,gfz:kp_f107
2021-10-11 00:00:00+00:00,88.5,88.2,14.0,2.791625,30.0,gfz:kp_f107
2021-10-12 00:00:00+00:00,83.5,83.1,46.0,4.70825,17.0,gfz:kp_f107
2021-10-13 00:00:00+00:00,83.5,83.1,5.0,1.04175,20.0,gfz:kp_f107
2021-10-14 00:00:00+00:00,84.0,83.6,6.0,1.749875,20.0,gfz:kp_f107
2021-10-15 00:00:00+00:00,81.7,81.2,4.0,1.08325,12.0,gfz:kp_f107
2021-10-16 00:00:00+00:00,80.4,79.8,5.0,1.20825,11.0,gfz:kp_f107
2021-10-17 00:00:00+00:00,77.6,77.1,10.0,2.08325,0.0,gfz:kp_f107
2021-10-18 00:00:00+00:00,76.8,76.2,9.0,2.0835,17.0,gfz:kp_f107
2021-10-19 00:00:00+00:00,78.8,78.2,12.0,2.416625,13.0,gfz:kp_f107
2021-10-20 00:00:00+00:00,77.9,77.2,5.0,1.375,12.0,gfz:kp_f107
2021-10-21 00:00:00+00:00,82.4,81.6,5.0,1.375125,17.0,gfz:kp_f107
2021-10-22 00:00:00+00:00,85.7,84.8,3.0,0.666625,36.0,gfz:kp_f107
2021-10-23 00:00:00+00:00,90.1,89.1,2.0,0.5415000000000001,48.0,gfz:kp_f107
2021-10-24 00:00:00+00:00,93.8,92.8,4.0,0.8334999999999999,40.0,gfz:kp_f107
2021-10-25 00:00:00+00:00,101.8,100.6,4.0,1.0,66.0,gfz:kp_f107
2021-10-26 00:00:00+00:00,110.8,109.4,4.0,1.04175,90.0,gfz:kp_f107
2021-10-27 00:00:00+00:00,112.2,110.8,2.0,0.416625,103.0,gfz:kp_f107
2021-10-28 00:00:00+00:00,112.7,111.3,1.0,0.20825,97.0,gfz:kp_f107
2021-10-29 00:00:00+00:00,108.0,106.5,1.0,0.291625,82.0,gfz:kp_f107
2021-10-30 00:00:00+00:00,110.4,108.9,8.0,1.9168749999999999,76.0,gfz:kp_f107
2021-10-31 00:00:00+00:00,101.7,100.2,14.0,2.6665,65.0,gfz:kp_f107
2021-11-01 00:00:00+00:00,97.6,96.1,8.0,1.875125,51.0,gfz:kp_f107
2021-11-02 00:00:00+00:00,96.0,94.5,17.0,3.083375,43.0,gfz:kp_f107
2021-11-03 00:00:00+00:00,92.4,90.9,19.0,2.208375,33.0,gfz:kp_f107
2021-11-04 00:00:00+00:00,92.4,90.8,72.0,4.9585,28.0,gfz:kp_f107
2021-11-05 00:00:00+00:00,91.2,89.6,11.0,2.333375,37.0,gfz:kp_f107
2021-11-06 00:00:00+00:00,87.0,85.4,17.0,3.083375,34.0,gfz:kp_f107
2021-11-07 00:00:00+00:00,89.9,88.2,5.0,0.8331250000000001,30.0,gfz:kp_f107
2021-11-08 00:00:00+00:00,90.8,89.1,4.0,1.0,40.0,gfz:kp_f107
2021-11-09 00:00:00+00:00,91.4,89.6,6.0,1.4585,44.0,gfz:kp_f107
2021-11-10 00:00:00+00:00,96.9,95.0,6.0,1.4165,41.0,gfz:kp_f107
2021-11-11 00:00:00+00:00,84.2,82.5,3.0,0.83325,43.0,gfz:kp_f107
2021-11-12 00:00:00+00:00,84.1,82.3,2.0,0.54175,36.0,gfz:kp_f107
2021-11-13 00:00:00+00:00,83.6,81.9,1.0,0.249875,27.0,gfz:kp_f107
2021-11-14 00:00:00+00:00,79.1,77.4,3.0,0.583375,20.0,gfz:kp_f107
2021-11-15 00:00:00+00:00,80.9,79.1,8.0,1.416625,24.0,gfz:kp_f107
2021-11-16 00:00:00+00:00,80.8,79.0,12.0,2.541625,32.0,gfz:kp_f107
2021-11-17 00:00:00+00:00,80.4,78.5,12.0,2.541625,29.0,gfz:kp_f107
2021-11-18 00:00:00+00:00,78.9,77.1,5.0,1.1665,23.0,gfz:kp_f107
2021-11-19 00:00:00+00:00,78.9,77.0,4.0,1.125,22.0,gfz:kp_f107
2021-11-20 00:00:00+00:00,81.6,79.7,9.0,2.1665,22.0,gfz:kp_f107
2021-11-21 00:00:00+00:00,79.8,77.9,12.0,2.66675,23.0,gfz:kp_f107
2021-11-22 00:00:00+00:00,79.5,77.5,8.0,1.874875,23.0,gfz:kp_f107
2021-11-23 00:00:00+00:00,80.9,78.9,9.0,2.125,33.0,gfz:kp_f107
2021-11-24 00:00:00+00:00,86.6,84.4,4.0,1.04175,43.0,gfz:kp_f107
2021-11-25 00:00:00+00:00,84.9,82.7,4.0,1.04175,26.0,gfz:kp_f107
2021-11-26 00:00:00+00:00,93.6,91.1,2.0,0.49987499999999996,44.0,gfz:kp_f107
2021-11-27 00:00:00+00:00,92.4,90.0,4.0,0.75,41.0,gfz:kp_f107
2021-11-28 00:00:00+00:00,93.5,91.0,9.0,1.958375,48.0,gfz:kp_f107
2021-11-29 00:00:00+00:00,92.4,89.8,8.0,1.5835,44.0,gfz:kp_f107
2021-11-30 00:00:00+00:00,90.0,87.5,10.0,1.249875,59.0,gfz:kp_f107
2021-12-01 00:00:00+00:00,86.4,84.0,18.0,3.208375,43.0,gfz:kp_f107
2021-12-02 00:00:00+00:00,86.6,84.2,9.0,2.16675,38.0,gfz:kp_f107
2021-12-03 00:00:00+00:00,85.3,82.9,8.0,1.791625,29.0,gfz:kp_f107
2021-12-04 00:00:00+00:00,88.1,85.6,7.0,1.583375,19.0,gfz:kp_f107
2021-12-05 00:00:00+00:00,82.7,80.3,7.0,1.749875,24.0,gfz:kp_f107
2021-12-06 00:00:00+00:00,80.0,77.6,6.0,1.6668749999999999,13.0,gfz:kp_f107
2021-12-07 00:00:00+00:00,78.9,76.6,4.0,0.8331250000000001,12.0,gfz:kp_f107
2021-12-08 00:00:00+00:00,76.9,74.6,4.0,0.875,6.0,gfz:kp_f107
2021-12-09 00:00:00+00:00,76.7,74.4,1.0,0.29175,0.0,gfz:kp_f107
2021-12-10 00:00:00+00:00,75.7,73.4,3.0,0.58325,0.0,gfz:kp_f107
2021-12-11 00:00:00+00:00,76.2,73.9,4.0,0.8748750000000001,0.0,gfz:kp_f107
2021-12-12 00:00:00+00:00,79.9,77.4,2.0,0.6248750000000001,13.0,gfz:kp_f107
2021-12-13 00:00:00+00:00,80.6,78.2,4.0,0.916625,24.0,gfz:kp_f107
2021-12-14 00:00:00+00:00,88.9,86.2,4.0,1.08325,46.0,gfz:kp_f107
2021-12-15 00:00:00+00:00,102.5,99.3,9.0,2.083375,78.0,gfz:kp_f107
2021-12-16 00:00:00+00:00,117.9,114.2,7.0,1.875,107.0,gfz:kp_f107
2021-12-17 00:00:00+00:00,120.9,117.0,3.0,0.58325,111.0,gfz:kp_f107
2021-12-18 00:00:00+00:00,121.3,117.4,3.0,0.666625,109.0,gfz:kp_f107
2021-12-19 00:00:00+00:00,115.3,111.6,14.0,1.958375,118.0,gfz:kp_f107
2021-12-20 00:00:00+00:00,122.7,118.8,13.0,2.791625,121.0,gfz:kp_f107
2021-12-21 00:00:00+00:00,136.6,132.2,9.0,2.0001249999999997,132.0,gfz:kp_f107
2021-12-22 00:00:00+00:00,140.4,135.8,10.0,2.33325,150.0,gfz:kp_f107
2021-12-23 00:00:00+00:00,129.8,125.6,4.0,0.83325,145.0,gfz:kp_f107
2021-12-24 00:00:00+00:00,126.2,122.1,5.0,1.16675,118.0,gfz:kp_f107
2021-12-25 00:00:00+00:00,130.7,126.5,6.0,1.625125,114.0,gfz:kp_f107
2021-12-26 00:00:00+00:00,125.4,121.2,3.0,0.625,95.0,gfz:kp_f107
2021-12-27 00:00:00+00:00,123.9,119.9,10.0,2.125,107.0,gfz:kp_f107
2021-12-28 00:00:00+00:00,120.5,116.5,7.0,1.79175,103.0,gfz:kp_f107
2021-12-29 00:00:00+00:00,111.4,107.8,6.0,1.45825,87.0,gfz:kp_f107
2021-12-30 00:00:00+00:00,102.4,99.0,8.0,1.8331250000000001,69.0,gfz:kp_f107
2021-12-31 00:00:00+00:00,101.5,98.2,3.0,0.83325,60.0,gfz:kp_f107
2022-01-01 00:00:00+00:00,93.9,90.8,12.0,2.416625,48.0,gfz:kp_f107
2022-01-02 00:00:00+00:00,89.0,86.0,9.0,2.0415,27.0,gfz:kp_f107
2022-01-03 00:00:00+00:00,84.0,81.3,12.0,2.416625,10.0,gfz:kp_f107
2022-01-04 00:00:00+00:00,85.5,82.7,5.0,1.08325,10.0,gfz:kp_f107
2022-01-05 00:00:00+00:00,83.7,81.0,2.0,0.625,23.0,gfz:kp_f107
2022-01-06 00:00:00+00:00,93.7,90.6,0.0,0.041625,34.0,gfz:kp_f107
2022-01-07 00:00:00+00:00,107.3,103.8,0.0,0.0,44.0,gfz:kp_f107
2022-01-08 00:00:00+00:00,102.4,99.1,13.0,1.708375,44.0,gfz:kp_f107
2022-01-09 00:00:00+00:00,102.1,98.7,8.0,2.0,54.0,gfz:kp_f107
2022-01-10 00:00:00+00:00,102.2,98.8,6.0,1.499875,54.0,gfz:kp_f107
2022-01-11 00:00:00+00:00,100.0,96.7,4.0,0.958375,51.0,gfz:kp_f107
2022-01-12 00:00:00+00:00,103.2,99.8,3.0,0.666625,76.0,gfz:kp_f107
2022-01-13 00:00:00+00:00,105.5,102.1,2.0,0.49987499999999996,85.0,gfz:kp_f107
2022-01-14 00:00:00+00:00,110.2,106.6,15.0,1.958375,98.0,gfz:kp_f107
2022-01-15 00:00:00+00:00,115.6,111.8,20.0,3.29175,95.0,gfz:kp_f107
2022-01-16 00:00:00+00:00,119.4,115.6,16.0,3.041625,102.0,gfz:kp_f107
2022-01-17 00:00:00+00:00,113.5,109.9,9.0,2.083375,80.0,gfz:kp_f107
2022-01-18 00:00:00+00:00,114.5,110.8,17.0,3.041625,66.0,gfz:kp_f107
2022-01-19 00:00:00+00:00,105.3,101.9,23.0,3.33325,58.0,gfz:kp_f107
2022-01-20 00:00:00+00:00,99.3,96.1,4.0,0.7915000000000001,57.0,gfz:kp_f107
2022-01-21 00:00:00+00:00,97.3,94.3,8.0,1.625,23.0,gfz:kp_f107
2022-01-22 00:00:00+00:00,95.2,92.2,9.0,2.20825,24.0,gfz:kp_f107
2022-01-23 00:00:00+00:00,93.5,90.6,7.0,1.58325,20.0,gfz:kp_f107
2022-01-24 00:00:00+00:00,95.2,92.2,3.0,0.791625,33.0,gfz:kp_f107
2022-01-25 00:00:00+00:00,100.9,97.8,14.0,2.833375,52.0,gfz:kp_f107
2022-01-26 00:00:00+00:00,101.8,98.7,10.0,2.333375,69.0,gfz:kp_f107
2022-01-27 00:00:00+00:00,107.1,103.9,6.0,1.5001250000000002,81.0,gfz:kp_f107
2022-01-28 00:00:00+00:00,113.4,110.0,7.0,1.625125,72.0,gfz:kp_f107
2022-01-29 00:00:00+00:00,125.3,121.6,14.0,2.5001249999999997,66.0,gfz:kp_f107
2022-01-30 00:00:00+00:00,129.6,125.8,10.0,2.3751249999999997,83.0,gfz:kp_f107
2022-01-31 00:00:00+00:00,129.5,125.7,9.0,2.16675,75.0,gfz:kp_f107
2022-02-01 00:00:00+00:00,128.6,124.9,6.0,1.29175,77.0,gfz:kp_f107
2022-02-02 00:00:00+00:00,128.2,124.5,10.0,2.0001249999999997,72.0,gfz:kp_f107
2022-02-03 00:00:00+00:00,126.5,122.9,26.0,3.666625,80.0,gfz:kp_f107
2022-02-04 00:00:00+00:00,129.6,126.0,32.0,4.208375,100.0,gfz:kp_f107
2022-02-05 00:00:00+00:00,125.9,122.4,11.0,2.5001249999999997,91.0,gfz:kp_f107
2022-02-06 00:00:00+00:00,123.6,120.2,14.0,2.791875,78.0,gfz:kp_f107
2022-02-07 00:00:00+00:00,127.2,123.7,6.0,1.624875,76.0,gfz:kp_f107
2022-02-08 00:00:00+00:00,123.1,119.8,4.0,1.041625,75.0,gfz:kp_f107
2022-02-09 00:00:00+00:00,125.9,122.5,2.0,0.374875,68.0,gfz:kp_f107
2022-02-10 00:00:00+00:00,118.0,114.9,21.0,3.250125,72.0,gfz:kp_f107
2022-02-11 00:00:00+00:00,113.1,110.2,19.0,3.166625,75.0,gfz:kp_f107
2022-02-12 00:00:00+00:00,110.5,107.7,13.0,2.75,54.0,gfz:kp_f107
2022-02-13 00:00:00+00:00,105.4,102.8,14.0,2.916625,46.0,gfz:kp_f107
2022-02-14 00:00:00+00:00,106.5,103.9,7.0,1.708375,63.0,gfz:kp_f107
2022-02-15 00:00:00+00:00,114.3,111.5,4.0,0.91675,81.0,gfz:kp_f107
2022-02-16 00:00:00+00:00,102.9,100.4,9.0,2.083375,87.0,gfz:kp_f107
2022-02-17 00:00:00+00:00,96.7,94.4,4.0,1.124875,80.0,gfz:kp_f107
2022-02-18 00:00:00+00:00,93.3,91.1,5.0,1.333375,49.0,gfz:kp_f107
2022-02-19 00:00:00+00:00,95.7,93.5,8.0,1.999875,42.0,gfz:kp_f107
2022-02-20 00:00:00+00:00,93.3,91.2,13.0,2.41675,48.0,gfz:kp_f107
2022-02-21 00:00:00+00:00,97.8,95.6,11.0,2.2501249999999997,48.0,gfz:kp_f107
2022-02-22 00:00:00+00:00,95.3,93.3,16.0,2.666625,38.0,gfz:kp_f107
2022-02-23 00:00:00+00:00,95.5,93.5,6.0,1.583375,36.0,gfz:kp_f107
2022-02-24 00:00:00+00:00,92.3,90.5,6.0,1.249875,32.0,gfz:kp_f107
2022-02-25 00:00:00+00:00,96.2,94.2,8.0,1.7915,23.0,gfz:kp_f107
2022-02-26 00:00:00+00:00,96.5,94.7,1.0,0.125,25.0,gfz:kp_f107
2022-02-27 00:00:00+00:00,96.9,95.1,11.0,2.333375,32.0,gfz:kp_f107
2022-02-28 00:00:00+00:00,99.0,97.1,6.0,1.791625,56.0,gfz:kp_f107
2022-03-01 00:00:00+00:00,99.3,97.5,8.0,2.041625,72.0,gfz:kp_f107
2022-03-02 00:00:00+00:00,109.5,107.6,3.0,0.791875,78.0,gfz:kp_f107
2022-03-03 00:00:00+00:00,110.9,109.0,4.0,1.0415,88.0,gfz:kp_f107
2022-03-04 00:00:00+00:00,113.1,111.2,10.0,2.33325,87.0,gfz:kp_f107
2022-03-05 00:00:00+00:00,120.1,118.2,27.0,3.625125,85.0,gfz:kp_f107
2022-03-06 00:00:00+00:00,115.7,113.9,18.0,2.958375,79.0,gfz:kp_f107
2022-03-07 00:00:00+00:00,118.3,116.5,8.0,1.9165,89.0,gfz:kp_f107
2022-03-08 00:00:00+00:00,115.3,113.6,5.0,1.25,91.0,gfz:kp_f107
2022-03-09 00:00:00+00:00,114.8,113.1,5.0,1.0835,89.0,gfz:kp_f107
2022-03-10 00:00:00+00:00,127.1,125.4,8.0,1.83325,94.0,gfz:kp_f107
2022-03-11 00:00:00+00:00,126.5,124.9,20.0,3.3748750000000003,91.0,gfz:kp_f107
2022-03-12 00:00:00+00:00,124.7,123.1,12.0,1.999875,91.0,gfz:kp_f107
2022-03-13 00:00:00+00:00,122.9,121.4,40.0,3.666625,85.0,gfz:kp_f107
2022-03-14 00:00:00+00:00,114.9,113.6,14.0,2.12525,84.0,gfz:kp_f107
2022-03-15 00:00:00+00:00,110.4,109.2,6.0,1.416625,75.0,gfz:kp_f107
2022-03-16 00:00:00+00:00,106.6,105.5,5.0,1.375,62.0,gfz:kp_f107
2022-03-17 00:00:00+00:00,102.8,101.8,5.0,1.2085,50.0,gfz:kp_f107
2022-03-18 00:00:00+00:00,97.8,96.8,2.0,0.54175,35.0,gfz:kp_f107
2022-03-19 00:00:00+00:00,94.4,93.5,4.0,1.125,36.0,gfz:kp_f107
2022-03-20 00:00:00+00:00,94.9,94.1,8.0,1.79175,52.0,gfz:kp_f107
2022-03-21 00:00:00+00:00,97.7,97.0,3.0,0.708375,51.0,gfz:kp_f107
2022-03-22 00:00:00+00:00,105.9,105.2,8.0,1.916625,47.0,gfz:kp_f107
2022-03-23 00:00:00+00:00,105.6,104.9,6.0,1.500125,49.0,gfz:kp_f107
2022-03-24 00:00:00+00:00,111.6,110.9,10.0,2.2498750000000003,51.0,gfz:kp_f107
2022-03-25 00:00:00+00:00,112.4,111.8,8.0,1.875125,51.0,gfz:kp_f107
2022-03-26 00:00:00+00:00,118.7,118.1,6.0,1.45825,61.0,gfz:kp_f107
2022-03-27 00:00:00+00:00,130.3,129.7,15.0,2.875,96.0,gfz:kp_f107
2022-03-28 00:00:00+00:00,156.0,155.4,9.0,1.66675,137.0,gfz:kp_f107
2022-03-29 00:00:00+00:00,149.2,148.7,7.0,1.875,142.0,gfz:kp_f107
2022-03-30 00:00:00+00:00,151.3,151.0,6.0,1.3333750000000002,115.0,gfz:kp_f107
2022-03-31 00:00:00+00:00,239.5,239.0,26.0,3.79175,124.0,gfz:kp_f107
2022-04-01 00:00:00+00:00,146.6,146.4,15.0,2.916625,130.0,gfz:kp_f107
2022-04-02 00:00:00+00:00,143.3,143.2,20.0,3.2501249999999997,121.0,gfz:kp_f107
2022-04-03 00:00:00+00:00,140.2,140.2,8.0,1.791625,118.0,gfz:kp_f107
2022-04-04 00:00:00+00:00,128.0,128.0,11.0,2.29175,82.0,gfz:kp_f107
2022-04-05 00:00:00+00:00,122.4,122.5,6.0,1.499875,86.0,gfz:kp_f107
2022-04-06 00:00:00+00:00,117.0,117.1,6.0,1.416625,74.0,gfz:kp_f107
2022-04-07 00:00:00+00:00,111.1,111.3,11.0,2.41675,57.0,gfz:kp_f107
2022-04-08 00:00:00+00:00,108.9,109.2,7.0,1.75,53.0,gfz:kp_f107
2022-04-09 00:00:00+00:00,107.1,107.5,17.0,3.00025,38.0,gfz:kp_f107
2022-04-10 00:00:00+00:00,101.1,101.4,29.0,3.375,21.0,gfz:kp_f107
2022-04-11 00:00:00+00:00,98.7,99.2,11.0,2.29175,11.0,gfz:kp_f107
2022-04-12 00:00:00+00:00,96.2,96.7,11.0,2.208375,14.0,gfz:kp_f107
2022-04-13 00:00:00+00:00,98.7,99.2,8.0,1.708375,33.0,gfz:kp_f107
2022-04-14 00:00:00+00:00,103.4,104.0,39.0,4.45825,41.0,gfz:kp_f107
2022-04-15 00:00:00+00:00,110.3,111.0,23.0,3.541625,46.0,gfz:kp_f107
2022-04-16 00:00:00+00:00,122.4,123.3,7.0,1.791625,64.0,gfz:kp_f107
2022-04-17 00:00:00+00:00,134.9,135.9,10.0,2.3335,86.0,gfz:kp_f107
2022-04-18 00:00:00+00:00,140.5,141.6,8.0,2.0415,100.0,gfz:kp_f107
2022-04-19 00:00:00+00:00,160.1,161.5,6.0,1.499875,95.0,gfz:kp_f107
2022-04-20 00:00:00+00:00,165.5,167.0,8.0,1.8331250000000001,99.0,gfz:kp_f107
2022-04-21 00:00:00+00:00,164.4,166.0,9.0,2.166875,113.0,gfz:kp_f107
2022-04-22 00:00:00+00:00,162.5,164.2,6.0,1.58325,111.0,gfz:kp_f107
2022-04-23 00:00:00+00:00,159.8,161.6,11.0,2.45825,126.0,gfz:kp_f107
2022-04-24 00:00:00+00:00,158.5,160.3,4.0,1.208375,129.0,gfz:kp_f107
2022-04-25 00:00:00+00:00,156.6,158.5,4.0,0.91675,119.0,gfz:kp_f107
2022-04-26 00:00:00+00:00,148.9,150.8,2.0,0.45825,132.0,gfz:kp_f107
2022-04-27 00:00:00+00:00,141.5,143.4,17.0,2.666625,133.0,gfz:kp_f107
2022-04-28 00:00:00+00:00,132.2,134.1,14.0,2.833375,134.0,gfz:kp_f107
2022-04-29 00:00:00+00:00,123.5,125.3,12.0,2.583375,105.0,gfz:kp_f107
2022-04-30 00:00:00+00:00,119.7,121.5,15.0,2.791625,50.0,gfz:kp_f107
2022-05-01 00:00:00+00:00,109.0,110.6,8.0,1.958375,36.0,gfz:kp_f107
2022-05-02 00:00:00+00:00,111.9,113.7,4.0,1.04175,32.0,gfz:kp_f107
2022-05-03 00:00:00+00:00,113.8,115.6,6.0,1.500125,76.0,gfz:kp_f107
2022-05-04 00:00:00+00:00,130.1,132.3,5.0,1.458375,77.0,gfz:kp_f107
2022-05-05 00:00:00+00:00,119.9,122.0,3.0,0.791625,78.0,gfz:kp_f107
2022-05-06 00:00:00+00:00,119.2,121.3,3.0,0.83325,76.0,gfz:kp_f107
2022-05-07 00:00:00+00:00,118.1,120.2,1.0,0.291625,64.0,gfz:kp_f107
2022-05-08 00:00:00+00:00,119.2,121.4,5.0,1.41675,80.0,gfz:kp_f107
2022-05-09 00:00:00+00:00,117.0,119.3,6.0,1.5415,71.0,gfz:kp_f107
2022-05-10 00:00:00+00:00,115.8,118.1,2.0,0.5415,57.0,gfz:kp_f107
2022-05-11 00:00:00+00:00,132.9,135.6,5.0,1.291625,80.0,gfz:kp_f107
2022-05-12 00:00:00+00:00,133.0,135.7,8.0,1.833375,112.0,gfz:kp_f107
2022-05-13 00:00:00+00:00,149.5,152.6,6.0,1.583375,125.0,gfz:kp_f107
2022-05-14 00:00:00+00:00,152.7,155.9,6.0,1.583375,131.0,gfz:kp_f107
2022-05-15 00:00:00+00:00,153.6,156.9,10.0,2.166625,145.0,gfz:kp_f107
2022-05-16 00:00:00+00:00,161.7,165.3,9.0,2.083375,149.0,gfz:kp_f107
2022-05-17 00:00:00+00:00,170.8,174.7,10.0,2.333375,146.0,gfz:kp_f107
2022-05-18 00:00:00+00:00,179.9,184.0,6.0,1.375,131.0,gfz:kp_f107
2022-05-19 00:00:00+00:00,173.2,177.3,8.0,2.125,144.0,gfz:kp_f107
2022-05-20 00:00:00+00:00,165.5,169.5,11.0,2.375,132.0,gfz:kp_f107
2022-05-21 00:00:00+00:00,166.7,170.8,10.0,2.2501249999999997,154.0,gfz:kp_f107
2022-05-22 00:00:00+00:00,164.7,168.8,10.0,2.208375,162.0,gfz:kp_f107
2022-05-23 00:00:00+00:00,158.2,162.2,4.0,0.9165000000000001,144.0,gfz:kp_f107
2022-05-24 00:00:00+00:00,146.9,150.6,3.0,0.75,132.0,gfz:kp_f107
2022-05-25 00:00:00+00:00,136.5,140.1,6.0,1.5,106.0,gfz:kp_f107
2022-05-26 00:00:00+00:00,122.7,126.0,4.0,0.91675,81.0,gfz:kp_f107
2022-05-27 00:00:00+00:00,113.6,116.7,18.0,2.624875,59.0,gfz:kp_f107
2022-05-28 00:00:00+00:00,101.8,104.5,22.0,3.0417500000000004,42.0,gfz:kp_f107
2022-05-29 00:00:00+00:00,98.4,101.1,16.0,3.041625,43.0,gfz:kp_f107
2022-05-30 00:00:00+00:00,100.6,103.4,8.0,1.95825,58.0,gfz:kp_f107
2022-05-31 00:00:00+00:00,98.0,100.7,8.0,2.083375,69.0,gfz:kp_f107
2022-06-01 00:00:00+00:00,104.2,107.1,5.0,1.20825,62.0,gfz:kp_f107
2022-06-02 00:00:00+00:00,100.9,103.8,4.0,0.9165000000000001,59.0,gfz:kp_f107
2022-06-03 00:00:00+00:00,100.7,103.6,4.0,0.8335,56.0,gfz:kp_f107
2022-06-04 00:00:00+00:00,100.9,103.9,3.0,0.541625,66.0,gfz:kp_f107
2022-06-05 00:00:00+00:00,98.7,101.6,4.0,0.8751249999999999,49.0,gfz:kp_f107
2022-06-06 00:00:00+00:00,96.4,99.3,9.0,2.125,32.0,gfz:kp_f107
2022-06-07 00:00:00+00:00,98.4,101.3,6.0,1.7081250000000001,7.0,gfz:kp_f107
2022-06-08 00:00:00+00:00,99.9,102.9,4.0,1.0,3.0,gfz:kp_f107
2022-06-09 00:00:00+00:00,106.4,109.6,4.0,1.124875,21.0,gfz:kp_f107
2022-06-10 00:00:00+00:00,110.5,113.9,4.0,0.916625,46.0,gfz:kp_f107
2022-06-11 00:00:00+00:00,112.1,115.6,7.0,1.75,39.0,gfz:kp_f107
2022-06-12 00:00:00+00:00,121.3,125.1,9.0,2.125,53.0,gfz:kp_f107
2022-06-13 00:00:00+00:00,131.5,135.6,14.0,2.5835,94.0,gfz:kp_f107
2022-06-14 00:00:00+00:00,145.5,150.1,6.0,1.750125,123.0,gfz:kp_f107
2022-06-15 00:00:00+00:00,140.0,144.5,17.0,2.958375,148.0,gfz:kp_f107
2022-06-16 00:00:00+00:00,146.7,151.4,10.0,2.3748750000000003,150.0,gfz:kp_f107
2022-06-17 00:00:00+00:00,148.9,153.7,12.0,2.708125,152.0,gfz:kp_f107
2022-06-18 00:00:00+00:00,140.2,144.7,13.0,2.458375,147.0,gfz:kp_f107
2022-06-19 00:00:00+00:00,143.6,148.2,10.0,2.166625,118.0,gfz:kp_f107
2022-06-20 00:00:00+00:00,136.5,141.0,10.0,2.208125,96.0,gfz:kp_f107
2022-06-21 00:00:00+00:00,138.7,143.2,7.0,1.750125,96.0,gfz:kp_f107
2022-06-22 00:00:00+00:00,128.7,132.9,9.0,2.208375,89.0,gfz:kp_f107
2022-06-23 00:00:00+00:00,121.4,125.5,10.0,2.25,70.0,gfz:kp_f107
2022-06-24 00:00:00+00:00,115.4,119.2,6.0,1.374875,61.0,gfz:kp_f107
2022-06-25 00:00:00+00:00,108.1,111.7,15.0,2.66675,47.0,gfz:kp_f107
2022-06-26 00:00:00+00:00,102.0,105.4,22.0,3.458375,33.0,gfz:kp_f107
2022-06-27 00:00:00+00:00,98.2,101.4,10.0,1.875,52.0,gfz:kp_f107
2022-06-28 00:00:00+00:00,96.1,99.3,7.0,1.7081250000000001,62.0,gfz:kp_f107
2022-06-29 00:00:00+00:00,96.2,99.4,4.0,1.16675,37.0,gfz:kp_f107
2022-06-30 00:00:00+00:00,95.7,98.9,3.0,0.7085,42.0,gfz:kp_f107
2022-07-01 00:00:00+00:00,98.0,101.3,6.0,1.208375,58.0,gfz:kp_f107
2022-07-02 00:00:00+00:00,100.2,103.6,17.0,2.8751249999999997,64.0,gfz:kp_f107
2022-07-03 00:00:00+00:00,102.2,105.7,7.0,1.624875,56.0,gfz:kp_f107
2022-07-04 00:00:00+00:00,104.4,107.9,19.0,3.3335,59.0,gfz:kp_f107
2022-07-05 00:00:00+00:00,109.4,113.1,3.0,0.541625,78.0,gfz:kp_f107
2022-07-06 00:00:00+00:00,114.6,118.4,4.0,0.8751249999999999,82.0,gfz:kp_f107
2022-07-07 00:00:00+00:00,121.3,125.3,19.0,2.749875,97.0,gfz:kp_f107
2022-07-08 00:00:00+00:00,129.6,133.9,19.0,3.0835,87.0,gfz:kp_f107
2022-07-09 00:00:00+00:00,136.9,141.5,5.0,1.333375,93.0,gfz:kp_f107
2022-07-10 00:00:00+00:00,153.0,158.2,5.0,1.374875,107.0,gfz:kp_f107
2022-07-11 00:00:00+00:00,161.0,166.4,10.0,2.041625,125.0,gfz:kp_f107
2022-07-12 00:00:00+00:00,164.9,170.4,16.0,3.08325,114.0,gfz:kp_f107
2022-07-13 00:00:00+00:00,164.8,170.3,4.0,0.958375,116.0,gfz:kp_f107
2022-07-14 00:00:00+00:00,169.0,174.6,4.0,0.8748750000000001,123.0,gfz:kp_f107
2022-07-15 00:00:00+00:00,171.4,177.0,7.0,1.75,135.0,gfz:kp_f107
2022-07-16 00:00:00+00:00,176.2,182.0,6.0,1.4585,151.0,gfz:kp_f107
2022-07-17 00:00:00+00:00,161.2,166.5,4.0,0.833625,138.0,gfz:kp_f107
2022-07-18 00:00:00+00:00,149.4,154.3,8.0,1.83325,124.0,gfz:kp_f107
2022-07-19 00:00:00+00:00,144.1,148.8,27.0,3.9167500000000004,111.0,gfz:kp_f107
2022-07-20 00:00:00+00:00,132.2,136.5,5.0,1.4165,133.0,gfz:kp_f107
2022-07-21 00:00:00+00:00,121.7,125.6,20.0,2.875125,110.0,gfz:kp_f107
2022-07-22 00:00:00+00:00,114.7,118.4,10.0,2.2915,98.0,gfz:kp_f107
2022-07-23 00:00:00+00:00,110.5,114.1,17.0,2.708375,97.0,gfz:kp_f107
2022-07-24 00:00:00+00:00,107.1,110.5,8.0,2.0,80.0,gfz:kp_f107
2022-07-25 00:00:00+00:00,102.3,105.5,5.0,1.16675,86.0,gfz:kp_f107
2022-07-26 00:00:00+00:00,98.8,101.9,7.0,1.625,91.0,gfz:kp_f107
2022-07-27 00:00:00+00:00,98.0,101.1,8.0,2.166625,60.0,gfz:kp_f107
2022-07-28 00:00:00+00:00,93.4,96.3,6.0,1.70825,42.0,gfz:kp_f107
2022-07-29 00:00:00+00:00,93.0,95.9,4.0,0.83325,43.0,gfz:kp_f107
2022-07-30 00:00:00+00:00,90.8,93.6,6.0,1.5415,42.0,gfz:kp_f107
2022-07-31 00:00:00+00:00,94.3,97.1,11.0,2.29175,34.0,gfz:kp_f107
2022-08-01 00:00:00+00:00,95.4,98.2,7.0,1.875125,27.0,gfz:kp_f107
2022-08-02 00:00:00+00:00,97.8,100.7,8.0,2.1665,33.0,gfz:kp_f107
2022-08-03 00:00:00+00:00,99.9,102.8,7.0,1.958375,36.0,gfz:kp_f107
2022-08-04 00:00:00+00:00,108.8,111.9,6.0,1.5,42.0,gfz:kp_f107
2022-08-05 00:00:00+00:00,112.2,115.4,6.0,1.291625,71.0,gfz:kp_f107
2022-08-06 00:00:00+00:00,116.3,119.7,3.0,0.583375,72.0,gfz:kp_f107
2022-08-07 00:00:00+00:00,116.1,119.4,23.0,3.2916250000000002,85.0,gfz:kp_f107
2022-08-08 00:00:00+00:00,113.0,116.2,26.0,3.8335,80.0,gfz:kp_f107
2022-08-09 00:00:00+00:00,109.4,112.4,19.0,3.33325,61.0,gfz:kp_f107
2022-08-10 00:00:00+00:00,107.6,110.5,12.0,2.541625,63.0,gfz:kp_f107
2022-08-11 00:00:00+00:00,114.8,117.9,17.0,3.0415,71.0,gfz:kp_f107
2022-08-12 00:00:00+00:00,119.5,122.7,6.0,1.5,102.0,gfz:kp_f107
2022-08-13 00:00:00+00:00,124.2,127.5,8.0,2.0,109.0,gfz:kp_f107
2022-08-14 00:00:00+00:00,125.5,128.8,5.0,1.249875,110.0,gfz:kp_f107
2022-08-15 00:00:00+00:00,130.6,134.0,5.0,1.166625,110.0,gfz:kp_f107
2022-08-16 00:00:00+00:00,128.5,131.7,4.0,0.8751249999999999,123.0,gfz:kp_f107
2022-08-17 00:00:00+00:00,122.7,125.7,32.0,3.375,111.0,gfz:kp_f107
2022-08-18 00:00:00+00:00,116.5,119.4,28.0,3.79175,87.0,gfz:kp_f107
2022-08-19 00:00:00+00:00,105.4,107.9,20.0,3.166625,83.0,gfz:kp_f107
2022-08-20 00:00:00+00:00,101.5,103.9,12.0,2.20825,74.0,gfz:kp_f107
2022-08-21 00:00:00+00:00,97.0,99.2,14.0,2.708375,58.0,gfz:kp_f107
2022-08-22 00:00:00+00:00,102.6,104.9,6.0,1.5,71.0,gfz:kp_f107
2022-08-23 00:00:00+00:00,100.9,103.2,3.0,0.58325,50.0,gfz:kp_f107
2022-08-24 00:00:00+00:00,107.8,110.2,2.0,0.5,60.0,gfz:kp_f107
2022-08-25 00:00:00+00:00,117.8,120.3,3.0,0.666625,93.0,gfz:kp_f107
2022-08-26 00:00:00+00:00,118.6,121.2,3.0,0.791625,94.0,gfz:kp_f107
2022-08-27 00:00:00+00:00,127.5,130.2,11.0,2.25,94.0,gfz:kp_f107
2022-08-28 00:00:00+00:00,251.9,257.0,7.0,1.66675,83.0,gfz:kp_f107
2022-08-29 00:00:00+00:00,130.6,133.1,12.0,2.5001249999999997,70.0,gfz:kp_f107
2022-08-30 00:00:00+00:00,125.6,128.1,12.0,2.625,48.0,gfz:kp_f107
2022-08-31 00:00:00+00:00,113.3,115.5,13.0,2.6248750000000003,43.0,gfz:kp_f107
2022-09-01 00:00:00+00:00,116.3,118.4,8.0,1.9581250000000001,62.0,gfz:kp_f107
2022-09-02 00:00:00+00:00,129.8,132.1,8.0,1.75,63.0,gfz:kp_f107
2022-09-03 00:00:00+00:00,123.4,125.6,22.0,3.5415,68.0,gfz:kp_f107
2022-09-04 00:00:00+00:00,128.3,130.4,62.0,5.41675,72.0,gfz:kp_f107
2022-09-05 00:00:00+00:00,130.2,132.4,36.0,4.5,83.0,gfz:kp_f107
2022-09-06 00:00:00+00:00,126.2,128.2,19.0,3.375,75.0,gfz:kp_f107
2022-09-07 00:00:00+00:00,126.1,128.1,13.0,2.666625,96.0,gfz:kp_f107
2022-09-08 00:00:00+00:00,126.6,128.5,19.0,3.25,97.0,gfz:kp_f107
2022-09-09 00:00:00+00:00,126.2,128.0,12.0,2.416875,103.0,gfz:kp_f107
2022-09-10 00:00:00+00:00,135.9,137.7,12.0,2.625,117.0,gfz:kp_f107
2022-09-11 00:00:00+00:00,151.5,153.5,8.0,1.916625,128.0,gfz:kp_f107
2022-09-12 00:00:00+00:00,150.4,152.3,7.0,1.66675,141.0,gfz:kp_f107
2022-09-13 00:00:00+00:00,154.1,155.9,2.0,0.5417500000000001,118.0,gfz:kp_f107
2022-09-14 00:00:00+00:00,144.3,146.0,8.0,1.7918749999999999,91.0,gfz:kp_f107
2022-09-15 00:00:00+00:00,139.7,141.3,6.0,1.250125,101.0,gfz:kp_f107
2022-09-16 00:00:00+00:00,131.1,132.5,4.0,0.95825,92.0,gfz:kp_f107
2022-09-17 00:00:00+00:00,131.5,132.8,4.0,1.0,86.0,gfz:kp_f107
2022-09-18 00:00:00+00:00,136.1,137.4,10.0,2.29175,73.0,gfz:kp_f107
2022-09-19 00:00:00+00:00,127.9,129.1,11.0,2.29175,70.0,gfz:kp_f107
2022-09-20 00:00:00+00:00,137.2,138.4,7.0,1.83325,68.0,gfz:kp_f107
2022-09-21 00:00:00+00:00,136.9,138.0,4.0,1.083375,84.0,gfz:kp_f107
2022-09-22 00:00:00+00:00,136.7,137.7,5.0,1.208375,105.0,gfz:kp_f107
2022-09-23 00:00:00+00:00,146.3,147.3,11.0,2.458125,131.0,gfz:kp_f107
2022-09-24 00:00:00+00:00,146.5,147.4,12.0,2.666625,147.0,gfz:kp_f107
2022-09-25 00:00:00+00:00,134.7,135.5,5.0,1.333375,135.0,gfz:kp_f107
2022-09-26 00:00:00+00:00,135.1,135.8,4.0,0.9165000000000001,132.0,gfz:kp_f107
2022-09-27 00:00:00+00:00,134.5,135.1,22.0,3.3332499999999996,108.0,gfz:kp_f107
2022-09-28 00:00:00+00:00,134.8,135.3,3.0,0.83325,85.0,gfz:kp_f107
2022-09-29 00:00:00+00:00,137.2,137.7,6.0,1.541625,72.0,gfz:kp_f107
2022-09-30 00:00:00+00:00,137.1,137.5,13.0,2.41675,76.0,gfz:kp_f107
2022-10-01 00:00:00+00:00,147.9,148.3,2.0,0.45825,110.0,gfz:kp_f107
2022-10-02 00:00:00+00:00,153.9,154.1,12.0,2.3748750000000003,128.0,gfz:kp_f107
2022-10-03 00:00:00+00:00,155.1,155.3,24.0,3.458375,165.0,gfz:kp_f107
2022-10-04 00:00:00+00:00,152.4,152.5,17.0,2.9165,167.0,gfz:kp_f107
2022-10-05 00:00:00+00:00,161.0,161.0,13.0,2.7498750000000003,164.0,gfz:kp_f107
2022-10-06 00:00:00+00:00,155.7,155.6,16.0,3.0415,162.0,gfz:kp_f107
2022-10-07 00:00:00+00:00,159.7,159.5,14.0,2.6251249999999997,163.0,gfz:kp_f107
2022-10-08 00:00:00+00:00,157.2,156.9,11.0,2.3751249999999997,154.0,gfz:kp_f107
2022-10-09 00:00:00+00:00,160.5,160.1,23.0,3.7085,129.0,gfz:kp_f107
2022-10-10 00:00:00+00:00,163.2,162.7,9.0,2.083125,120.0,gfz:kp_f107
2022-10-11 00:00:00+00:00,150.3,149.8,6.0,1.4165,106.0,gfz:kp_f107
2022-10-12 00:00:00+00:00,140.6,140.0,4.0,1.125,103.0,gfz:kp_f107
2022-10-13 00:00:00+00:00,130.0,129.4,4.0,0.83325,83.0,gfz:kp_f107
2022-10-14 00:00:00+00:00,120.5,119.9,16.0,2.916625,82.0,gfz:kp_f107
2022-10-15 00:00:00+00:00,115.1,114.4,16.0,2.79175,46.0,gfz:kp_f107
2022-10-16 00:00:00+00:00,119.2,118.4,15.0,2.916625,75.0,gfz:kp_f107
2022-10-17 00:00:00+00:00,125.6,124.8,4.0,0.833375,73.0,gfz:kp_f107
2022-10-18 00:00:00+00:00,113.9,113.1,5.0,1.33325,50.0,gfz:kp_f107
2022-10-19 00:00:00+00:00,113.2,112.3,4.0,0.875,49.0,gfz:kp_f107
2022-10-20 00:00:00+00:00,115.8,114.8,6.0,1.41675,36.0,gfz:kp_f107
2022-10-21 00:00:00+00:00,109.4,108.4,4.0,0.9165,57.0,gfz:kp_f107
2022-10-22 00:00:00+00:00,105.0,103.9,24.0,3.41675,70.0,gfz:kp_f107
2022-10-23 00:00:00+00:00,108.4,107.3,15.0,2.66675,52.0,gfz:kp_f107
2022-10-24 00:00:00+00:00,114.8,113.6,6.0,1.583375,54.0,gfz:kp_f107
2022-10-25 00:00:00+00:00,116.3,115.0,3.0,0.7498750000000001,78.0,gfz:kp_f107
2022-10-26 00:00:00+00:00,122.4,120.9,4.0,0.875,83.0,gfz:kp_f107
2022-10-27 00:00:00+00:00,129.7,128.1,9.0,2.2501249999999997,86.0,gfz:kp_f107
2022-10-28 00:00:00+00:00,129.3,127.7,15.0,2.833125,89.0,gfz:kp_f107
2022-10-29 00:00:00+00:00,133.9,132.1,25.0,3.75,87.0,gfz:kp_f107
2022-10-30 00:00:00+00:00,130.5,128.7,10.0,2.45825,75.0,gfz:kp_f107
2022-10-31 00:00:00+00:00,127.9,126.0,11.0,2.458375,63.0,gfz:kp_f107
2022-11-01 00:00:00+00:00,128.1,126.1,7.0,1.66675,85.0,gfz:kp_f107
2022-11-02 00:00:00+00:00,129.7,127.7,13.0,2.75,98.0,gfz:kp_f107
2022-11-03 00:00:00+00:00,125.3,123.3,26.0,3.708375,78.0,gfz:kp_f107
2022-11-04 00:00:00+00:00,117.7,115.7,14.0,2.875,103.0,gfz:kp_f107
2022-11-05 00:00:00+00:00,131.1,128.8,9.0,2.0001249999999997,115.0,gfz:kp_f107
2022-11-06 00:00:00+00:00,130.8,128.5,3.0,0.54175,96.0,gfz:kp_f107
2022-11-07 00:00:00+00:00,134.6,132.1,19.0,2.8751249999999997,100.0,gfz:kp_f107
2022-11-08 00:00:00+00:00,132.3,129.8,11.0,2.375,103.0,gfz:kp_f107
2022-11-09 00:00:00+00:00,137.6,135.0,5.0,1.166625,98.0,gfz:kp_f107
2022-11-10 00:00:00+00:00,138.7,136.0,0.0,0.041625,85.0,gfz:kp_f107
2022-11-11 00:00:00+00:00,137.6,134.9,7.0,1.79175,74.0,gfz:kp_f107
2022-11-12 00:00:00+00:00,138.2,135.4,4.0,1.083375,88.0,gfz:kp_f107
2022-11-13 00:00:00+00:00,137.0,134.1,6.0,1.666625,111.0,gfz:kp_f107
2022-11-14 00:00:00+00:00,141.5,138.5,3.0,0.75,96.0,gfz:kp_f107
2022-11-15 00:00:00+00:00,134.2,131.3,2.0,0.41637500000000005,86.0,gfz:kp_f107
2022-11-16 00:00:00+00:00,132.9,130.0,2.0,0.458125,90.0,gfz:kp_f107
2022-11-17 00:00:00+00:00,119.2,116.5,1.0,0.25012500000000004,59.0,gfz:kp_f107
2022-11-18 00:00:00+00:00,116.0,113.4,6.0,1.416625,57.0,gfz:kp_f107
2022-11-19 00:00:00+00:00,115.1,112.4,4.0,0.95825,75.0,gfz:kp_f107
2022-11-20 00:00:00+00:00,119.1,116.3,5.0,1.208375,87.0,gfz:kp_f107
2022-11-21 00:00:00+00:00,117.0,114.2,9.0,2.041625,77.0,gfz:kp_f107
2022-11-22 00:00:00+00:00,115.7,112.9,2.0,0.45825,73.0,gfz:kp_f107
2022-11-23 00:00:00+00:00,113.3,110.5,2.0,0.416625,71.0,gfz:kp_f107
2022-11-24 00:00:00+00:00,109.7,106.9,5.0,1.333375,76.0,gfz:kp_f107
2022-11-25 00:00:00+00:00,108.5,105.7,18.0,3.25,72.0,gfz:kp_f107
2022-11-26 00:00:00+00:00,107.1,104.3,15.0,2.958375,78.0,gfz:kp_f107
2022-11-27 00:00:00+00:00,107.2,104.4,13.0,2.7501249999999997,72.0,gfz:kp_f107
2022-11-28 00:00:00+00:00,107.0,104.1,22.0,3.20825,56.0,gfz:kp_f107
2022-11-29 00:00:00+00:00,107.9,105.0,20.0,3.3748750000000003,28.0,gfz:kp_f107
2022-11-30 00:00:00+00:00,111.0,108.0,24.0,3.58325,28.0,gfz:kp_f107
2022-12-01 00:00:00+00:00,118.7,115.4,24.0,3.75025,51.0,gfz:kp_f107
2022-12-02 00:00:00+00:00,124.0,120.6,15.0,3.0,71.0,gfz:kp_f107
2022-12-03 00:00:00+00:00,133.8,130.0,10.0,2.291625,75.0,gfz:kp_f107
2022-12-04 00:00:00+00:00,143.7,139.6,16.0,2.791625,93.0,gfz:kp_f107
2022-12-05 00:00:00+00:00,149.8,145.4,6.0,1.58325,103.0,gfz:kp_f107
2022-12-06 00:00:00+00:00,144.2,140.0,3.0,0.75,119.0,gfz:kp_f107
2022-12-07 00:00:00+00:00,148.0,143.6,16.0,2.54175,127.0,gfz:kp_f107
2022-12-08 00:00:00+00:00,143.0,138.8,9.0,1.958375,128.0,gfz:kp_f107
2022-12-09 00:00:00+00:00,149.1,144.6,10.0,2.208375,111.0,gfz:kp_f107
2022-12-10 00:00:00+00:00,141.7,137.4,8.0,1.9168749999999999,122.0,gfz:kp_f107
2022-12-11 00:00:00+00:00,147.7,143.2,9.0,2.125,140.0,gfz:kp_f107
2022-12-12 00:00:00+00:00,150.8,146.2,5.0,1.291625,157.0,gfz:kp_f107
2022-12-13 00:00:00+00:00,153.0,148.3,3.0,0.625,159.0,gfz:kp_f107
2022-12-14 00:00:00+00:00,164.7,159.6,4.0,1.0,148.0,gfz:kp_f107
2022-12-15 00:00:00+00:00,165.9,160.7,5.0,1.333375,141.0,gfz:kp_f107
2022-12-16 00:00:00+00:00,163.1,158.0,4.0,1.0,131.0,gfz:kp_f107
2022-12-17 00:00:00+00:00,154.6,149.7,2.0,0.45825,131.0,gfz:kp_f107
2022-12-18 00:00:00+00:00,155.6,150.7,3.0,0.791625,127.0,gfz:kp_f107
2022-12-19 00:00:00+00:00,152.4,147.5,9.0,2.083375,113.0,gfz:kp_f107
2022-12-20 00:00:00+00:00,146.4,141.7,5.0,1.1665,112.0,gfz:kp_f107
2022-12-21 00:00:00+00:00,138.7,134.2,8.0,2.041875,100.0,gfz:kp_f107
2022-12-22 00:00:00+00:00,131.3,127.0,10.0,2.083375,98.0,gfz:kp_f107
2022-12-23 00:00:00+00:00,127.7,123.6,21.0,3.3751249999999997,85.0,gfz:kp_f107
2022-12-24 00:00:00+00:00,133.3,129.0,22.0,3.583125,93.0,gfz:kp_f107
2022-12-25 00:00:00+00:00,144.0,139.3,8.0,2.0001249999999997,105.0,gfz:kp_f107
2022-12-26 00:00:00+00:00,150.5,145.5,23.0,3.16675,115.0,gfz:kp_f107
2022-12-27 00:00:00+00:00,159.0,153.8,24.0,3.6665,94.0,gfz:kp_f107
2022-12-28 00:00:00+00:00,160.4,155.1,4.0,1.1251250000000002,103.0,gfz:kp_f107
2022-12-29 00:00:00+00:00,162.8,157.4,10.0,2.0,123.0,gfz:kp_f107
2022-12-30 00:00:00+00:00,178.3,172.4,29.0,4.041625,124.0,gfz:kp_f107
2022-12-31 00:00:00+00:00,164.9,159.5,15.0,2.91675,98.0,gfz:kp_f107
2023-01-01 00:00:00+00:00,152.6,147.5,14.0,2.7501249999999997,108.0,gfz:kp_f107
2023-01-02 00:00:00+00:00,146.4,141.5,7.0,1.791625,109.0,gfz:kp_f107
2023-01-03 00:00:00+00:00,148.5,143.6,6.0,1.33325,108.0,gfz:kp_f107
2023-01-04 00:00:00+00:00,151.0,146.0,19.0,3.0,96.0,gfz:kp_f107
2023-01-05 00:00:00+00:00,154.3,149.2,8.0,1.79175,112.0,gfz:kp_f107
2023-01-06 00:00:00+00:00,172.4,166.7,3.0,0.7915,131.0,gfz:kp_f107
2023-01-07 00:00:00+00:00,178.9,173.0,6.0,1.2915,133.0,gfz:kp_f107
2023-01-08 00:00:00+00:00,183.8,177.8,7.0,1.75,135.0,gfz:kp_f107
2023-01-09 00:00:00+00:00,190.9,184.7,4.0,1.125,148.0,gfz:kp_f107
2023-01-10 00:00:00+00:00,193.0,186.6,6.0,1.416875,179.0,gfz:kp_f107
2023-01-11 00:00:00+00:00,195.1,188.7,7.0,1.91675,168.0,gfz:kp_f107
2023-01-12 00:00:00+00:00,211.6,204.7,9.0,2.16675,171.0,gfz:kp_f107
2023-01-13 00:00:00+00:00,208.5,201.7,11.0,2.45825,178.0,gfz:kp_f107
2023-01-14 00:00:00+00:00,227.8,220.4,9.0,2.04175,189.0,gfz:kp_f107
2023-01-15 00:00:00+00:00,234.3,226.7,28.0,4.000249999999999,199.0,gfz:kp_f107
2023-01-16 00:00:00+00:00,228.1,220.7,14.0,2.583375,190.0,gfz:kp_f107
2023-01-17 00:00:00+00:00,221.7,214.6,5.0,1.125,188.0,gfz:kp_f107
2023-01-18 00:00:00+00:00,220.3,213.2,14.0,2.66675,195.0,gfz:kp_f107
2023-01-19 00:00:00+00:00,226.1,218.9,6.0,1.375,205.0,gfz:kp_f107
2023-01-20 00:00:00+00:00,217.5,210.6,5.0,1.291625,206.0,gfz:kp_f107
2023-01-21 00:00:00+00:00,208.7,202.1,15.0,2.916625,195.0,gfz:kp_f107
2023-01-22 00:00:00+00:00,198.6,192.3,8.0,2.1248750000000003,166.0,gfz:kp_f107
2023-01-23 00:00:00+00:00,189.1,183.2,6.0,1.541625,162.0,gfz:kp_f107
2023-01-24 00:00:00+00:00,180.2,174.6,4.0,0.83325,151.0,gfz:kp_f107
2023-01-25 00:00:00+00:00,171.8,166.5,6.0,1.33325,137.0,gfz:kp_f107
2023-01-26 00:00:00+00:00,150.6,146.0,10.0,2.2085,110.0,gfz:kp_f107
2023-01-27 00:00:00+00:00,144.9,140.5,8.0,1.875,86.0,gfz:kp_f107
2023-01-28 00:00:00+00:00,137.6,133.4,10.0,2.208375,85.0,gfz:kp_f107
2023-01-29 00:00:00+00:00,137.0,132.9,4.0,1.083375,79.0,gfz:kp_f107
2023-01-30 00:00:00+00:00,135.9,131.9,4.0,1.000125,76.0,gfz:kp_f107
2023-01-31 00:00:00+00:00,137.0,132.9,8.0,1.875,80.0,gfz:kp_f107
2023-02-01 00:00:00+00:00,133.5,129.6,5.0,1.20825,72.0,gfz:kp_f107
2023-02-02 00:00:00+00:00,134.9,131.0,4.0,0.916625,58.0,gfz:kp_f107
2023-02-03 00:00:00+00:00,134.5,130.7,7.0,1.66675,64.0,gfz:kp_f107
2023-02-04 00:00:00+00:00,139.0,135.1,5.0,1.125125,71.0,gfz:kp_f107
2023-02-05 00:00:00+00:00,144.0,140.0,4.0,1.124875,74.0,gfz:kp_f107
2023-02-06 00:00:00+00:00,156.7,152.4,16.0,3.083375,111.0,gfz:kp_f107
2023-02-07 00:00:00+00:00,184.7,179.7,18.0,3.29175,107.0,gfz:kp_f107
2023-02-08 00:00:00+00:00,197.6,192.3,17.0,3.20825,125.0,gfz:kp_f107
2023-02-09 00:00:00+00:00,214.9,209.1,18.0,3.2498750000000003,129.0,gfz:kp_f107
2023-02-10 00:00:00+00:00,207.8,202.3,15.0,2.958375,163.0,gfz:kp_f107
2023-02-11 00:00:00+00:00,209.5,204.1,8.0,1.9165,166.0,gfz:kp_f107
2023-02-12 00:00:00+00:00,199.7,194.6,7.0,1.875125,159.0,gfz:kp_f107
2023-02-13 00:00:00+00:00,189.2,184.4,4.0,0.9167500000000001,177.0,gfz:kp_f107
2023-02-14 00:00:00+00:00,179.7,175.3,6.0,1.499875,159.0,gfz:kp_f107
2023-02-15 00:00:00+00:00,173.7,169.5,27.0,3.8748750000000003,121.0,gfz:kp_f107
2023-02-16 00:00:00+00:00,163.2,159.2,23.0,3.2915,91.0,gfz:kp_f107
2023-02-17 00:00:00+00:00,343.1,335.0,6.0,1.375,86.0,gfz:kp_f107
2023-02-18 00:00:00+00:00,167.4,163.6,6.0,1.5,104.0,gfz:kp_f107
2023-02-19 00:00:00+00:00,169.0,165.2,6.0,1.45825,107.0,gfz:kp_f107
2023-02-20 00:00:00+00:00,159.8,156.3,7.0,1.708375,112.0,gfz:kp_f107
2023-02-21 00:00:00+00:00,160.9,157.4,14.0,2.666625,104.0,gfz:kp_f107
2023-02-22 00:00:00+00:00,151.9,148.6,6.0,1.624875,86.0,gfz:kp_f107
2023-02-23 00:00:00+00:00,148.2,145.1,20.0,3.41675,90.0,gfz:kp_f107
2023-02-24 00:00:00+00:00,164.1,160.7,4.0,1.166625,117.0,gfz:kp_f107
2023-02-25 00:00:00+00:00,279.3,273.7,10.0,2.041625,127.0,gfz:kp_f107
2023-02-26 00:00:00+00:00,159.0,155.9,24.0,3.416625,119.0,gfz:kp_f107
2023-02-27 00:00:00+00:00,161.2,158.1,91.0,6.208375,126.0,gfz:kp_f107
2023-02-28 00:00:00+00:00,160.9,157.9,26.0,3.458375,91.0,gfz:kp_f107
2023-03-01 00:00:00+00:00,162.0,159.0,7.0,1.75,93.0,gfz:kp_f107
2023-03-02 00:00:00+00:00,168.8,165.8,8.0,1.91675,100.0,gfz:kp_f107
2023-03-03 00:00:00+00:00,190.9,187.5,20.0,3.416625,119.0,gfz:kp_f107
2023-03-04 00:00:00+00:00,181.6,178.6,16.0,3.08325,127.0,gfz:kp_f107
2023-03-05 00:00:00+00:00,179.8,176.8,21.0,3.541625,151.0,gfz:kp_f107
2023-03-06 00:00:00+00:00,188.0,185.0,15.0,2.916875,185.0,gfz:kp_f107
2023-03-07 00:00:00+00:00,180.3,177.5,9.0,1.958375,186.0,gfz:kp_f107
2023-03-08 00:00:00+00:00,181.9,179.2,7.0,1.70825,166.0,gfz:kp_f107
2023-03-09 00:00:00+00:00,178.8,176.2,14.0,2.83325,156.0,gfz:kp_f107
2023-03-10 00:00:00+00:00,171.2,168.8,9.0,2.0,148.0,gfz:kp_f107
2023-03-11 00:00:00+00:00,157.4,155.3,6.0,1.458375,149.0,gfz:kp_f107
2023-03-12 00:00:00+00:00,150.0,148.1,7.0,1.583375,136.0,gfz:kp_f107
2023-03-13 00:00:00+00:00,143.3,141.5,2.0,0.499875,104.0,gfz:kp_f107
2023-03-14 00:00:00+00:00,138.5,136.9,18.0,3.291625,115.0,gfz:kp_f107
2023-03-15 00:00:00+00:00,135.7,134.2,30.0,3.7501249999999997,107.0,gfz:kp_f107
2023-03-16 00:00:00+00:00,135.4,133.9,6.0,1.125,94.0,gfz:kp_f107
2023-03-17 00:00:00+00:00,134.2,132.9,5.0,1.374875,72.0,gfz:kp_f107
2023-03-18 00:00:00+00:00,140.3,139.0,8.0,2.0415,44.0,gfz:kp_f107
2023-03-19 00:00:00+00:00,142.7,141.4,9.0,2.083375,73.0,gfz:kp_f107
2023-03-20 00:00:00+00:00,156.1,154.8,11.0,2.1248750000000003,83.0,gfz:kp_f107
2023-03-21 00:00:00+00:00,151.6,150.4,6.0,1.70825,96.0,gfz:kp_f107
2023-03-22 00:00:00+00:00,158.9,157.7,15.0,2.83325,104.0,gfz:kp_f107
2023-03-23 00:00:00+00:00,151.0,150.0,55.0,4.3335,112.0,gfz:kp_f107
2023-03-24 00:00:00+00:00,157.5,156.6,73.0,5.08325,149.0,gfz:kp_f107
2023-03-25 00:00:00+00:00,160.3,159.4,14.0,2.79175,153.0,gfz:kp_f107
2023-03-26 00:00:00+00:00,159.4,158.6,7.0,1.7086249999999998,154.0,gfz:kp_f107
2023-03-27 00:00:00+00:00,158.2,157.5,3.0,0.5415,158.0,gfz:kp_f107
2023-03-28 00:00:00+00:00,158.7,158.1,4.0,0.875,148.0,gfz:kp_f107
2023-03-29 00:00:00+00:00,147.8,147.3,5.0,1.250125,158.0,gfz:kp_f107
2023-03-30 00:00:00+00:00,140.3,140.0,18.0,3.083375,108.0,gfz:kp_f107
2023-03-31 00:00:00+00:00,129.3,129.0,19.0,3.333125,75.0,gfz:kp_f107
2023-04-01 00:00:00+00:00,125.3,125.1,14.0,2.66675,47.0,gfz:kp_f107
2023-04-02 00:00:00+00:00,126.9,126.7,14.0,2.708375,44.0,gfz:kp_f107
2023-04-03 00:00:00+00:00,133.6,133.5,12.0,2.5,61.0,gfz:kp_f107
2023-04-04 00:00:00+00:00,135.7,135.7,13.0,2.625,65.0,gfz:kp_f107
2023-04-05 00:00:00+00:00,136.6,136.7,11.0,2.458375,53.0,gfz:kp_f107
2023-04-06 00:00:00+00:00,137.1,137.2,7.0,1.749875,49.0,gfz:kp_f107
2023-04-07 00:00:00+00:00,136.3,136.6,8.0,1.875125,48.0,gfz:kp_f107
2023-04-08 00:00:00+00:00,135.9,136.2,5.0,1.25,48.0,gfz:kp_f107
2023-04-09 00:00:00+00:00,140.3,140.7,6.0,1.416625,60.0,gfz:kp_f107
2023-04-10 00:00:00+00:00,139.8,140.3,12.0,2.541625,90.0,gfz:kp_f107
2023-04-11 00:00:00+00:00,143.4,144.0,4.0,1.08325,109.0,gfz:kp_f107
2023-04-12 00:00:00+00:00,154.0,154.7,3.0,0.6248750000000001,130.0,gfz:kp_f107
2023-04-13 00:00:00+00:00,159.5,160.4,5.0,1.375,150.0,gfz:kp_f107
2023-04-14 00:00:00+00:00,171.3,172.3,5.0,1.45825,163.0,gfz:kp_f107
2023-04-15 00:00:00+00:00,175.8,176.9,7.0,1.83325,177.0,gfz:kp_f107
2023-04-16 00:00:00+00:00,177.8,179.1,4.0,0.91675,183.0,gfz:kp_f107
2023-04-17 00:00:00+00:00,166.6,167.8,4.0,1.1665,149.0,gfz:kp_f107
2023-04-18 00:00:00+00:00,153.2,154.4,13.0,2.0833749999999998,135.0,gfz:kp_f107
2023-04-19 00:00:00+00:00,147.0,148.3,10.0,1.958375,103.0,gfz:kp_f107
2023-04-20 00:00:00+00:00,147.0,148.4,4.0,1.083375,103.0,gfz:kp_f107
2023-04-21 00:00:00+00:00,151.2,152.7,9.0,2.041625,104.0,gfz:kp_f107
2023-04-22 00:00:00+00:00,141.2,142.7,6.0,1.4997500000000001,97.0,gfz:kp_f107
2023-04-23 00:00:00+00:00,135.2,136.7,65.0,4.2915,83.0,gfz:kp_f107
2023-04-24 00:00:00+00:00,133.9,135.5,72.0,4.91675,73.0,gfz:kp_f107
2023-04-25 00:00:00+00:00,130.7,132.3,8.0,1.7498749999999998,73.0,gfz:kp_f107
2023-04-26 00:00:00+00:00,136.5,138.2,14.0,2.8748750000000003,97.0,gfz:kp_f107
2023-04-27 00:00:00+00:00,140.8,142.6,21.0,3.5,109.0,gfz:kp_f107
2023-04-28 00:00:00+00:00,149.8,151.8,18.0,3.291625,111.0,gfz:kp_f107
2023-04-29 00:00:00+00:00,155.8,158.0,20.0,3.4165,111.0,gfz:kp_f107
2023-04-30 00:00:00+00:00,153.5,155.8,9.0,1.958375,102.0,gfz:kp_f107
2023-05-01 00:00:00+00:00,147.9,150.1,9.0,2.1248750000000003,104.0,gfz:kp_f107
2023-05-02 00:00:00+00:00,156.8,159.2,8.0,1.8335,123.0,gfz:kp_f107
2023-05-03 00:00:00+00:00,156.2,158.7,3.0,0.666625,124.0,gfz:kp_f107
2023-05-04 00:00:00+00:00,162.0,164.7,5.0,1.375,138.0,gfz:kp_f107
2023-05-05 00:00:00+00:00,161.9,164.7,3.0,0.7085,115.0,gfz:kp_f107
2023-05-06 00:00:00+00:00,151.8,154.5,29.0,3.791625,116.0,gfz:kp_f107
2023-05-07 00:00:00+00:00,157.2,160.0,10.0,2.125,133.0,gfz:kp_f107
2023-05-08 00:00:00+00:00,171.9,175.1,15.0,2.666625,128.0,gfz:kp_f107
2023-05-09 00:00:00+00:00,194.7,198.4,12.0,2.375,176.0,gfz:kp_f107
2023-05-10 00:00:00+00:00,170.1,173.4,24.0,3.54175,165.0,gfz:kp_f107
2023-05-11 00:00:00+00:00,163.4,166.7,8.0,2.04175,157.0,gfz:kp_f107
2023-05-12 00:00:00+00:00,149.1,152.2,18.0,3.0415,145.0,gfz:kp_f107
2023-05-13 00:00:00+00:00,143.8,146.8,11.0,2.291625,133.0,gfz:kp_f107
2023-05-14 00:00:00+00:00,139.7,142.7,8.0,1.791625,131.0,gfz:kp_f107
2023-05-15 00:00:00+00:00,134.5,137.4,5.0,1.08325,113.0,gfz:kp_f107
2023-05-16 00:00:00+00:00,134.3,137.3,7.0,1.70825,106.0,gfz:kp_f107
2023-05-17 00:00:00+00:00,137.9,141.0,3.0,0.6251249999999999,110.0,gfz:kp_f107
2023-05-18 00:00:00+00:00,150.6,154.1,2.0,0.2915,120.0,gfz:kp_f107
2023-05-19 00:00:00+00:00,164.6,168.5,8.0,1.416625,142.0,gfz:kp_f107
2023-05-20 00:00:00+00:00,169.6,173.7,32.0,4.0417499999999995,144.0,gfz:kp_f107
2023-05-21 00:00:00+00:00,163.4,167.3,26.0,3.208375,146.0,gfz:kp_f107
2023-05-22 00:00:00+00:00,161.5,165.5,20.0,3.375,136.0,gfz:kp_f107
2023-05-23 00:00:00+00:00,154.9,158.8,12.0,2.3751249999999997,127.0,gfz:kp_f107
2023-05-24 00:00:00+00:00,164.1,168.2,10.0,2.291625,151.0,gfz:kp_f107
2023-05-25 00:00:00+00:00,152.1,156.0,11.0,2.41675,150.0,gfz:kp_f107
2023-05-26 00:00:00+00:00,149.0,152.9,5.0,1.333375,145.0,gfz:kp_f107
2023-05-27 00:00:00+00:00,156.9,161.1,4.0,0.833375,137.0,gfz:kp_f107
2023-05-28 00:00:00+00:00,151.3,155.4,9.0,2.16675,144.0,gfz:kp_f107
2023-05-29 00:00:00+00:00,154.4,158.6,3.0,0.75,158.0,gfz:kp_f107
2023-05-30 00:00:00+00:00,162.0,166.5,4.0,0.958375,166.0,gfz:kp_f107
2023-05-31 00:00:00+00:00,161.4,165.9,9.0,2.2498750000000003,177.0,gfz:kp_f107
2023-06-01 00:00:00+00:00,163.9,168.5,12.0,2.666625,153.0,gfz:kp_f107
2023-06-02 00:00:00+00:00,162.3,166.9,4.0,1.16675,145.0,gfz:kp_f107
2023-06-03 00:00:00+00:00,164.6,169.3,3.0,0.750125,143.0,gfz:kp_f107
2023-06-04 00:00:00+00:00,168.3,173.2,9.0,1.999875,144.0,gfz:kp_f107
2023-06-05 00:00:00+00:00,169.2,174.1,4.0,0.958375,158.0,gfz:kp_f107
2023-06-06 00:00:00+00:00,171.8,176.9,5.0,1.333375,185.0,gfz:kp_f107
2023-06-07 00:00:00+00:00,167.2,172.1,3.0,0.75,198.0,gfz:kp_f107
2023-06-08 00:00:00+00:00,168.5,173.6,4.0,1.166625,181.0,gfz:kp_f107
2023-06-09 00:00:00+00:00,164.3,169.3,3.0,0.708375,167.0,gfz:kp_f107
2023-06-10 00:00:00+00:00,161.2,166.1,4.0,0.9165000000000001,148.0,gfz:kp_f107
2023-06-11 00:00:00+00:00,153.8,158.6,8.0,2.08325,146.0,gfz:kp_f107
2023-06-12 00:00:00+00:00,146.1,150.7,6.0,1.4997500000000001,114.0,gfz:kp_f107
2023-06-13 00:00:00+00:00,146.3,150.9,5.0,1.2915,93.0,gfz:kp_f107
2023-06-14 00:00:00+00:00,143.5,148.0,4.0,0.75,117.0,gfz:kp_f107
2023-06-15 00:00:00+00:00,153.1,157.9,26.0,3.208125,122.0,gfz:kp_f107
2023-06-16 00:00:00+00:00,157.2,162.2,32.0,4.000125,131.0,gfz:kp_f107
2023-06-17 00:00:00+00:00,158.1,163.2,7.0,2.0,130.0,gfz:kp_f107
2023-06-18 00:00:00+00:00,164.1,169.4,9.0,2.125,160.0,gfz:kp_f107
2023-06-19 00:00:00+00:00,168.8,174.3,11.0,2.3748750000000003,182.0,gfz:kp_f107
2023-06-20 00:00:00+00:00,180.1,186.0,8.0,2.0001249999999997,206.0,gfz:kp_f107
2023-06-21 00:00:00+00:00,176.4,182.2,6.0,1.458375,217.0,gfz:kp_f107
2023-06-22 00:00:00+00:00,173.2,178.8,9.0,2.1251249999999997,240.0,gfz:kp_f107
2023-06-23 00:00:00+00:00,169.7,175.2,8.0,2.1248750000000003,228.0,gfz:kp_f107
2023-06-24 00:00:00+00:00,160.8,166.1,16.0,2.916625,223.0,gfz:kp_f107
2023-06-25 00:00:00+00:00,154.8,159.9,16.0,2.70825,204.0,gfz:kp_f107
2023-06-26 00:00:00+00:00,157.7,162.9,10.0,2.416625,171.0,gfz:kp_f107
2023-06-27 00:00:00+00:00,151.2,156.2,7.0,2.0,156.0,gfz:kp_f107
2023-06-28 00:00:00+00:00,154.9,160.1,7.0,1.9165,136.0,gfz:kp_f107
2023-06-29 00:00:00+00:00,162.2,167.6,16.0,3.04175,111.0,gfz:kp_f107
2023-06-30 00:00:00+00:00,158.6,163.9,6.0,1.54175,106.0,gfz:kp_f107
2023-07-01 00:00:00+00:00,165.5,171.0,4.0,1.125125,136.0,gfz:kp_f107
2023-07-02 00:00:00+00:00,170.2,175.9,4.0,1.0,148.0,gfz:kp_f107
2023-07-03 00:00:00+00:00,173.2,179.0,4.0,0.958375,154.0,gfz:kp_f107
2023-07-04 00:00:00+00:00,167.2,172.8,3.0,0.7918750000000001,140.0,gfz:kp_f107
2023-07-05 00:00:00+00:00,154.6,159.8,6.0,1.33325,135.0,gfz:kp_f107
2023-07-06 00:00:00+00:00,157.6,162.9,10.0,2.333375,145.0,gfz:kp_f107
2023-07-07 00:00:00+00:00,161.4,166.8,18.0,3.2085,159.0,gfz:kp_f107
2023-07-08 00:00:00+00:00,160.5,165.9,6.0,1.2915,177.0,gfz:kp_f107
2023-07-09 00:00:00+00:00,179.2,185.2,3.0,0.70825,180.0,gfz:kp_f107
2023-07-10 00:00:00+00:00,190.6,196.9,4.0,0.95825,191.0,gfz:kp_f107
2023-07-11 00:00:00+00:00,213.5,220.6,6.0,1.7085,210.0,gfz:kp_f107
2023-07-12 00:00:00+00:00,193.3,199.7,6.0,1.5415,196.0,gfz:kp_f107
2023-07-13 00:00:00+00:00,202.9,209.7,7.0,1.625,152.0,gfz:kp_f107
2023-07-14 00:00:00+00:00,180.6,186.6,20.0,3.333375,152.0,gfz:kp_f107
2023-07-15 00:00:00+00:00,178.5,184.5,7.0,1.5835,127.0,gfz:kp_f107
2023-07-16 00:00:00+00:00,184.3,190.4,8.0,1.333375,166.0,gfz:kp_f107
2023-07-17 00:00:00+00:00,180.0,185.9,21.0,3.29175,159.0,gfz:kp_f107
2023-07-18 00:00:00+00:00,218.5,225.7,14.0,2.583375,168.0,gfz:kp_f107
2023-07-19 00:00:00+00:00,188.9,195.1,4.0,0.958375,165.0,gfz:kp_f107
2023-07-20 00:00:00+00:00,184.3,190.3,10.0,1.79175,177.0,gfz:kp_f107
2023-07-21 00:00:00+00:00,172.8,178.5,11.0,2.2915,150.0,gfz:kp_f107
2023-07-22 00:00:00+00:00,174.4,180.0,8.0,1.833375,140.0,gfz:kp_f107
2023-07-23 00:00:00+00:00,172.5,178.0,6.0,1.45825,144.0,gfz:kp_f107
2023-07-24 00:00:00+00:00,165.1,170.3,6.0,1.5,140.0,gfz:kp_f107
2023-07-25 00:00:00+00:00,169.0,174.4,9.0,1.79175,138.0,gfz:kp_f107
2023-07-26 00:00:00+00:00,167.4,172.6,19.0,3.291625,153.0,gfz:kp_f107
2023-07-27 00:00:00+00:00,165.3,170.5,6.0,1.583375,146.0,gfz:kp_f107
2023-07-28 00:00:00+00:00,168.2,173.4,5.0,1.2497500000000001,165.0,gfz:kp_f107
2023-07-29 00:00:00+00:00,178.6,184.1,8.0,1.95825,178.0,gfz:kp_f107
2023-07-30 00:00:00+00:00,174.4,179.7,8.0,1.91675,181.0,gfz:kp_f107
2023-07-31 00:00:00+00:00,177.1,182.4,5.0,1.416625,187.0,gfz:kp_f107
2023-08-01 00:00:00+00:00,174.7,179.9,8.0,1.958375,180.0,gfz:kp_f107
2023-08-02 00:00:00+00:00,172.9,178.1,12.0,2.333375,163.0,gfz:kp_f107
2023-08-03 00:00:00+00:00,162.9,167.7,5.0,1.249875,145.0,gfz:kp_f107
2023-08-04 00:00:00+00:00,170.8,175.8,13.0,2.25,132.0,gfz:kp_f107
2023-08-05 00:00:00+00:00,175.8,180.8,33.0,3.4583749999999998,131.0,gfz:kp_f107
2023-08-06 00:00:00+00:00,173.5,178.5,2.0,0.33325000000000005,122.0,gfz:kp_f107
2023-08-07 00:00:00+00:00,169.7,174.5,10.0,2.041625,126.0,gfz:kp_f107
2023-08-08 00:00:00+00:00,158.9,163.4,7.0,1.5,123.0,gfz:kp_f107
2023-08-09 00:00:00+00:00,153.4,157.7,6.0,1.583375,102.0,gfz:kp_f107
2023-08-10 00:00:00+00:00,155.7,160.0,6.0,1.625,109.0,gfz:kp_f107
2023-08-11 00:00:00+00:00,152.8,157.0,4.0,0.833375,105.0,gfz:kp_f107
2023-08-12 00:00:00+00:00,148.3,152.2,6.0,1.666625,80.0,gfz:kp_f107
2023-08-13 00:00:00+00:00,150.4,154.4,4.0,1.000125,101.0,gfz:kp_f107
2023-08-14 00:00:00+00:00,154.0,158.1,4.0,0.9581250000000001,118.0,gfz:kp_f107
2023-08-15 00:00:00+00:00,158.1,162.1,3.0,0.6248750000000001,122.0,gfz:kp_f107
2023-08-16 00:00:00+00:00,160.1,164.2,7.0,1.583375,148.0,gfz:kp_f107
2023-08-17 00:00:00+00:00,151.9,155.7,6.0,1.5,145.0,gfz:kp_f107
2023-08-18 00:00:00+00:00,150.6,154.4,10.0,2.3748750000000003,124.0,gfz:kp_f107
2023-08-19 00:00:00+00:00,150.6,154.3,7.0,1.7081250000000001,130.0,gfz:kp_f107
2023-08-20 00:00:00+00:00,146.3,149.8,8.0,1.95825,101.0,gfz:kp_f107
2023-08-21 00:00:00+00:00,148.7,152.2,8.0,2.0,110.0,gfz:kp_f107
2023-08-22 00:00:00+00:00,150.9,154.4,7.0,1.541625,114.0,gfz:kp_f107
2023-08-23 00:00:00+00:00,147.0,150.3,3.0,0.666625,105.0,gfz:kp_f107
2023-08-24 00:00:00+00:00,144.1,147.3,7.0,1.541875,92.0,gfz:kp_f107
2023-08-25 00:00:00+00:00,138.9,141.9,4.0,0.875,90.0,gfz:kp_f107
2023-08-26 00:00:00+00:00,139.3,142.2,6.0,1.625,91.0,gfz:kp_f107
2023-08-27 00:00:00+00:00,141.5,144.5,10.0,2.1665,84.0,gfz:kp_f107
2023-08-28 00:00:00+00:00,141.7,144.5,6.0,1.54175,82.0,gfz:kp_f107
2023-08-29 00:00:00+00:00,142.2,145.0,4.0,0.95825,90.0,gfz:kp_f107
2023-08-30 00:00:00+00:00,138.6,141.2,5.0,1.249875,104.0,gfz:kp_f107
2023-08-31 00:00:00+00:00,139.9,142.5,5.0,1.41675,89.0,gfz:kp_f107
2023-09-01 00:00:00+00:00,135.8,138.3,12.0,2.6251249999999997,86.0,gfz:kp_f107
2023-09-02 00:00:00+00:00,131.2,133.6,37.0,4.499875,82.0,gfz:kp_f107
2023-09-03 00:00:00+00:00,130.5,132.8,23.0,3.4165,91.0,gfz:kp_f107
2023-09-04 00:00:00+00:00,136.0,138.4,6.0,1.541625,102.0,gfz:kp_f107
2023-09-05 00:00:00+00:00,142.9,145.2,9.0,1.7085,115.0,gfz:kp_f107
2023-09-06 00:00:00+00:00,147.1,149.4,6.0,1.458375,120.0,gfz:kp_f107
2023-09-07 00:00:00+00:00,160.8,163.3,5.0,1.3335,132.0,gfz:kp_f107
2023-09-08 00:00:00+00:00,160.9,163.4,5.0,1.249875,117.0,gfz:kp_f107
2023-09-09 00:00:00+00:00,161.4,163.7,8.0,1.75,133.0,gfz:kp_f107
2023-09-10 00:00:00+00:00,163.9,166.2,2.0,0.541625,173.0,gfz:kp_f107
2023-09-11 00:00:00+00:00,176.4,178.8,5.0,1.375,190.0,gfz:kp_f107
2023-09-12 00:00:00+00:00,153.5,155.5,23.0,2.875,145.0,gfz:kp_f107
2023-09-13 00:00:00+00:00,142.6,144.4,16.0,2.91675,131.0,gfz:kp_f107
2023-09-14 00:00:00+00:00,145.2,146.9,17.0,2.9165,134.0,gfz:kp_f107
2023-09-15 00:00:00+00:00,139.1,140.6,6.0,1.583375,109.0,gfz:kp_f107
2023-09-16 00:00:00+00:00,140.4,141.9,6.0,1.291625,88.0,gfz:kp_f107
2023-09-17 00:00:00+00:00,144.6,146.1,14.0,2.916625,89.0,gfz:kp_f107
2023-09-18 00:00:00+00:00,154.5,156.0,30.0,4.0,127.0,gfz:kp_f107
2023-09-19 00:00:00+00:00,166.1,167.6,47.0,4.666625,149.0,gfz:kp_f107
2023-09-20 00:00:00+00:00,155.5,156.8,15.0,2.916625,170.0,gfz:kp_f107
2023-09-21 00:00:00+00:00,168.1,169.4,8.0,2.16675,194.0,gfz:kp_f107
2023-09-22 00:00:00+00:00,175.7,177.0,8.0,2.04175,200.0,gfz:kp_f107
2023-09-23 00:00:00+00:00,173.0,174.1,8.0,2.083375,196.0,gfz:kp_f107
2023-09-24 00:00:00+00:00,173.7,174.8,21.0,2.54175,176.0,gfz:kp_f107
2023-09-25 00:00:00+00:00,170.2,171.1,23.0,3.4582499999999996,169.0,gfz:kp_f107
2023-09-26 00:00:00+00:00,164.9,165.7,28.0,3.916625,140.0,gfz:kp_f107
2023-09-27 00:00:00+00:00,156.0,156.7,14.0,2.708375,133.0,gfz:kp_f107
2023-09-28 00:00:00+00:00,147.8,148.4,5.0,1.083375,116.0,gfz:kp_f107
2023-09-29 00:00:00+00:00,155.0,155.5,11.0,2.2085,103.0,gfz:kp_f107
2023-09-30 00:00:00+00:00,159.1,159.5,8.0,2.12475,117.0,gfz:kp_f107
2023-10-01 00:00:00+00:00,161.1,161.5,8.0,1.8335,151.0,gfz:kp_f107
2023-10-02 00:00:00+00:00,157.4,157.7,8.0,1.83325,168.0,gfz:kp_f107
2023-10-03 00:00:00+00:00,153.7,153.8,6.0,1.666625,144.0,gfz:kp_f107
2023-10-04 00:00:00+00:00,155.0,155.1,10.0,2.29175,154.0,gfz:kp_f107
2023-10-05 00:00:00+00:00,156.1,156.1,15.0,2.41675,159.0,gfz:kp_f107
2023-10-06 00:00:00+00:00,155.3,155.3,7.0,1.749875,158.0,gfz:kp_f107
2023-10-07 00:00:00+00:00,157.2,157.0,4.0,0.95825,134.0,gfz:kp_f107
2023-10-08 00:00:00+00:00,157.1,156.8,6.0,1.58325,144.0,gfz:kp_f107
2023-10-09 00:00:00+00:00,165.5,165.2,7.0,1.874875,153.0,gfz:kp_f107
2023-10-10 00:00:00+00:00,164.4,163.9,3.0,0.708375,132.0,gfz:kp_f107
2023-10-11 00:00:00+00:00,158.0,157.5,3.0,0.583375,145.0,gfz:kp_f107
2023-10-12 00:00:00+00:00,157.1,156.4,2.0,0.45837500000000003,137.0,gfz:kp_f107
2023-10-13 00:00:00+00:00,149.0,148.4,13.0,2.5835,113.0,gfz:kp_f107
2023-10-14 00:00:00+00:00,148.2,147.4,6.0,1.4165,111.0,gfz:kp_f107
2023-10-15 00:00:00+00:00,144.6,143.8,2.0,0.583375,104.0,gfz:kp_f107
2023-10-16 00:00:00+00:00,144.0,143.1,2.0,0.49987499999999996,97.0,gfz:kp_f107
2023-10-17 00:00:00+00:00,137.3,136.4,1.0,0.249875,74.0,gfz:kp_f107
2023-10-18 00:00:00+00:00,135.3,134.3,8.0,2.0,66.0,gfz:kp_f107
2023-10-19 00:00:00+00:00,128.7,127.7,8.0,1.95825,57.0,gfz:kp_f107
2023-10-20 00:00:00+00:00,125.7,124.6,6.0,1.708375,67.0,gfz:kp_f107
2023-10-21 00:00:00+00:00,122.6,121.4,21.0,3.083375,68.0,gfz:kp_f107
2023-10-22 00:00:00+00:00,118.8,117.6,7.0,1.79175,55.0,gfz:kp_f107
2023-10-23 00:00:00+00:00,122.1,120.8,1.0,0.249875,34.0,gfz:kp_f107
2023-10-24 00:00:00+00:00,121.1,119.8,3.0,0.625125,39.0,gfz:kp_f107
2023-10-25 00:00:00+00:00,125.8,124.4,3.0,0.66675,33.0,gfz:kp_f107
2023-10-26 00:00:00+00:00,126.4,124.9,21.0,3.375,54.0,gfz:kp_f107
2023-10-27 00:00:00+00:00,127.5,125.9,10.0,2.208375,58.0,gfz:kp_f107
2023-10-28 00:00:00+00:00,128.0,126.3,17.0,3.0001249999999997,49.0,gfz:kp_f107
2023-10-29 00:00:00+00:00,135.2,133.3,26.0,3.9166250000000002,58.0,gfz:kp_f107
2023-10-30 00:00:00+00:00,139.7,137.7,12.0,2.4165,73.0,gfz:kp_f107
2023-10-31 00:00:00+00:00,147.3,145.1,7.0,1.875,107.0,gfz:kp_f107
2023-11-01 00:00:00+00:00,158.6,156.2,8.0,1.958375,115.0,gfz:kp_f107
2023-11-02 00:00:00+00:00,158.4,155.9,6.0,1.5,122.0,gfz:kp_f107
2023-11-03 00:00:00+00:00,156.1,153.6,2.0,0.54175,121.0,gfz:kp_f107
2023-11-04 00:00:00+00:00,155.3,152.7,12.0,1.9585,92.0,gfz:kp_f107
2023-11-05 00:00:00+00:00,154.8,152.2,61.0,4.625125,91.0,gfz:kp_f107
2023-11-06 00:00:00+00:00,146.2,143.6,36.0,4.333375,77.0,gfz:kp_f107
2023-11-07 00:00:00+00:00,145.1,142.5,18.0,3.125,78.0,gfz:kp_f107
2023-11-08 00:00:00+00:00,145.7,143.1,15.0,2.8748750000000003,113.0,gfz:kp_f107
2023-11-09 00:00:00+00:00,138.7,136.1,10.0,2.41675,99.0,gfz:kp_f107
2023-11-10 00:00:00+00:00,143.9,141.1,8.0,1.958375,94.0,gfz:kp_f107
2023-11-11 00:00:00+00:00,141.5,138.7,4.0,0.958375,81.0,gfz:kp_f107
2023-11-12 00:00:00+00:00,137.2,134.4,9.0,1.875,82.0,gfz:kp_f107
2023-11-13 00:00:00+00:00,132.7,130.0,14.0,2.416875,73.0,gfz:kp_f107
2023-11-14 00:00:00+00:00,123.8,121.2,6.0,1.3335,60.0,gfz:kp_f107
2023-11-15 00:00:00+00:00,118.9,116.4,12.0,2.625,33.0,gfz:kp_f107
2023-11-16 00:00:00+00:00,117.9,115.3,6.0,1.583375,30.0,gfz:kp_f107
2023-11-17 00:00:00+00:00,119.6,116.9,2.0,0.583375,26.0,gfz:kp_f107
2023-11-18 00:00:00+00:00,127.1,124.2,1.0,0.291625,32.0,gfz:kp_f107
2023-11-19 00:00:00+00:00,140.1,136.8,3.0,0.666625,68.0,gfz:kp_f107
2023-11-20 00:00:00+00:00,156.5,152.8,4.0,1.125,96.0,gfz:kp_f107
2023-11-21 00:00:00+00:00,171.5,167.3,18.0,3.1248750000000003,153.0,gfz:kp_f107
2023-11-22 00:00:00+00:00,189.5,184.8,30.0,3.9998750000000003,160.0,gfz:kp_f107
2023-11-23 00:00:00+00:00,194.2,189.3,6.0,1.374875,186.0,gfz:kp_f107
2023-11-24 00:00:00+00:00,178.0,173.5,7.0,1.91675,167.0,gfz:kp_f107
2023-11-25 00:00:00+00:00,176.4,171.9,37.0,4.29175,177.0,gfz:kp_f107
2023-11-26 00:00:00+00:00,180.2,175.5,9.0,1.833375,171.0,gfz:kp_f107
2023-11-27 00:00:00+00:00,187.3,182.3,6.0,1.70825,158.0,gfz:kp_f107
2023-11-28 00:00:00+00:00,254.6,247.8,6.0,1.666625,150.0,gfz:kp_f107
2023-11-29 00:00:00+00:00,170.6,166.0,4.0,1.041875,161.0,gfz:kp_f107
2023-11-30 00:00:00+00:00,166.5,162.0,4.0,1.1248749999999998,148.0,gfz:kp_f107
2023-12-01 00:00:00+00:00,162.0,157.6,52.0,4.958375,123.0,gfz:kp_f107
2023-12-02 00:00:00+00:00,148.2,144.0,13.0,1.916625,100.0,gfz:kp_f107
2023-12-03 00:00:00+00:00,139.2,135.2,10.0,2.3751249999999997,104.0,gfz:kp_f107
2023-12-04 00:00:00+00:00,137.8,133.9,9.0,2.0835,113.0,gfz:kp_f107
2023-12-05 00:00:00+00:00,141.6,137.5,14.0,2.8748750000000003,107.0,gfz:kp_f107
2023-12-06 00:00:00+00:00,129.9,126.1,10.0,2.375,134.0,gfz:kp_f107
2023-12-07 00:00:00+00:00,134.6,130.6,4.0,1.16675,125.0,gfz:kp_f107
2023-12-08 00:00:00+00:00,132.6,128.6,4.0,1.083375,113.0,gfz:kp_f107
2023-12-09 00:00:00+00:00,127.9,124.1,1.0,0.25,127.0,gfz:kp_f107
2023-12-10 00:00:00+00:00,126.6,122.8,3.0,0.7085,123.0,gfz:kp_f107
2023-12-11 00:00:00+00:00,125.9,122.1,1.0,0.20825,92.0,gfz:kp_f107
2023-12-12 00:00:00+00:00,126.2,122.3,7.0,1.541625,96.0,gfz:kp_f107
2023-12-13 00:00:00+00:00,134.8,130.7,7.0,1.70825,110.0,gfz:kp_f107
2023-12-14 00:00:00+00:00,155.1,150.3,15.0,2.75,117.0,gfz:kp_f107
2023-12-15 00:00:00+00:00,144.3,139.8,11.0,2.166625,114.0,gfz:kp_f107
2023-12-16 00:00:00+00:00,149.0,144.3,13.0,2.5835,124.0,gfz:kp_f107
2023-12-17 00:00:00+00:00,154.6,149.7,33.0,4.1665,112.0,gfz:kp_f107
2023-12-18 00:00:00+00:00,161.4,156.3,23.0,3.5415,138.0,gfz:kp_f107
2023-12-19 00:00:00+00:00,179.3,173.5,11.0,2.3751249999999997,150.0,gfz:kp_f107
2023-12-20 00:00:00+00:00,195.3,189.1,10.0,2.208375,149.0,gfz:kp_f107
2023-12-21 00:00:00+00:00,193.6,187.4,4.0,0.95825,152.0,gfz:kp_f107
2023-12-22 00:00:00+00:00,186.7,180.7,2.0,0.49974999999999997,148.0,gfz:kp_f107
2023-12-23 00:00:00+00:00,174.2,168.6,5.0,1.208375,138.0,gfz:kp_f107
2023-12-24 00:00:00+00:00,183.4,177.4,9.0,2.0001249999999997,117.0,gfz:kp_f107
2023-12-25 00:00:00+00:00,166.7,161.3,3.0,0.6248750000000001,113.0,gfz:kp_f107
2023-12-26 00:00:00+00:00,154.2,149.1,5.0,1.208375,110.0,gfz:kp_f107
2023-12-27 00:00:00+00:00,149.4,144.5,4.0,1.0,76.0,gfz:kp_f107
2023-12-28 00:00:00+00:00,146.7,141.8,2.0,0.416625,95.0,gfz:kp_f107
2023-12-29 00:00:00+00:00,142.9,138.2,6.0,1.5,83.0,gfz:kp_f107
2023-12-30 00:00:00+00:00,139.7,135.1,4.0,0.95825,65.0,gfz:kp_f107
2023-12-31 00:00:00+00:00,146.2,141.4,3.0,0.58325,52.0,gfz:kp_f107
2024-01-01 00:00:00+00:00,135.7,131.2,10.0,1.916625,55.0,gfz:kp_f107
2024-01-02 00:00:00+00:00,142.1,137.4,8.0,1.91675,68.0,gfz:kp_f107
2024-01-03 00:00:00+00:00,140.2,135.5,11.0,2.3335,59.0,gfz:kp_f107
2024-01-04 00:00:00+00:00,125.8,121.6,5.0,1.250125,100.0,gfz:kp_f107
2024-01-05 00:00:00+00:00,152.7,147.6,4.0,1.08325,119.0,gfz:kp_f107
2024-01-06 00:00:00+00:00,159.4,154.1,2.0,0.375,148.0,gfz:kp_f107
2024-01-07 00:00:00+00:00,167.1,161.6,1.0,0.12487500000000001,172.0,gfz:kp_f107
2024-01-08 00:00:00+00:00,176.2,170.4,3.0,0.666625,162.0,gfz:kp_f107
2024-01-09 00:00:00+00:00,175.9,170.1,5.0,1.20825,158.0,gfz:kp_f107
2024-01-10 00:00:00+00:00,186.0,179.9,6.0,1.75,178.0,gfz:kp_f107
2024-01-11 00:00:00+00:00,192.5,186.2,5.0,1.333375,186.0,gfz:kp_f107
2024-01-12 00:00:00+00:00,186.4,180.3,4.0,0.8748750000000001,182.0,gfz:kp_f107
2024-01-13 00:00:00+00:00,185.4,179.4,2.0,0.458375,181.0,gfz:kp_f107
2024-01-14 00:00:00+00:00,187.9,181.7,6.0,1.66675,161.0,gfz:kp_f107
2024-01-15 00:00:00+00:00,182.5,176.6,5.0,1.3333750000000002,140.0,gfz:kp_f107
2024-01-16 00:00:00+00:00,179.6,173.8,5.0,1.125125,134.0,gfz:kp_f107
2024-01-17 00:00:00+00:00,174.1,168.5,3.0,0.750125,147.0,gfz:kp_f107
2024-01-18 00:00:00+00:00,162.3,157.1,6.0,1.499875,130.0,gfz:kp_f107
2024-01-19 00:00:00+00:00,157.4,152.4,7.0,1.75,143.0,gfz:kp_f107
2024-01-20 00:00:00+00:00,166.3,161.0,6.0,1.58325,134.0,gfz:kp_f107
2024-01-21 00:00:00+00:00,178.5,172.9,4.0,1.125,155.0,gfz:kp_f107
2024-01-22 00:00:00+00:00,196.1,189.9,8.0,1.666625,166.0,gfz:kp_f107
2024-01-23 00:00:00+00:00,180.3,174.7,6.0,1.583375,148.0,gfz:kp_f107
2024-01-24 00:00:00+00:00,172.0,166.6,8.0,1.6665,124.0,gfz:kp_f107
2024-01-25 00:00:00+00:00,160.5,155.6,5.0,1.25,92.0,gfz:kp_f107
2024-01-26 00:00:00+00:00,156.7,151.9,4.0,1.166625,83.0,gfz:kp_f107
2024-01-27 00:00:00+00:00,148.1,143.6,4.0,1.04175,64.0,gfz:kp_f107
2024-01-28 00:00:00+00:00,141.1,136.8,7.0,1.708375,68.0,gfz:kp_f107
2024-01-29 00:00:00+00:00,140.3,136.1,7.0,1.875,74.0,gfz:kp_f107
2024-01-30 00:00:00+00:00,135.0,131.0,6.0,1.75,74.0,gfz:kp_f107
2024-01-31 00:00:00+00:00,136.2,132.2,6.0,1.6665,100.0,gfz:kp_f107
2024-02-01 00:00:00+00:00,136.9,132.9,5.0,1.416625,117.0,gfz:kp_f107
2024-02-02 00:00:00+00:00,142.6,138.5,2.0,0.5,122.0,gfz:kp_f107
2024-02-03 00:00:00+00:00,156.4,152.0,2.0,0.291625,124.0,gfz:kp_f107
2024-02-04 00:00:00+00:00,170.4,165.6,6.0,1.375,135.0,gfz:kp_f107
2024-02-05 00:00:00+00:00,173.4,168.6,6.0,1.416625,158.0,gfz:kp_f107
2024-02-06 00:00:00+00:00,190.3,185.1,7.0,1.750125,159.0,gfz:kp_f107
2024-02-07 00:00:00+00:00,188.4,183.3,3.0,0.791625,148.0,gfz:kp_f107
2024-02-08 00:00:00+00:00,185.0,180.0,4.0,1.125125,161.0,gfz:kp_f107
2024-02-09 00:00:00+00:00,183.4,178.6,5.0,1.08325,127.0,gfz:kp_f107
2024-02-10 00:00:00+00:00,193.8,188.7,4.0,1.04175,151.0,gfz:kp_f107
2024-02-11 00:00:00+00:00,180.4,175.7,14.0,2.666625,162.0,gfz:kp_f107
2024-02-12 00:00:00+00:00,208.3,203.0,4.0,0.958125,156.0,gfz:kp_f107
2024-02-13 00:00:00+00:00,194.8,189.9,9.0,2.083375,136.0,gfz:kp_f107
2024-02-14 00:00:00+00:00,184.1,179.5,5.0,1.208375,141.0,gfz:kp_f107
2024-02-15 00:00:00+00:00,178.3,173.9,3.0,0.7501249999999999,150.0,gfz:kp_f107
2024-02-16 00:00:00+00:00,168.8,164.8,3.0,0.875,139.0,gfz:kp_f107
2024-02-17 00:00:00+00:00,169.9,165.9,4.0,1.041625,113.0,gfz:kp_f107
2024-02-18 00:00:00+00:00,156.5,152.9,5.0,1.124875,100.0,gfz:kp_f107
2024-02-19 00:00:00+00:00,152.1,148.6,1.0,0.12487500000000001,73.0,gfz:kp_f107
2024-02-20 00:00:00+00:00,152.6,149.2,5.0,1.416625,54.0,gfz:kp_f107
2024-02-21 00:00:00+00:00,169.9,166.2,3.0,0.708375,49.0,gfz:kp_f107
2024-02-22 00:00:00+00:00,173.3,169.6,5.0,1.333375,56.0,gfz:kp_f107
2024-02-23 00:00:00+00:00,172.9,169.2,2.0,0.541625,104.0,gfz:kp_f107
2024-02-24 00:00:00+00:00,179.2,175.5,6.0,1.416625,108.0,gfz:kp_f107
2024-02-25 00:00:00+00:00,180.8,177.1,10.0,2.41675,115.0,gfz:kp_f107
2024-02-26 00:00:00+00:00,171.7,168.3,10.0,2.2498750000000003,132.0,gfz:kp_f107
2024-02-27 00:00:00+00:00,168.3,165.1,12.0,2.208375,120.0,gfz:kp_f107
2024-02-28 00:00:00+00:00,179.1,175.7,4.0,1.16675,130.0,gfz:kp_f107
2024-02-29 00:00:00+00:00,164.1,161.1,3.0,0.791625,126.0,gfz:kp_f107
2024-03-01 00:00:00+00:00,152.8,150.1,7.0,1.708375,117.0,gfz:kp_f107
2024-03-02 00:00:00+00:00,152.3,149.7,4.0,1.0,96.0,gfz:kp_f107
2024-03-03 00:00:00+00:00,145.5,143.1,34.0,3.5,102.0,gfz:kp_f107
2024-03-04 00:00:00+00:00,139.9,137.6,9.0,1.9165,109.0,gfz:kp_f107
2024-03-05 00:00:00+00:00,141.5,139.2,6.0,1.458375,110.0,gfz:kp_f107
2024-03-06 00:00:00+00:00,136.0,133.9,5.0,1.208375,100.0,gfz:kp_f107
2024-03-07 00:00:00+00:00,136.6,134.5,11.0,2.5,96.0,gfz:kp_f107
2024-03-08 00:00:00+00:00,129.0,127.2,9.0,2.00025,102.0,gfz:kp_f107
2024-03-09 00:00:00+00:00,134.5,132.6,11.0,2.333375,96.0,gfz:kp_f107
2024-03-10 00:00:00+00:00,127.0,125.3,6.0,1.708375,77.0,gfz:kp_f107
2024-03-11 00:00:00+00:00,126.7,125.1,4.0,0.958375,74.0,gfz:kp_f107
2024-03-12 00:00:00+00:00,130.5,128.9,4.0,1.0415,83.0,gfz:kp_f107
2024-03-13 00:00:00+00:00,128.3,126.8,8.0,1.83325,81.0,gfz:kp_f107
2024-03-14 00:00:00+00:00,127.1,125.7,7.0,1.66675,68.0,gfz:kp_f107
2024-03-15 00:00:00+00:00,129.0,127.7,6.0,1.4581250000000001,52.0,gfz:kp_f107
2024-03-16 00:00:00+00:00,144.1,142.6,2.0,0.291625,62.0,gfz:kp_f107
2024-03-17 00:00:00+00:00,151.3,149.8,0.0,0.041625,73.0,gfz:kp_f107
2024-03-18 00:00:00+00:00,177.4,175.8,3.0,0.79175,120.0,gfz:kp_f107
2024-03-19 00:00:00+00:00,168.9,167.5,6.0,1.70825,132.0,gfz:kp_f107
2024-03-20 00:00:00+00:00,175.5,174.1,4.0,0.9165000000000001,123.0,gfz:kp_f107
2024-03-21 00:00:00+00:00,196.9,195.5,22.0,3.4582499999999996,159.0,gfz:kp_f107
2024-03-22 00:00:00+00:00,197.6,196.2,10.0,1.95825,163.0,gfz:kp_f107
2024-03-23 00:00:00+00:00,210.7,209.3,31.0,4.0835,154.0,gfz:kp_f107
2024-03-24 00:00:00+00:00,195.1,194.0,68.0,4.95825,161.0,gfz:kp_f107
2024-03-25 00:00:00+00:00,190.1,189.1,25.0,3.58325,163.0,gfz:kp_f107
2024-03-26 00:00:00+00:00,178.2,177.4,10.0,2.3335,138.0,gfz:kp_f107
2024-03-27 00:00:00+00:00,174.6,173.9,6.0,1.45825,113.0,gfz:kp_f107
2024-03-28 00:00:00+00:00,172.7,172.1,7.0,1.875,98.0,gfz:kp_f107
2024-03-29 00:00:00+00:00,167.3,166.8,4.0,1.125,79.0,gfz:kp_f107
2024-03-30 00:00:00+00:00,139.6,139.3,3.0,0.833375,51.0,gfz:kp_f107
2024-03-31 00:00:00+00:00,133.6,133.4,8.0,1.874875,63.0,gfz:kp_f107
2024-04-01 00:00:00+00:00,120.4,120.3,10.0,2.208375,31.0,gfz:kp_f107
2024-04-02 00:00:00+00:00,112.8,112.7,6.0,1.66675,36.0,gfz:kp_f107
2024-04-03 00:00:00+00:00,111.7,111.7,6.0,1.41675,37.0,gfz:kp_f107
2024-04-04 00:00:00+00:00,113.7,113.8,10.0,2.16675,49.0,gfz:kp_f107
2024-04-05 00:00:00+00:00,120.5,120.6,10.0,2.45825,78.0,gfz:kp_f107
2024-04-06 00:00:00+00:00,122.9,123.1,9.0,2.16675,80.0,gfz:kp_f107
2024-04-07 00:00:00+00:00,124.6,124.9,6.0,1.58325,83.0,gfz:kp_f107
2024-04-08 00:00:00+00:00,124.8,125.2,7.0,1.4581250000000001,78.0,gfz:kp_f107
2024-04-09 00:00:00+00:00,124.4,124.8,9.0,2.041625,56.0,gfz:kp_f107
2024-04-10 00:00:00+00:00,131.2,131.8,7.0,1.833375,56.0,gfz:kp_f107
2024-04-11 00:00:00+00:00,143.7,144.4,5.0,1.16675,91.0,gfz:kp_f107
2024-04-12 00:00:00+00:00,151.5,152.3,5.0,1.20825,87.0,gfz:kp_f107
2024-04-13 00:00:00+00:00,161.0,161.9,5.0,1.25,121.0,gfz:kp_f107
2024-04-14 00:00:00+00:00,178.4,179.5,5.0,1.249875,150.0,gfz:kp_f107
2024-04-15 00:00:00+00:00,191.9,193.2,6.0,1.4998749999999998,171.0,gfz:kp_f107
2024-04-16 00:00:00+00:00,198.7,200.2,31.0,4.124874999999999,185.0,gfz:kp_f107
2024-04-17 00:00:00+00:00,216.5,218.2,6.0,1.458375,211.0,gfz:kp_f107
2024-04-18 00:00:00+00:00,226.9,228.8,3.0,0.75,224.0,gfz:kp_f107
2024-04-19 00:00:00+00:00,213.4,215.4,45.0,4.3335,242.0,gfz:kp_f107
2024-04-20 00:00:00+00:00,209.5,211.6,10.0,2.3335,232.0,gfz:kp_f107
2024-04-21 00:00:00+00:00,217.1,219.4,18.0,3.25,233.0,gfz:kp_f107
2024-04-22 00:00:00+00:00,226.8,229.2,7.0,1.874875,266.0,gfz:kp_f107
2024-04-23 00:00:00+00:00,219.1,221.6,6.0,1.66675,268.0,gfz:kp_f107
2024-04-24 00:00:00+00:00,199.1,201.4,3.0,0.583375,251.0,gfz:kp_f107
2024-04-25 00:00:00+00:00,166.7,168.8,2.0,0.37512500000000004,211.0,gfz:kp_f107
2024-04-26 00:00:00+00:00,152.6,154.6,17.0,2.875,142.0,gfz:kp_f107
2024-04-27 00:00:00+00:00,152.6,154.6,12.0,2.541625,138.0,gfz:kp_f107
2024-04-28 00:00:00+00:00,140.1,142.0,6.0,1.250125,117.0,gfz:kp_f107
2024-04-29 00:00:00+00:00,137.6,139.5,6.0,1.541625,99.0,gfz:kp_f107
2024-04-30 00:00:00+00:00,130.2,132.1,13.0,2.25,86.0,gfz:kp_f107
2024-05-01 00:00:00+00:00,134.8,136.9,7.0,1.583375,119.0,gfz:kp_f107
2024-05-02 00:00:00+00:00,141.9,144.1,42.0,4.0,144.0,gfz:kp_f107
2024-05-03 00:00:00+00:00,156.0,158.6,8.0,1.708375,160.0,gfz:kp_f107
2024-05-04 00:00:00+00:00,166.6,169.5,5.0,1.04175,186.0,gfz:kp_f107
2024-05-05 00:00:00+00:00,176.9,180.0,10.0,2.041625,185.0,gfz:kp_f107
2024-05-06 00:00:00+00:00,171.2,174.3,16.0,2.708125,205.0,gfz:kp_f107
2024-05-07 00:00:00+00:00,203.6,207.4,6.0,1.5415,192.0,gfz:kp_f107
2024-05-08 00:00:00+00:00,227.1,231.4,5.0,1.4168749999999999,171.0,gfz:kp_f107
2024-05-09 00:00:00+00:00,233.2,237.7,5.0,1.291625,181.0,gfz:kp_f107
2024-05-10 00:00:00+00:00,223.4,227.9,105.0,4.791875,172.0,gfz:kp_f107
2024-05-11 00:00:00+00:00,213.7,218.0,271.0,8.375,173.0,gfz:kp_f107
2024-05-12 00:00:00+00:00,221.8,226.4,53.0,4.58325,199.0,gfz:kp_f107
2024-05-13 00:00:00+00:00,215.4,220.0,27.0,3.499875,244.0,gfz:kp_f107
2024-05-14 00:00:00+00:00,219.8,224.6,6.0,1.624875,203.0,gfz:kp_f107
2024-05-15 00:00:00+00:00,216.0,220.8,9.0,2.20825,208.0,gfz:kp_f107
2024-05-16 00:00:00+00:00,207.2,211.9,27.0,3.4166250000000002,213.0,gfz:kp_f107
2024-05-17 00:00:00+00:00,204.1,208.7,30.0,3.374875,203.0,gfz:kp_f107
2024-05-18 00:00:00+00:00,194.3,198.8,12.0,2.3748750000000003,180.0,gfz:kp_f107
2024-05-19 00:00:00+00:00,200.7,205.5,8.0,1.91675,181.0,gfz:kp_f107
2024-05-20 00:00:00+00:00,199.7,204.5,6.0,1.41675,155.0,gfz:kp_f107
2024-05-21 00:00:00+00:00,190.8,195.4,7.0,1.7085,177.0,gfz:kp_f107
2024-05-22 00:00:00+00:00,195.7,200.6,3.0,0.7498750000000001,165.0,gfz:kp_f107
2024-05-23 00:00:00+00:00,176.2,180.7,8.0,1.874875,143.0,gfz:kp_f107
2024-05-24 00:00:00+00:00,162.8,167.0,9.0,1.95825,142.0,gfz:kp_f107
2024-05-25 00:00:00+00:00,152.4,156.4,5.0,1.374875,112.0,gfz:kp_f107
2024-05-26 00:00:00+00:00,155.6,159.7,8.0,1.958375,130.0,gfz:kp_f107
2024-05-27 00:00:00+00:00,170.0,174.6,7.0,1.7081250000000001,144.0,gfz:kp_f107
2024-05-28 00:00:00+00:00,166.4,170.9,4.0,1.0418749999999999,164.0,gfz:kp_f107
2024-05-29 00:00:00+00:00,170.5,175.2,5.0,1.375125,169.0,gfz:kp_f107
2024-05-30 00:00:00+00:00,172.9,177.7,7.0,1.625,159.0,gfz:kp_f107
2024-05-31 00:00:00+00:00,179.4,184.5,10.0,2.041625,156.0,gfz:kp_f107
2024-06-01 00:00:00+00:00,226.9,233.3,4.0,1.0,178.0,gfz:kp_f107
2024-06-02 00:00:00+00:00,179.8,185.0,4.0,0.95825,205.0,gfz:kp_f107
2024-06-03 00:00:00+00:00,186.0,191.4,9.0,1.875,213.0,gfz:kp_f107
2024-06-04 00:00:00+00:00,192.3,198.0,6.0,1.416625,213.0,gfz:kp_f107
2024-06-05 00:00:00+00:00,195.3,201.1,6.0,1.666625,181.0,gfz:kp_f107
2024-06-06 00:00:00+00:00,190.9,196.7,5.0,1.208375,158.0,gfz:kp_f107
2024-06-07 00:00:00+00:00,184.4,190.0,29.0,3.416625,163.0,gfz:kp_f107
2024-06-08 00:00:00+00:00,190.4,196.2,14.0,2.666875,173.0,gfz:kp_f107
2024-06-09 00:00:00+00:00,180.9,186.4,5.0,1.208375,154.0,gfz:kp_f107
2024-06-10 00:00:00+00:00,177.8,183.3,9.0,1.708375,124.0,gfz:kp_f107
2024-06-11 00:00:00+00:00,164.9,170.1,10.0,1.95825,106.0,gfz:kp_f107
2024-06-12 00:00:00+00:00,164.9,170.0,4.0,0.9167500000000001,124.0,gfz:kp_f107
2024-06-13 00:00:00+00:00,170.1,175.5,2.0,0.5415,151.0,gfz:kp_f107
2024-06-14 00:00:00+00:00,169.0,174.3,5.0,1.29175,158.0,gfz:kp_f107
2024-06-15 00:00:00+00:00,170.7,176.1,17.0,3.041625,148.0,gfz:kp_f107
2024-06-16 00:00:00+00:00,167.3,172.6,14.0,2.6251249999999997,151.0,gfz:kp_f107
2024-06-17 00:00:00+00:00,179.9,185.7,11.0,2.45825,140.0,gfz:kp_f107
2024-06-18 00:00:00+00:00,192.7,199.0,10.0,2.3335,133.0,gfz:kp_f107
2024-06-19 00:00:00+00:00,196.0,202.3,10.0,2.25,151.0,gfz:kp_f107
2024-06-20 00:00:00+00:00,203.3,210.0,6.0,1.6665,165.0,gfz:kp_f107
2024-06-21 00:00:00+00:00,196.9,203.3,3.0,0.7498750000000001,150.0,gfz:kp_f107
2024-06-22 00:00:00+00:00,195.7,202.1,3.0,0.666625,159.0,gfz:kp_f107
2024-06-23 00:00:00+00:00,195.8,202.2,10.0,2.29175,163.0,gfz:kp_f107
2024-06-24 00:00:00+00:00,198.7,205.3,3.0,0.791625,153.0,gfz:kp_f107
2024-06-25 00:00:00+00:00,193.7,200.1,6.0,1.708375,146.0,gfz:kp_f107
2024-06-26 00:00:00+00:00,181.4,187.4,8.0,2.041625,179.0,gfz:kp_f107
2024-06-27 00:00:00+00:00,182.5,188.6,8.0,1.83325,174.0,gfz:kp_f107
2024-06-28 00:00:00+00:00,180.7,186.7,60.0,5.000125000000001,179.0,gfz:kp_f107
2024-06-29 00:00:00+00:00,186.4,192.7,13.0,2.666625,219.0,gfz:kp_f107
2024-06-30 00:00:00+00:00,173.8,179.6,11.0,2.45825,212.0,gfz:kp_f107
2024-07-01 00:00:00+00:00,170.6,176.3,5.0,1.291625,198.0,gfz:kp_f107
2024-07-02 00:00:00+00:00,163.8,169.3,4.0,1.0,197.0,gfz:kp_f107
2024-07-03 00:00:00+00:00,167.4,173.1,4.0,1.08325,178.0,gfz:kp_f107
2024-07-04 00:00:00+00:00,173.0,178.8,9.0,2.083375,138.0,gfz:kp_f107
2024-07-05 00:00:00+00:00,165.6,171.2,7.0,1.75,138.0,gfz:kp_f107
2024-07-06 00:00:00+00:00,166.0,171.6,2.0,0.499875,128.0,gfz:kp_f107
2024-07-07 00:00:00+00:00,171.3,177.1,6.0,1.583375,121.0,gfz:kp_f107
2024-07-08 00:00:00+00:00,168.5,174.1,10.0,2.291625,111.0,gfz:kp_f107
2024-07-09 00:00:00+00:00,178.2,184.2,6.0,1.5001250000000002,143.0,gfz:kp_f107
2024-07-10 00:00:00+00:00,213.6,220.8,4.0,1.166625,183.0,gfz:kp_f107
2024-07-11 00:00:00+00:00,205.0,211.9,6.0,1.5,172.0,gfz:kp_f107
2024-07-12 00:00:00+00:00,209.7,216.7,5.0,1.250125,162.0,gfz:kp_f107
2024-07-13 00:00:00+00:00,238.3,246.3,3.0,0.7498750000000001,176.0,gfz:kp_f107
2024-07-14 00:00:00+00:00,233.9,241.7,4.0,1.124875,211.0,gfz:kp_f107
2024-07-15 00:00:00+00:00,233.2,240.9,6.0,1.375,242.0,gfz:kp_f107
2024-07-16 00:00:00+00:00,241.9,249.9,8.0,2.083375,286.0,gfz:kp_f107
2024-07-17 00:00:00+00:00,223.8,231.1,5.0,1.25,284.0,gfz:kp_f107
2024-07-18 00:00:00+00:00,208.7,215.5,4.0,0.8748750000000001,290.0,gfz:kp_f107
2024-07-19 00:00:00+00:00,201.6,208.2,4.0,0.875,274.0,gfz:kp_f107
2024-07-20 00:00:00+00:00,207.4,214.1,6.0,1.625125,228.0,gfz:kp_f107
2024-07-21 00:00:00+00:00,197.9,204.2,4.0,0.9998750000000001,219.0,gfz:kp_f107
2024-07-22 00:00:00+00:00,185.0,191.0,8.0,1.916625,172.0,gfz:kp_f107
2024-07-23 00:00:00+00:00,175.5,181.0,4.0,1.0,173.0,gfz:kp_f107
2024-07-24 00:00:00+00:00,174.8,180.4,5.0,1.208375,173.0,gfz:kp_f107
2024-07-25 00:00:00+00:00,167.2,172.4,8.0,1.833375,180.0,gfz:kp_f107
2024-07-26 00:00:00+00:00,176.3,181.8,24.0,3.625,198.0,gfz:kp_f107
2024-07-27 00:00:00+00:00,203.6,210.0,10.0,2.166625,210.0,gfz:kp_f107
2024-07-28 00:00:00+00:00,214.4,221.1,7.0,1.70825,202.0,gfz:kp_f107
2024-07-29 00:00:00+00:00,223.1,230.0,6.0,1.54175,213.0,gfz:kp_f107
2024-07-30 00:00:00+00:00,400.7,412.9,22.0,3.33325,231.0,gfz:kp_f107
2024-07-31 00:00:00+00:00,235.1,242.2,15.0,2.458375,270.0,gfz:kp_f107
2024-08-01 00:00:00+00:00,234.4,241.4,19.0,3.12475,259.0,gfz:kp_f107
2024-08-02 00:00:00+00:00,247.1,254.5,8.0,1.875125,241.0,gfz:kp_f107
2024-08-03 00:00:00+00:00,244.6,251.8,8.0,2.0,231.0,gfz:kp_f107
2024-08-04 00:00:00+00:00,240.8,247.9,49.0,4.583375,231.0,gfz:kp_f107
2024-08-05 00:00:00+00:00,247.3,254.4,8.0,2.1251249999999997,214.0,gfz:kp_f107
2024-08-06 00:00:00+00:00,270.0,277.7,5.0,1.20825,240.0,gfz:kp_f107
2024-08-07 00:00:00+00:00,303.2,311.7,6.0,1.541625,275.0,gfz:kp_f107
2024-08-08 00:00:00+00:00,336.0,345.4,6.0,1.45825,285.0,gfz:kp_f107
2024-08-09 00:00:00+00:00,305.5,313.9,5.0,1.458375,264.0,gfz:kp_f107
2024-08-10 00:00:00+00:00,291.1,299.0,6.0,1.541625,250.0,gfz:kp_f107
2024-08-11 00:00:00+00:00,281.5,289.0,28.0,3.833375,245.0,gfz:kp_f107
2024-08-12 00:00:00+00:00,272.4,279.6,127.0,6.8335,230.0,gfz:kp_f107
2024-08-13 00:00:00+00:00,259.9,266.7,14.0,2.375,209.0,gfz:kp_f107
2024-08-14 00:00:00+00:00,248.2,254.6,10.0,2.1248750000000003,178.0,gfz:kp_f107
2024-08-15 00:00:00+00:00,227.4,233.2,4.0,1.08325,157.0,gfz:kp_f107
2024-08-16 00:00:00+00:00,224.9,230.5,7.0,1.708375,199.0,gfz:kp_f107
2024-08-17 00:00:00+00:00,229.5,235.2,30.0,3.0414999999999996,198.0,gfz:kp_f107
2024-08-18 00:00:00+00:00,231.0,236.6,11.0,2.541625,202.0,gfz:kp_f107
2024-08-19 00:00:00+00:00,239.1,244.8,9.0,1.958375,225.0,gfz:kp_f107
2024-08-20 00:00:00+00:00,238.2,243.8,8.0,2.04175,217.0,gfz:kp_f107
2024-08-21 00:00:00+00:00,239.0,244.5,8.0,1.916625,210.0,gfz:kp_f107
2024-08-22 00:00:00+00:00,230.6,235.8,9.0,2.208375,213.0,gfz:kp_f107
2024-08-23 00:00:00+00:00,241.7,247.1,6.0,1.499875,214.0,gfz:kp_f107
2024-08-24 00:00:00+00:00,232.3,237.3,8.0,2.041875,223.0,gfz:kp_f107
2024-08-25 00:00:00+00:00,232.6,237.6,5.0,1.291625,204.0,gfz:kp_f107
2024-08-26 00:00:00+00:00,232.6,237.6,4.0,0.8748750000000001,220.0,gfz:kp_f107
2024-08-27 00:00:00+00:00,221.3,225.8,9.0,2.04175,182.0,gfz:kp_f107
2024-08-28 00:00:00+00:00,211.9,216.1,24.0,3.25,189.0,gfz:kp_f107
2024-08-29 00:00:00+00:00,204.0,207.9,4.0,1.16675,153.0,gfz:kp_f107
2024-08-30 00:00:00+00:00,214.2,218.3,24.0,3.3751249999999997,158.0,gfz:kp_f107
2024-08-31 00:00:00+00:00,231.6,235.9,25.0,3.708375,181.0,gfz:kp_f107
2024-09-01 00:00:00+00:00,225.5,229.5,15.0,2.916625,170.0,gfz:kp_f107
2024-09-02 00:00:00+00:00,237.6,241.8,7.0,1.83325,182.0,gfz:kp_f107
2024-09-03 00:00:00+00:00,242.1,246.3,5.0,1.374875,171.0,gfz:kp_f107
2024-09-04 00:00:00+00:00,261.8,266.2,13.0,2.20825,169.0,gfz:kp_f107
2024-09-05 00:00:00+00:00,240.7,244.6,4.0,1.04175,170.0,gfz:kp_f107
2024-09-06 00:00:00+00:00,248.9,252.8,6.0,1.416625,177.0,gfz:kp_f107
2024-09-07 00:00:00+00:00,221.7,225.0,6.0,1.75,168.0,gfz:kp_f107
2024-09-08 00:00:00+00:00,227.6,231.0,6.0,1.791625,156.0,gfz:kp_f107
2024-09-09 00:00:00+00:00,214.8,217.8,8.0,1.999875,152.0,gfz:kp_f107
2024-09-10 00:00:00+00:00,205.2,207.9,6.0,1.5415,141.0,gfz:kp_f107
2024-09-11 00:00:00+00:00,207.0,209.6,9.0,1.875125,147.0,gfz:kp_f107
2024-09-12 00:00:00+00:00,201.2,203.7,71.0,5.291874999999999,132.0,gfz:kp_f107
2024-09-13 00:00:00+00:00,185.8,188.1,35.0,4.249875,109.0,gfz:kp_f107
2024-09-14 00:00:00+00:00,172.4,174.4,18.0,3.16675,107.0,gfz:kp_f107
2024-09-15 00:00:00+00:00,172.8,174.6,17.0,3.083375,95.0,gfz:kp_f107
2024-09-16 00:00:00+00:00,169.2,170.9,19.0,3.29175,132.0,gfz:kp_f107
2024-09-17 00:00:00+00:00,165.4,167.0,71.0,5.374750000000001,132.0,gfz:kp_f107
2024-09-18 00:00:00+00:00,163.3,164.8,11.0,2.3335,102.0,gfz:kp_f107
2024-09-19 00:00:00+00:00,161.2,162.6,18.0,3.041625,105.0,gfz:kp_f107
2024-09-20 00:00:00+00:00,153.8,155.0,5.0,1.041625,117.0,gfz:kp_f107
2024-09-21 00:00:00+00:00,158.0,159.2,5.0,1.375,122.0,gfz:kp_f107
2024-09-22 00:00:00+00:00,162.8,164.0,5.0,1.208375,129.0,gfz:kp_f107
2024-09-23 00:00:00+00:00,167.4,168.5,12.0,2.16675,123.0,gfz:kp_f107
2024-09-24 00:00:00+00:00,172.4,173.4,14.0,2.7915,134.0,gfz:kp_f107
2024-09-25 00:00:00+00:00,174.2,175.2,29.0,4.125125000000001,129.0,gfz:kp_f107
2024-09-26 00:00:00+00:00,181.1,182.0,10.0,2.166875,136.0,gfz:kp_f107
2024-09-27 00:00:00+00:00,186.0,186.7,5.0,1.3331250000000001,154.0,gfz:kp_f107
2024-09-28 00:00:00+00:00,194.5,195.2,6.0,1.458375,154.0,gfz:kp_f107
2024-09-29 00:00:00+00:00,197.2,197.8,14.0,2.875,149.0,gfz:kp_f107
2024-09-30 00:00:00+00:00,214.2,214.7,9.0,1.999875,169.0,gfz:kp_f107
2024-10-01 00:00:00+00:00,244.6,245.1,5.0,1.33325,213.0,gfz:kp_f107
2024-10-02 00:00:00+00:00,274.4,274.8,5.0,1.458375,211.0,gfz:kp_f107
2024-10-03 00:00:00+00:00,311.9,312.1,7.0,1.791625,207.0,gfz:kp_f107
2024-10-04 00:00:00+00:00,291.0,291.1,8.0,1.875,210.0,gfz:kp_f107
2024-10-05 00:00:00+00:00,277.3,277.1,5.0,1.41675,182.0,gfz:kp_f107
2024-10-06 00:00:00+00:00,264.5,264.2,13.0,2.33325,170.0,gfz:kp_f107
2024-10-07 00:00:00+00:00,277.0,276.5,54.0,5.083375,163.0,gfz:kp_f107
2024-10-08 00:00:00+00:00,224.7,224.2,54.0,4.833375,140.0,gfz:kp_f107
2024-10-09 00:00:00+00:00,220.3,219.7,18.0,3.166625,142.0,gfz:kp_f107
2024-10-10 00:00:00+00:00,216.3,215.6,97.0,4.625125,141.0,gfz:kp_f107
2024-10-11 00:00:00+00:00,213.9,213.1,116.0,6.0,136.0,gfz:kp_f107
2024-10-12 00:00:00+00:00,213.6,212.6,18.0,3.083375,125.0,gfz:kp_f107
2024-10-13 00:00:00+00:00,194.9,193.9,4.0,0.9166249999999999,137.0,gfz:kp_f107
2024-10-14 00:00:00+00:00,181.9,180.9,6.0,1.3335,136.0,gfz:kp_f107
2024-10-15 00:00:00+00:00,172.0,170.9,11.0,2.5415,109.0,gfz:kp_f107
2024-10-16 00:00:00+00:00,167.7,166.6,13.0,2.7085,119.0,gfz:kp_f107
2024-10-17 00:00:00+00:00,173.5,172.2,7.0,1.75,143.0,gfz:kp_f107
2024-10-18 00:00:00+00:00,165.2,163.9,12.0,2.416625,138.0,gfz:kp_f107
2024-10-19 00:00:00+00:00,162.3,160.9,25.0,3.6667500000000004,132.0,gfz:kp_f107
2024-10-20 00:00:00+00:00,161.7,160.3,6.0,1.29175,134.0,gfz:kp_f107
2024-10-21 00:00:00+00:00,163.9,162.4,5.0,1.20825,162.0,gfz:kp_f107
2024-10-22 00:00:00+00:00,176.1,174.3,8.0,1.958375,117.0,gfz:kp_f107
2024-10-23 00:00:00+00:00,185.7,183.7,8.0,1.9585,120.0,gfz:kp_f107
2024-10-24 00:00:00+00:00,196.6,194.4,11.0,2.25,135.0,gfz:kp_f107
2024-10-25 00:00:00+00:00,209.3,206.8,2.0,0.4165,180.0,gfz:kp_f107
2024-10-26 00:00:00+00:00,238.4,235.5,12.0,2.04175,217.0,gfz:kp_f107
2024-10-27 00:00:00+00:00,246.2,243.0,10.0,2.25025,241.0,gfz:kp_f107
2024-10-28 00:00:00+00:00,255.5,252.1,16.0,2.875,244.0,gfz:kp_f107
2024-10-29 00:00:00+00:00,265.6,261.9,11.0,2.458375,221.0,gfz:kp_f107
2024-10-30 00:00:00+00:00,269.8,265.9,15.0,2.791625,205.0,gfz:kp_f107
2024-10-31 00:00:00+00:00,269.9,265.9,8.0,1.833375,209.0,gfz:kp_f107
2024-11-01 00:00:00+00:00,256.2,252.2,6.0,1.416625,223.0,gfz:kp_f107
2024-11-02 00:00:00+00:00,250.6,246.6,12.0,2.20825,211.0,gfz:kp_f107
2024-11-03 00:00:00+00:00,240.6,236.7,10.0,1.791625,207.0,gfz:kp_f107
2024-11-04 00:00:00+00:00,242.3,238.3,13.0,2.54175,191.0,gfz:kp_f107
2024-11-05 00:00:00+00:00,245.6,241.4,11.0,2.4585,207.0,gfz:kp_f107
2024-11-06 00:00:00+00:00,260.5,255.9,10.0,2.33325,207.0,gfz:kp_f107
2024-11-07 00:00:00+00:00,239.2,234.8,8.0,2.0,210.0,gfz:kp_f107
2024-11-08 00:00:00+00:00,231.0,226.7,10.0,2.20825,189.0,gfz:kp_f107
2024-11-09 00:00:00+00:00,220.9,216.7,31.0,4.208375,164.0,gfz:kp_f107
2024-11-10 00:00:00+00:00,230.6,226.0,25.0,3.5001249999999997,160.0,gfz:kp_f107
2024-11-11 00:00:00+00:00,182.2,178.6,9.0,2.1251249999999997,151.0,gfz:kp_f107
2024-11-12 00:00:00+00:00,171.7,168.1,4.0,1.125,117.0,gfz:kp_f107
2024-11-13 00:00:00+00:00,150.3,147.1,6.0,1.54175,111.0,gfz:kp_f107
2024-11-14 00:00:00+00:00,146.8,143.7,11.0,2.2498750000000003,91.0,gfz:kp_f107
2024-11-15 00:00:00+00:00,148.9,145.6,12.0,2.625,71.0,gfz:kp_f107
2024-11-16 00:00:00+00:00,139.9,136.8,6.0,1.416625,73.0,gfz:kp_f107
2024-11-17 00:00:00+00:00,146.3,142.9,6.0,1.583375,96.0,gfz:kp_f107
2024-11-18 00:00:00+00:00,165.0,161.2,4.0,0.91675,115.0,gfz:kp_f107
2024-11-19 00:00:00+00:00,157.2,153.5,7.0,1.79175,124.0,gfz:kp_f107
2024-11-20 00:00:00+00:00,162.6,158.7,7.0,1.750125,123.0,gfz:kp_f107
2024-11-21 00:00:00+00:00,166.2,162.1,7.0,1.750125,118.0,gfz:kp_f107
2024-11-22 00:00:00+00:00,179.1,174.7,10.0,2.29175,146.0,gfz:kp_f107
2024-11-23 00:00:00+00:00,199.9,194.9,7.0,1.91675,152.0,gfz:kp_f107
2024-11-24 00:00:00+00:00,202.7,197.6,7.0,1.541625,172.0,gfz:kp_f107
2024-11-25 00:00:00+00:00,220.4,214.7,10.0,2.416625,171.0,gfz:kp_f107
2024-11-26 00:00:00+00:00,222.3,216.4,6.0,1.29175,159.0,gfz:kp_f107
2024-11-27 00:00:00+00:00,225.0,219.0,4.0,1.0001250000000002,205.0,gfz:kp_f107
2024-11-28 00:00:00+00:00,213.9,208.1,3.0,0.666625,172.0,gfz:kp_f107
2024-11-29 00:00:00+00:00,219.8,213.8,7.0,1.79175,163.0,gfz:kp_f107
2024-11-30 00:00:00+00:00,204.0,198.3,10.0,1.91675,124.0,gfz:kp_f107
2024-12-01 00:00:00+00:00,186.3,181.1,6.0,1.5,124.0,gfz:kp_f107
2024-12-02 00:00:00+00:00,185.3,180.0,5.0,1.29175,133.0,gfz:kp_f107
2024-12-03 00:00:00+00:00,174.2,169.3,11.0,2.5,122.0,gfz:kp_f107
2024-12-04 00:00:00+00:00,174.7,169.7,6.0,1.625,123.0,gfz:kp_f107
2024-12-05 00:00:00+00:00,174.6,169.5,4.0,1.0835,120.0,gfz:kp_f107
2024-12-06 00:00:00+00:00,177.5,172.3,4.0,1.08325,105.0,gfz:kp_f107
2024-12-07 00:00:00+00:00,182.5,177.1,5.0,1.29175,133.0,gfz:kp_f107
2024-12-08 00:00:00+00:00,177.7,172.4,5.0,1.3748749999999998,140.0,gfz:kp_f107
2024-12-09 00:00:00+00:00,172.5,167.3,16.0,3.08325,115.0,gfz:kp_f107
2024-12-10 00:00:00+00:00,171.9,166.7,6.0,1.70825,135.0,gfz:kp_f107
2024-12-11 00:00:00+00:00,160.5,155.6,5.0,1.333375,108.0,gfz:kp_f107
2024-12-12 00:00:00+00:00,160.9,155.9,4.0,1.125,106.0,gfz:kp_f107
2024-12-13 00:00:00+00:00,163.7,158.6,3.0,0.79175,112.0,gfz:kp_f107
2024-12-14 00:00:00+00:00,170.5,165.1,8.0,1.875,99.0,gfz:kp_f107
2024-12-15 00:00:00+00:00,172.0,166.6,11.0,2.458375,103.0,gfz:kp_f107
2024-12-16 00:00:00+00:00,166.7,161.4,12.0,2.5835,99.0,gfz:kp_f107
2024-12-17 00:00:00+00:00,170.0,164.6,28.0,3.8332499999999996,90.0,gfz:kp_f107
2024-12-18 00:00:00+00:00,173.5,168.0,14.0,2.75,113.0,gfz:kp_f107
2024-12-19 00:00:00+00:00,175.0,169.4,10.0,2.25,128.0,gfz:kp_f107
2024-12-20 00:00:00+00:00,184.0,178.1,13.0,2.541625,149.0,gfz:kp_f107
2024-12-21 00:00:00+00:00,201.2,194.7,14.0,2.916625,164.0,gfz:kp_f107
2024-12-22 00:00:00+00:00,223.3,216.1,12.0,2.6248750000000003,183.0,gfz:kp_f107
2024-12-23 00:00:00+00:00,238.3,230.6,12.0,2.458375,224.0,gfz:kp_f107
2024-12-24 00:00:00+00:00,258.5,250.1,9.0,2.166625,223.0,gfz:kp_f107
2024-12-25 00:00:00+00:00,252.7,244.5,5.0,1.29175,241.0,gfz:kp_f107
2024-12-26 00:00:00+00:00,255.8,247.4,1.0,0.208125,255.0,gfz:kp_f107
2024-12-27 00:00:00+00:00,258.5,250.0,2.0,0.5415000000000001,257.0,gfz:kp_f107
2024-12-28 00:00:00+00:00,260.3,251.8,3.0,0.70825,254.0,gfz:kp_f107
2024-12-29 00:00:00+00:00,254.7,246.3,4.0,1.041625,233.0,gfz:kp_f107
2024-12-30 00:00:00+00:00,223.5,216.1,6.0,1.58325,218.0,gfz:kp_f107
2024-12-31 00:00:00+00:00,217.6,210.4,13.0,2.166625,183.0,gfz:kp_f107
2025-01-01 00:00:00+00:00,219.2,211.9,81.0,5.666625,198.0,gfz:kp_f107
2025-01-02 00:00:00+00:00,212.4,205.4,21.0,3.45825,187.0,gfz:kp_f107
2025-01-03 00:00:00+00:00,199.9,193.3,10.0,2.041625,199.0,gfz:kp_f107
2025-01-04 00:00:00+00:00,209.3,202.4,31.0,3.9998750000000003,211.0,gfz:kp_f107
2025-01-05 00:00:00+00:00,168.6,163.0,18.0,3.1665,194.0,gfz:kp_f107
2025-01-06 00:00:00+00:00,171.9,166.2,14.0,2.833375,169.0,gfz:kp_f107
2025-01-07 00:00:00+00:00,167.7,162.2,10.0,2.45825,133.0,gfz:kp_f107
2025-01-08 00:00:00+00:00,160.2,154.9,7.0,1.583375,120.0,gfz:kp_f107
2025-01-09 00:00:00+00:00,162.2,156.8,9.0,2.0001249999999997,158.0,gfz:kp_f107
2025-01-10 00:00:00+00:00,156.9,151.7,12.0,2.45825,129.0,gfz:kp_f107
2025-01-11 00:00:00+00:00,156.0,150.8,6.0,1.541625,108.0,gfz:kp_f107
2025-01-12 00:00:00+00:00,158.4,153.2,6.0,1.625,112.0,gfz:kp_f107
2025-01-13 00:00:00+00:00,159.7,154.4,10.0,2.2915,90.0,gfz:kp_f107
2025-01-14 00:00:00+00:00,166.4,161.0,10.0,2.458375,78.0,gfz:kp_f107
2025-01-15 00:00:00+00:00,173.5,167.8,16.0,3.0001249999999997,84.0,gfz:kp_f107
2025-01-16 00:00:00+00:00,208.2,201.5,14.0,2.79175,127.0,gfz:kp_f107
2025-01-17 00:00:00+00:00,226.8,219.5,21.0,3.541625,150.0,gfz:kp_f107
2025-01-18 00:00:00+00:00,222.4,215.3,8.0,2.08325,141.0,gfz:kp_f107
2025-01-19 00:00:00+00:00,235.8,228.3,15.0,2.833375,150.0,gfz:kp_f107
2025-01-20 00:00:00+00:00,232.1,224.7,19.0,3.333375,185.0,gfz:kp_f107
2025-01-21 00:00:00+00:00,236.4,229.0,10.0,2.25,166.0,gfz:kp_f107
2025-01-22 00:00:00+00:00,214.2,207.5,9.0,2.125,147.0,gfz:kp_f107
2025-01-23 00:00:00+00:00,215.4,208.7,11.0,2.208375,172.0,gfz:kp_f107
2025-01-24 00:00:00+00:00,204.5,198.2,6.0,1.5831250000000001,138.0,gfz:kp_f107
2025-01-25 00:00:00+00:00,181.7,176.2,2.0,0.416625,120.0,gfz:kp_f107
2025-01-26 00:00:00+00:00,170.5,165.4,2.0,0.2915,108.0,gfz:kp_f107
2025-01-27 00:00:00+00:00,162.5,157.6,5.0,1.375,56.0,gfz:kp_f107
2025-01-28 00:00:00+00:00,171.5,166.3,10.0,2.2501249999999997,78.0,gfz:kp_f107
2025-01-29 00:00:00+00:00,173.7,168.6,6.0,1.541625,84.0,gfz:kp_f107
2025-01-30 00:00:00+00:00,183.7,178.3,5.0,1.125125,108.0,gfz:kp_f107
2025-01-31 00:00:00+00:00,206.5,200.5,6.0,1.6668749999999999,147.0,gfz:kp_f107
2025-02-01 00:00:00+00:00,187.9,182.4,24.0,3.7501249999999997,159.0,gfz:kp_f107
2025-02-02 00:00:00+00:00,215.7,209.5,19.0,3.291625,183.0,gfz:kp_f107
2025-02-03 00:00:00+00:00,220.5,214.2,3.0,0.625,189.0,gfz:kp_f107
2025-02-04 00:00:00+00:00,212.6,206.6,4.0,1.0001250000000002,177.0,gfz:kp_f107
2025-02-05 00:00:00+00:00,191.3,186.0,6.0,1.416875,165.0,gfz:kp_f107
2025-02-06 00:00:00+00:00,187.8,182.6,7.0,1.75,186.0,gfz:kp_f107
2025-02-07 00:00:00+00:00,181.6,176.7,2.0,0.499875,164.0,gfz:kp_f107
2025-02-08 00:00:00+00:00,173.4,168.7,9.0,1.916625,135.0,gfz:kp_f107
2025-02-09 00:00:00+00:00,163.0,158.7,17.0,2.79175,130.0,gfz:kp_f107
2025-02-10 00:00:00+00:00,159.2,155.1,24.0,3.7085,115.0,gfz:kp_f107
2025-02-11 00:00:00+00:00,153.4,149.5,16.0,3.083375,95.0,gfz:kp_f107
2025-02-12 00:00:00+00:00,153.4,149.5,16.0,3.083375,101.0,gfz:kp_f107
2025-02-13 00:00:00+00:00,173.4,169.0,21.0,3.54175,114.0,gfz:kp_f107
2025-02-14 00:00:00+00:00,178.6,174.2,23.0,3.625,161.0,gfz:kp_f107
2025-02-15 00:00:00+00:00,184.0,179.5,28.0,3.958375,170.0,gfz:kp_f107
2025-02-16 00:00:00+00:00,185.0,180.6,20.0,3.375,205.0,gfz:kp_f107
2025-02-17 00:00:00+00:00,185.0,180.6,14.0,2.83325,203.0,gfz:kp_f107
2025-02-18 00:00:00+00:00,178.6,174.5,13.0,2.458375,173.0,gfz:kp_f107
2025-02-19 00:00:00+00:00,177.9,173.9,20.0,3.20825,135.0,gfz:kp_f107
2025-02-20 00:00:00+00:00,184.0,180.0,6.0,1.20825,144.0,gfz:kp_f107
2025-02-21 00:00:00+00:00,197.1,192.8,4.0,1.000125,167.0,gfz:kp_f107
2025-02-22 00:00:00+00:00,199.0,194.8,5.0,1.291625,182.0,gfz:kp_f107
2025-02-23 00:00:00+00:00,239.9,234.9,6.0,1.3335,189.0,gfz:kp_f107
2025-02-24 00:00:00+00:00,202.9,198.8,14.0,2.583375,169.0,gfz:kp_f107
2025-02-25 00:00:00+00:00,190.1,186.3,7.0,1.791625,169.0,gfz:kp_f107
2025-02-26 00:00:00+00:00,180.2,176.7,14.0,2.8748750000000003,126.0,gfz:kp_f107
2025-02-27 00:00:00+00:00,163.9,160.8,30.0,4.08325,135.0,gfz:kp_f107
2025-02-28 00:00:00+00:00,157.2,154.4,31.0,4.16675,119.0,gfz:kp_f107
2025-03-01 00:00:00+00:00,152.2,149.5,18.0,3.16675,116.0,gfz:kp_f107
2025-03-02 00:00:00+00:00,151.2,148.5,5.0,1.2081250000000001,146.0,gfz:kp_f107
2025-03-03 00:00:00+00:00,163.2,160.4,4.0,1.0,123.0,gfz:kp_f107
2025-03-04 00:00:00+00:00,160.5,157.9,10.0,2.041625,153.0,gfz:kp_f107
2025-03-05 00:00:00+00:00,156.5,154.0,10.0,2.333375,143.0,gfz:kp_f107
2025-03-06 00:00:00+00:00,150.0,147.7,6.0,1.5415,129.0,gfz:kp_f107
2025-03-07 00:00:00+00:00,146.5,144.3,10.0,2.1251249999999997,106.0,gfz:kp_f107
2025-03-08 00:00:00+00:00,147.5,145.4,22.0,3.333375,90.0,gfz:kp_f107
2025-03-09 00:00:00+00:00,147.6,145.5,31.0,4.0,101.0,gfz:kp_f107
2025-03-10 00:00:00+00:00,149.4,147.4,8.0,2.1248750000000003,107.0,gfz:kp_f107
2025-03-11 00:00:00+00:00,161.4,159.3,9.0,2.16675,142.0,gfz:kp_f107
2025-03-12 00:00:00+00:00,160.3,158.3,30.0,4.08325,157.0,gfz:kp_f107
2025-03-13 00:00:00+00:00,175.9,173.8,36.0,4.458375,173.0,gfz:kp_f107
2025-03-14 00:00:00+00:00,180.1,178.1,21.0,3.416625,182.0,gfz:kp_f107
2025-03-15 00:00:00+00:00,177.9,176.0,16.0,2.833375,183.0,gfz:kp_f107
2025-03-16 00:00:00+00:00,185.8,183.9,9.0,2.125,206.0,gfz:kp_f107
2025-03-17 00:00:00+00:00,203.5,201.5,14.0,2.833375,205.0,gfz:kp_f107
2025-03-18 00:00:00+00:00,184.0,182.3,11.0,2.541625,196.0,gfz:kp_f107
2025-03-19 00:00:00+00:00,179.5,177.9,20.0,3.375,165.0,gfz:kp_f107
2025-03-20 00:00:00+00:00,170.2,168.8,5.0,1.3335,163.0,gfz:kp_f107
2025-03-21 00:00:00+00:00,165.3,164.1,24.0,3.333375,151.0,gfz:kp_f107
2025-03-22 00:00:00+00:00,177.9,176.7,32.0,4.0417499999999995,173.0,gfz:kp_f107
2025-03-23 00:00:00+00:00,168.1,167.0,9.0,2.083375,126.0,gfz:kp_f107
2025-03-24 00:00:00+00:00,156.0,155.1,18.0,3.2085,78.0,gfz:kp_f107
2025-03-25 00:00:00+00:00,156.1,155.3,14.0,2.875,79.0,gfz:kp_f107
2025-03-26 00:00:00+00:00,152.3,151.6,40.0,4.45825,46.0,gfz:kp_f107
2025-03-27 00:00:00+00:00,152.6,152.0,30.0,4.166875,82.0,gfz:kp_f107
2025-03-28 00:00:00+00:00,160.4,159.8,14.0,2.875,78.0,gfz:kp_f107
2025-03-29 00:00:00+00:00,156.6,156.1,7.0,1.58325,91.0,gfz:kp_f107
2025-03-30 00:00:00+00:00,171.1,170.7,5.0,1.2916250000000002,128.0,gfz:kp_f107
2025-03-31 00:00:00+00:00,171.9,171.6,5.0,1.333375,141.0,gfz:kp_f107
2025-04-01 00:00:00+00:00,181.9,181.7,5.0,1.166625,160.0,gfz:kp_f107
2025-04-02 00:00:00+00:00,179.9,179.8,17.0,3.125,150.0,gfz:kp_f107
2025-04-03 00:00:00+00:00,178.4,178.4,21.0,3.45825,164.0,gfz:kp_f107
2025-04-04 00:00:00+00:00,180.4,180.5,32.0,4.29175,191.0,gfz:kp_f107
2025-04-05 00:00:00+00:00,184.4,184.6,40.0,4.625,187.0,gfz:kp_f107
2025-04-06 00:00:00+00:00,167.0,167.2,21.0,3.45825,180.0,gfz:kp_f107
2025-04-07 00:00:00+00:00,162.3,162.6,13.0,2.583375,162.0,gfz:kp_f107
2025-04-08 00:00:00+00:00,158.6,159.0,22.0,3.5833749999999998,147.0,gfz:kp_f107
2025-04-09 00:00:00+00:00,166.8,167.3,20.0,3.41675,141.0,gfz:kp_f107
2025-04-10 00:00:00+00:00,152.6,153.2,16.0,2.875,139.0,gfz:kp_f107
2025-04-11 00:00:00+00:00,170.1,170.8,15.0,2.916625,131.0,gfz:kp_f107
2025-04-12 00:00:00+00:00,165.3,166.2,16.0,3.0415,122.0,gfz:kp_f107
2025-04-13 00:00:00+00:00,163.7,164.6,13.0,2.708375,106.0,gfz:kp_f107
2025-04-14 00:00:00+00:00,152.7,153.6,18.0,3.125,88.0,gfz:kp_f107
2025-04-15 00:00:00+00:00,153.6,154.6,30.0,3.2498750000000003,75.0,gfz:kp_f107
2025-04-16 00:00:00+00:00,148.4,149.5,75.0,5.33325,92.0,gfz:kp_f107
2025-04-17 00:00:00+00:00,150.7,151.9,9.0,2.0001249999999997,110.0,gfz:kp_f107
2025-04-18 00:00:00+00:00,155.7,157.1,13.0,2.6251249999999997,118.0,gfz:kp_f107
2025-04-19 00:00:00+00:00,157.4,158.8,19.0,3.2498750000000003,117.0,gfz:kp_f107
2025-04-20 00:00:00+00:00,156.3,157.8,13.0,2.291625,134.0,gfz:kp_f107
2025-04-21 00:00:00+00:00,163.0,164.6,34.0,4.2915,142.0,gfz:kp_f107
2025-04-22 00:00:00+00:00,163.4,165.1,13.0,2.7085,185.0,gfz:kp_f107
2025-04-23 00:00:00+00:00,167.7,169.6,6.0,1.500125,166.0,gfz:kp_f107
2025-04-24 00:00:00+00:00,169.6,171.6,13.0,2.625,202.0,gfz:kp_f107
2025-04-25 00:00:00+00:00,164.0,166.0,4.0,1.125125,203.0,gfz:kp_f107
2025-04-26 00:00:00+00:00,155.7,157.7,6.0,1.499875,173.0,gfz:kp_f107
2025-04-27 00:00:00+00:00,155.7,157.8,6.0,1.625,135.0,gfz:kp_f107
2025-04-28 00:00:00+00:00,153.6,155.7,4.0,0.791625,123.0,gfz:kp_f107
2025-04-29 00:00:00+00:00,149.2,151.3,5.0,1.374875,111.0,gfz:kp_f107
2025-04-30 00:00:00+00:00,148.0,150.2,10.0,2.208375,88.0,gfz:kp_f107
2025-05-01 00:00:00+00:00,152.3,154.7,27.0,3.9167500000000004,62.0,gfz:kp_f107
2025-05-02 00:00:00+00:00,152.3,154.7,38.0,4.541625,42.0,gfz:kp_f107
2025-05-03 00:00:00+00:00,152.1,154.6,27.0,3.875,57.0,gfz:kp_f107
2025-05-04 00:00:00+00:00,159.0,161.6,27.0,3.875,75.0,gfz:kp_f107
2025-05-05 00:00:00+00:00,158.6,161.4,30.0,4.124875,93.0,gfz:kp_f107
2025-05-06 00:00:00+00:00,156.0,158.7,13.0,2.791625,88.0,gfz:kp_f107
2025-05-07 00:00:00+00:00,154.2,157.0,7.0,1.833375,75.0,gfz:kp_f107
2025-05-08 00:00:00+00:00,148.5,151.3,10.0,2.25,81.0,gfz:kp_f107
2025-05-09 00:00:00+00:00,136.2,138.9,16.0,2.833375,72.0,gfz:kp_f107
2025-05-10 00:00:00+00:00,134.1,136.8,12.0,2.2498750000000003,70.0,gfz:kp_f107
2025-05-11 00:00:00+00:00,125.8,128.3,15.0,2.75,66.0,gfz:kp_f107
2025-05-12 00:00:00+00:00,115.5,117.9,6.0,1.5,60.0,gfz:kp_f107
2025-05-13 00:00:00+00:00,116.7,119.2,9.0,1.9581250000000001,59.0,gfz:kp_f107
2025-05-14 00:00:00+00:00,121.8,124.4,15.0,2.8751249999999997,46.0,gfz:kp_f107
2025-05-15 00:00:00+00:00,118.8,121.4,13.0,2.666625,40.0,gfz:kp_f107
2025-05-16 00:00:00+00:00,117.3,120.0,10.0,2.3335,59.0,gfz:kp_f107
2025-05-17 00:00:00+00:00,117.2,119.9,39.0,4.374874999999999,52.0,gfz:kp_f107
2025-05-18 00:00:00+00:00,118.2,121.0,21.0,3.4585,56.0,gfz:kp_f107
2025-05-19 00:00:00+00:00,116.8,119.6,9.0,1.999875,65.0,gfz:kp_f107
2025-05-20 00:00:00+00:00,118.7,121.6,12.0,2.66675,75.0,gfz:kp_f107
2025-05-21 00:00:00+00:00,119.4,122.3,12.0,2.5,90.0,gfz:kp_f107
2025-05-22 00:00:00+00:00,120.0,123.0,6.0,1.541625,97.0,gfz:kp_f107
2025-05-23 00:00:00+00:00,121.6,124.7,8.0,1.916625,117.0,gfz:kp_f107
2025-05-24 00:00:00+00:00,129.7,133.0,4.0,0.958375,98.0,gfz:kp_f107
2025-05-25 00:00:00+00:00,133.3,136.8,6.0,1.54175,95.0,gfz:kp_f107
2025-05-26 00:00:00+00:00,132.9,136.4,7.0,1.75,108.0,gfz:kp_f107
2025-05-27 00:00:00+00:00,137.1,140.8,14.0,2.70825,102.0,gfz:kp_f107
2025-05-28 00:00:00+00:00,144.3,148.2,17.0,3.125,107.0,gfz:kp_f107
2025-05-29 00:00:00+00:00,144.8,148.7,62.0,5.45825,98.0,gfz:kp_f107
2025-05-30 00:00:00+00:00,156.9,161.2,29.0,4.0832500000000005,115.0,gfz:kp_f107
2025-05-31 00:00:00+00:00,164.2,168.8,16.0,3.0,114.0,gfz:kp_f107
2025-06-01 00:00:00+00:00,150.3,154.6,98.0,6.04175,124.0,gfz:kp_f107
2025-06-02 00:00:00+00:00,139.9,143.9,69.0,5.583375,106.0,gfz:kp_f107
2025-06-03 00:00:00+00:00,134.8,138.7,60.0,4.958375,93.0,gfz:kp_f107
2025-06-04 00:00:00+00:00,130.6,134.4,27.0,3.5832499999999996,94.0,gfz:kp_f107
2025-06-05 00:00:00+00:00,127.8,131.6,12.0,2.6251249999999997,87.0,gfz:kp_f107
2025-06-06 00:00:00+00:00,124.5,128.2,7.0,1.83325,97.0,gfz:kp_f107
2025-06-07 00:00:00+00:00,120.9,124.5,18.0,3.1248750000000003,86.0,gfz:kp_f107
2025-06-08 00:00:00+00:00,115.0,118.5,14.0,2.75,60.0,gfz:kp_f107
2025-06-09 00:00:00+00:00,120.3,124.0,14.0,2.875,89.0,gfz:kp_f107
2025-06-10 00:00:00+00:00,129.6,133.6,8.0,1.9585,113.0,gfz:kp_f107
2025-06-11 00:00:00+00:00,141.8,146.1,18.0,2.95825,145.0,gfz:kp_f107
2025-06-12 00:00:00+00:00,141.5,145.9,32.0,4.083375,142.0,gfz:kp_f107
2025-06-13 00:00:00+00:00,143.0,147.5,69.0,5.625,152.0,gfz:kp_f107
2025-06-14 00:00:00+00:00,150.8,155.6,22.0,3.3751249999999997,154.0,gfz:kp_f107
2025-06-15 00:00:00+00:00,160.5,165.6,8.0,2.125,151.0,gfz:kp_f107
2025-06-16 00:00:00+00:00,147.9,152.6,9.0,2.2085,127.0,gfz:kp_f107
2025-06-17 00:00:00+00:00,139.2,143.7,8.0,1.999875,117.0,gfz:kp_f107
2025-06-18 00:00:00+00:00,137.0,141.4,12.0,2.70825,133.0,gfz:kp_f107
2025-06-19 00:00:00+00:00,136.2,140.7,10.0,2.08325,131.0,gfz:kp_f107
2025-06-20 00:00:00+00:00,129.7,133.9,9.0,2.08325,113.0,gfz:kp_f107
2025-06-21 00:00:00+00:00,120.3,124.2,10.0,2.166625,95.0,gfz:kp_f107
2025-06-22 00:00:00+00:00,124.8,128.9,9.0,2.2915,99.0,gfz:kp_f107
2025-06-23 00:00:00+00:00,121.8,125.8,6.0,1.4585,94.0,gfz:kp_f107
2025-06-24 00:00:00+00:00,119.9,123.8,7.0,1.833375,85.0,gfz:kp_f107
2025-06-25 00:00:00+00:00,116.9,120.7,14.0,2.3748750000000003,95.0,gfz:kp_f107
2025-06-26 00:00:00+00:00,117.3,121.2,29.0,4.0415,104.0,gfz:kp_f107
2025-06-27 00:00:00+00:00,118.3,122.2,20.0,3.25,116.0,gfz:kp_f107
2025-06-28 00:00:00+00:00,121.8,125.9,8.0,2.08325,136.0,gfz:kp_f107
2025-06-29 00:00:00+00:00,128.3,132.6,7.0,1.833375,151.0,gfz:kp_f107
2025-06-30 00:00:00+00:00,128.2,132.5,11.0,2.458375,150.0,gfz:kp_f107
2025-07-01 00:00:00+00:00,125.8,130.0,6.0,1.291625,147.0,gfz:kp_f107
2025-07-02 00:00:00+00:00,129.8,134.1,6.0,1.624875,137.0,gfz:kp_f107
2025-07-03 00:00:00+00:00,125.1,129.3,15.0,2.916625,116.0,gfz:kp_f107
2025-07-04 00:00:00+00:00,119.1,123.1,10.0,2.04175,100.0,gfz:kp_f107
2025-07-05 00:00:00+00:00,116.8,120.7,17.0,3.125,76.0,gfz:kp_f107
2025-07-06 00:00:00+00:00,118.2,122.2,23.0,3.458375,87.0,gfz:kp_f107
2025-07-07 00:00:00+00:00,118.2,122.2,20.0,3.3335,93.0,gfz:kp_f107
2025-07-08 00:00:00+00:00,115.9,119.7,11.0,2.54175,84.0,gfz:kp_f107
2025-07-09 00:00:00+00:00,120.2,124.3,7.0,1.70825,81.0,gfz:kp_f107
2025-07-10 00:00:00+00:00,129.5,133.8,3.0,0.625125,75.0,gfz:kp_f107
2025-07-11 00:00:00+00:00,132.4,136.8,17.0,3.083375,93.0,gfz:kp_f107
2025-07-12 00:00:00+00:00,138.7,143.3,12.0,2.625,113.0,gfz:kp_f107
2025-07-13 00:00:00+00:00,128.2,132.4,21.0,3.541625,126.0,gfz:kp_f107
2025-07-14 00:00:00+00:00,128.2,132.4,14.0,2.6665,135.0,gfz:kp_f107
2025-07-15 00:00:00+00:00,139.6,144.2,20.0,3.125,173.0,gfz:kp_f107
2025-07-16 00:00:00+00:00,152.1,157.1,16.0,2.91675,191.0,gfz:kp_f107
2025-07-17 00:00:00+00:00,156.1,161.3,19.0,3.29175,183.0,gfz:kp_f107
2025-07-18 00:00:00+00:00,155.7,160.8,11.0,2.208375,165.0,gfz:kp_f107
2025-07-19 00:00:00+00:00,152.6,157.5,6.0,1.625,153.0,gfz:kp_f107
2025-07-20 00:00:00+00:00,150.3,155.1,5.0,1.208375,145.0,gfz:kp_f107
2025-07-21 00:00:00+00:00,142.9,147.5,3.0,0.708125,137.0,gfz:kp_f107
2025-07-22 00:00:00+00:00,145.0,149.6,13.0,2.29175,107.0,gfz:kp_f107
2025-07-23 00:00:00+00:00,150.1,154.9,27.0,3.9168749999999997,110.0,gfz:kp_f107
2025-07-24 00:00:00+00:00,156.2,161.1,15.0,2.9585,114.0,gfz:kp_f107
2025-07-25 00:00:00+00:00,148.0,152.7,8.0,2.083375,148.0,gfz:kp_f107
2025-07-26 00:00:00+00:00,143.2,147.7,10.0,2.25,144.0,gfz:kp_f107
2025-07-27 00:00:00+00:00,145.0,149.5,4.0,0.833375,129.0,gfz:kp_f107
2025-07-28 00:00:00+00:00,144.6,149.1,5.0,1.374875,131.0,gfz:kp_f107
2025-07-29 00:00:00+00:00,151.5,156.1,6.0,1.625125,123.0,gfz:kp_f107
2025-07-30 00:00:00+00:00,149.0,153.6,7.0,1.791625,141.0,gfz:kp_f107
2025-07-31 00:00:00+00:00,144.8,149.2,8.0,2.166625,146.0,gfz:kp_f107
2025-08-01 00:00:00+00:00,145.6,150.0,11.0,2.4998750000000003,133.0,gfz:kp_f107
2025-08-02 00:00:00+00:00,146.3,150.6,8.0,2.041625,129.0,gfz:kp_f107
2025-08-03 00:00:00+00:00,146.3,150.6,9.0,1.9168749999999999,129.0,gfz:kp_f107
2025-08-04 00:00:00+00:00,142.7,146.8,7.0,1.8331250000000001,107.0,gfz:kp_f107
2025-08-05 00:00:00+00:00,156.6,161.1,9.0,2.125,116.0,gfz:kp_f107
2025-08-06 00:00:00+00:00,158.2,162.7,6.0,1.5,140.0,gfz:kp_f107
2025-08-07 00:00:00+00:00,151.6,155.9,3.0,0.70825,154.0,gfz:kp_f107
2025-08-08 00:00:00+00:00,147.7,151.8,20.0,2.83325,181.0,gfz:kp_f107
2025-08-09 00:00:00+00:00,139.7,143.5,43.0,4.708375,155.0,gfz:kp_f107
2025-08-10 00:00:00+00:00,153.3,157.5,21.0,3.4998750000000003,167.0,gfz:kp_f107
2025-08-11 00:00:00+00:00,145.7,149.6,17.0,3.083125,166.0,gfz:kp_f107
2025-08-12 00:00:00+00:00,152.5,156.6,13.0,2.75,162.0,gfz:kp_f107
2025-08-13 00:00:00+00:00,140.0,143.7,12.0,2.708375,167.0,gfz:kp_f107
2025-08-14 00:00:00+00:00,130.4,133.8,10.0,2.20825,165.0,gfz:kp_f107
2025-08-15 00:00:00+00:00,122.8,125.9,6.0,1.6665,138.0,gfz:kp_f107
2025-08-16 00:00:00+00:00,122.1,125.2,4.0,1.125,120.0,gfz:kp_f107
2025-08-17 00:00:00+00:00,117.4,120.3,4.0,0.958375,74.0,gfz:kp_f107
2025-08-18 00:00:00+00:00,113.8,116.6,6.0,1.45825,64.0,gfz:kp_f107
2025-08-19 00:00:00+00:00,116.0,118.8,19.0,3.208375,36.0,gfz:kp_f107
2025-08-20 00:00:00+00:00,119.7,122.5,12.0,2.58325,60.0,gfz:kp_f107
2025-08-21 00:00:00+00:00,121.0,123.8,6.0,1.66675,67.0,gfz:kp_f107
2025-08-22 00:00:00+00:00,135.7,138.8,7.0,1.7918749999999999,56.0,gfz:kp_f107
2025-08-23 00:00:00+00:00,142.5,145.6,5.0,1.29175,72.0,gfz:kp_f107
2025-08-24 00:00:00+00:00,151.5,154.8,5.0,1.2501250000000002,100.0,gfz:kp_f107
2025-08-25 00:00:00+00:00,174.9,178.6,7.0,1.625125,137.0,gfz:kp_f107
2025-08-26 00:00:00+00:00,202.3,206.5,7.0,1.708375,183.0,gfz:kp_f107
2025-08-27 00:00:00+00:00,225.7,230.3,6.0,1.66675,198.0,gfz:kp_f107
2025-08-28 00:00:00+00:00,231.6,236.2,6.0,1.66675,204.0,gfz:kp_f107
2025-08-29 00:00:00+00:00,221.7,226.0,6.0,1.54175,197.0,gfz:kp_f107
2025-08-30 00:00:00+00:00,316.5,322.5,6.0,1.708375,181.0,gfz:kp_f107
2025-08-31 00:00:00+00:00,217.0,221.1,6.0,1.708375,187.0,gfz:kp_f107
2025-09-01 00:00:00+00:00,201.9,205.5,14.0,2.0,176.0,gfz:kp_f107
2025-09-02 00:00:00+00:00,187.4,190.7,31.0,4.1665,162.0,gfz:kp_f107
2025-09-03 00:00:00+00:00,179.6,182.7,11.0,2.208125,146.0,gfz:kp_f107
2025-09-04 00:00:00+00:00,172.0,174.9,8.0,2.041625,157.0,gfz:kp_f107
2025-09-05 00:00:00+00:00,149.0,151.4,6.0,1.5,138.0,gfz:kp_f107
2025-09-06 00:00:00+00:00,146.4,148.7,24.0,3.625,111.0,gfz:kp_f107
2025-09-07 00:00:00+00:00,132.5,134.5,2.0,0.58325,92.0,gfz:kp_f107
2025-09-08 00:00:00+00:00,124.6,126.4,13.0,2.666625,113.0,gfz:kp_f107
2025-09-09 00:00:00+00:00,121.7,123.4,17.0,2.875,101.0,gfz:kp_f107
2025-09-10 00:00:00+00:00,119.0,120.6,11.0,2.125,86.0,gfz:kp_f107
2025-09-11 00:00:00+00:00,115.2,116.7,8.0,1.874875,83.0,gfz:kp_f107
2025-09-12 00:00:00+00:00,114.1,115.5,6.0,1.6251250000000002,65.0,gfz:kp_f107
2025-09-13 00:00:00+00:00,117.6,119.0,5.0,1.29175,53.0,gfz:kp_f107
2025-09-14 00:00:00+00:00,122.1,123.5,11.0,2.208625,69.0,gfz:kp_f107
2025-09-15 00:00:00+00:00,129.9,131.3,48.0,4.791875,79.0,gfz:kp_f107
2025-09-16 00:00:00+00:00,134.7,136.2,17.0,3.16675,117.0,gfz:kp_f107
2025-09-17 00:00:00+00:00,147.2,148.6,10.0,2.291625,126.0,gfz:kp_f107
2025-09-18 00:00:00+00:00,150.4,151.8,6.0,1.625125,127.0,gfz:kp_f107
2025-09-19 00:00:00+00:00,159.9,161.3,2.0,0.29150000000000004,138.0,gfz:kp_f107
2025-09-20 00:00:00+00:00,166.4,167.8,4.0,0.958375,153.0,gfz:kp_f107
2025-09-21 00:00:00+00:00,176.0,177.3,4.0,1.16675,164.0,gfz:kp_f107
2025-09-22 00:00:00+00:00,172.4,173.7,13.0,2.7915,161.0,gfz:kp_f107
2025-09-23 00:00:00+00:00,171.3,172.5,14.0,2.8751249999999997,186.0,gfz:kp_f107
2025-09-24 00:00:00+00:00,184.7,185.8,6.0,1.70825,144.0,gfz:kp_f107
2025-09-25 00:00:00+00:00,170.4,171.4,6.0,1.583375,152.0,gfz:kp_f107
2025-09-26 00:00:00+00:00,165.1,165.9,5.0,1.41675,142.0,gfz:kp_f107
2025-09-27 00:00:00+00:00,163.5,164.2,5.0,1.16675,138.0,gfz:kp_f107
2025-09-28 00:00:00+00:00,170.5,171.2,9.0,2.12525,155.0,gfz:kp_f107
2025-09-29 00:00:00+00:00,186.4,187.0,28.0,3.7498750000000003,178.0,gfz:kp_f107
2025-09-30 00:00:00+00:00,187.1,187.6,74.0,5.75,179.0,gfz:kp_f107
2025-10-01 00:00:00+00:00,184.0,184.4,47.0,4.875,167.0,gfz:kp_f107
2025-10-02 00:00:00+00:00,167.8,168.1,45.0,4.625,169.0,gfz:kp_f107
2025-10-03 00:00:00+00:00,169.6,169.8,28.0,3.91675,175.0,gfz:kp_f107
2025-10-04 00:00:00+00:00,157.6,157.7,19.0,3.333375,153.0,gfz:kp_f107
2025-10-05 00:00:00+00:00,147.7,147.7,8.0,1.7915,147.0,gfz:kp_f107
2025-10-06 00:00:00+00:00,133.1,133.0,4.0,1.04175,147.0,gfz:kp_f107
2025-10-07 00:00:00+00:00,130.5,130.3,13.0,2.666625,123.0,gfz:kp_f107
2025-10-08 00:00:00+00:00,119.6,119.4,9.0,2.08325,78.0,gfz:kp_f107
2025-10-09 00:00:00+00:00,121.6,121.3,4.0,1.041625,61.0,gfz:kp_f107
2025-10-10 00:00:00+00:00,120.7,120.3,8.0,1.916625,79.0,gfz:kp_f107
2025-10-11 00:00:00+00:00,131.2,130.7,16.0,2.958375,105.0,gfz:kp_f107
2025-10-12 00:00:00+00:00,142.5,141.9,32.0,4.25,129.0,gfz:kp_f107
2025-10-13 00:00:00+00:00,141.4,140.7,21.0,3.458375,128.0,gfz:kp_f107
2025-10-14 00:00:00+00:00,154.4,153.6,7.0,1.874875,125.0,gfz:kp_f107
2025-10-15 00:00:00+00:00,162.1,161.1,10.0,2.16675,123.0,gfz:kp_f107
2025-10-16 00:00:00+00:00,160.6,159.6,4.0,0.833125,132.0,gfz:kp_f107
2025-10-17 00:00:00+00:00,164.3,163.2,10.0,2.208375,120.0,gfz:kp_f107
2025-10-18 00:00:00+00:00,157.1,155.9,38.0,4.416625,114.0,gfz:kp_f107
2025-10-19 00:00:00+00:00,148.5,147.3,18.0,3.08325,107.0,gfz:kp_f107
2025-10-20 00:00:00+00:00,140.4,139.1,7.0,1.833375,112.0,gfz:kp_f107
2025-10-21 00:00:00+00:00,132.9,131.7,8.0,1.875,124.0,gfz:kp_f107
2025-10-22 00:00:00+00:00,132.9,131.6,4.0,0.875,110.0,gfz:kp_f107
2025-10-23 00:00:00+00:00,129.9,128.6,5.0,1.33325,100.0,gfz:kp_f107
2025-10-24 00:00:00+00:00,133.6,132.2,9.0,2.2498750000000003,101.0,gfz:kp_f107
2025-10-25 00:00:00+00:00,127.0,125.6,8.0,1.791625,102.0,gfz:kp_f107
2025-10-26 00:00:00+00:00,123.4,121.9,3.0,0.66675,103.0,gfz:kp_f107
2025-10-27 00:00:00+00:00,121.4,119.9,5.0,1.2502499999999999,99.0,gfz:kp_f107
2025-10-28 00:00:00+00:00,122.3,120.7,18.0,3.2498750000000003,113.0,gfz:kp_f107
2025-10-29 00:00:00+00:00,118.4,116.8,19.0,3.291625,100.0,gfz:kp_f107
2025-10-30 00:00:00+00:00,120.3,118.6,37.0,4.45825,70.0,gfz:kp_f107
2025-10-31 00:00:00+00:00,125.3,123.4,23.0,3.583375,44.0,gfz:kp_f107
2025-11-01 00:00:00+00:00,115.3,113.6,13.0,2.75,21.0,gfz:kp_f107
2025-11-02 00:00:00+00:00,123.0,121.1,16.0,2.9998750000000003,42.0,gfz:kp_f107
2025-11-03 00:00:00+00:00,133.0,130.8,20.0,3.416625,74.0,gfz:kp_f107
2025-11-04 00:00:00+00:00,159.2,156.6,9.0,2.16675,84.0,gfz:kp_f107
2025-11-05 00:00:00+00:00,147.5,144.9,23.0,3.333375,79.0,gfz:kp_f107
2025-11-06 00:00:00+00:00,163.7,160.8,43.0,4.3335,109.0,gfz:kp_f107
2025-11-07 00:00:00+00:00,165.8,162.7,31.0,3.9998750000000003,130.0,gfz:kp_f107
2025-11-08 00:00:00+00:00,171.9,168.7,33.0,3.874875,142.0,gfz:kp_f107
2025-11-09 00:00:00+00:00,175.6,172.3,7.0,1.666625,154.0,gfz:kp_f107
2025-11-10 00:00:00+00:00,180.3,176.8,14.0,2.666625,151.0,gfz:kp_f107
2025-11-11 00:00:00+00:00,168.0,164.7,6.0,1.45825,149.0,gfz:kp_f107
2025-11-12 00:00:00+00:00,163.3,160.0,137.0,6.4167499999999995,137.0,gfz:kp_f107
2025-11-13 00:00:00+00:00,155.9,152.7,57.0,4.4585,127.0,gfz:kp_f107
2025-11-14 00:00:00+00:00,145.3,142.2,3.0,0.708375,103.0,gfz:kp_f107
2025-11-15 00:00:00+00:00,132.3,129.4,8.0,1.958375,100.0,gfz:kp_f107
2025-11-16 00:00:00+00:00,132.3,129.3,17.0,3.16675,67.0,gfz:kp_f107
2025-11-17 00:00:00+00:00,122.3,119.5,10.0,2.1251249999999997,57.0,gfz:kp_f107
2025-11-18 00:00:00+00:00,120.1,117.4,4.0,0.916625,62.0,gfz:kp_f107
2025-11-19 00:00:00+00:00,122.5,119.6,2.0,0.4165,54.0,gfz:kp_f107
2025-11-20 00:00:00+00:00,121.4,118.5,6.0,1.5,59.0,gfz:kp_f107
2025-11-21 00:00:00+00:00,121.2,118.3,7.0,1.79175,66.0,gfz:kp_f107
2025-11-22 00:00:00+00:00,119.3,116.4,5.0,1.208375,61.0,gfz:kp_f107
2025-11-23 00:00:00+00:00,119.6,116.7,11.0,2.5001249999999997,81.0,gfz:kp_f107
2025-11-24 00:00:00+00:00,116.2,113.2,20.0,3.45825,102.0,gfz:kp_f107
2025-11-25 00:00:00+00:00,116.9,113.9,29.0,4.04175,99.0,gfz:kp_f107
2025-11-26 00:00:00+00:00,120.8,117.7,23.0,3.6248750000000003,82.0,gfz:kp_f107
2025-11-27 00:00:00+00:00,120.9,117.7,25.0,3.8332499999999996,91.0,gfz:kp_f107
2025-11-28 00:00:00+00:00,138.2,134.5,20.0,3.41675,83.0,gfz:kp_f107
2025-11-29 00:00:00+00:00,170.7,166.0,19.0,3.33325,83.0,gfz:kp_f107
2025-11-30 00:00:00+00:00,180.4,175.4,14.0,2.791625,103.0,gfz:kp_f107
2025-12-01 00:00:00+00:00,196.7,191.2,9.0,2.0001249999999997,156.0,gfz:kp_f107
2025-12-02 00:00:00+00:00,200.9,195.2,7.0,1.8335,180.0,gfz:kp_f107
2025-12-03 00:00:00+00:00,209.5,203.6,31.0,3.458375,185.0,gfz:kp_f107
2025-12-04 00:00:00+00:00,219.9,213.6,32.0,4.208375,184.0,gfz:kp_f107
2025-12-05 00:00:00+00:00,206.1,200.2,14.0,2.8748750000000003,175.0,gfz:kp_f107
2025-12-06 00:00:00+00:00,199.9,194.0,14.0,2.833375,167.0,gfz:kp_f107
2025-12-07 00:00:00+00:00,194.4,188.6,7.0,1.5415,161.0,gfz:kp_f107
2025-12-08 00:00:00+00:00,186.2,180.7,1.0,0.20825,166.0,gfz:kp_f107
2025-12-09 00:00:00+00:00,183.7,178.1,4.0,0.8750000000000001,155.0,gfz:kp_f107
2025-12-10 00:00:00+00:00,168.5,163.4,19.0,2.7915,132.0,gfz:kp_f107
2025-12-11 00:00:00+00:00,146.9,142.4,27.0,3.54175,120.0,gfz:kp_f107
2025-12-12 00:00:00+00:00,134.5,130.4,27.0,3.875,98.0,gfz:kp_f107
2025-12-13 00:00:00+00:00,122.1,118.3,14.0,2.708125,87.0,gfz:kp_f107
2025-12-14 00:00:00+00:00,118.8,115.1,6.0,1.41675,72.0,gfz:kp_f107
2025-12-15 00:00:00+00:00,118.3,114.6,5.0,1.1665,77.0,gfz:kp_f107
2025-12-16 00:00:00+00:00,116.7,113.0,10.0,2.416625,77.0,gfz:kp_f107
2025-12-17 00:00:00+00:00,118.5,114.7,17.0,3.04175,82.0,gfz:kp_f107
2025-12-18 00:00:00+00:00,115.9,112.2,17.0,3.083375,71.0,gfz:kp_f107
2025-12-19 00:00:00+00:00,118.2,114.4,6.0,1.583375,50.0,gfz:kp_f107
2025-12-20 00:00:00+00:00,119.5,115.7,6.0,1.500125,58.0,gfz:kp_f107
2025-12-21 00:00:00+00:00,123.9,120.0,25.0,3.7501249999999997,69.0,gfz:kp_f107
2025-12-22 00:00:00+00:00,133.3,129.0,23.0,3.666625,82.0,gfz:kp_f107
2025-12-23 00:00:00+00:00,141.6,137.0,20.0,3.4998750000000003,114.0,gfz:kp_f107
2025-12-24 00:00:00+00:00,134.2,129.8,20.0,3.375,131.0,gfz:kp_f107
2025-12-25 00:00:00+00:00,162.5,157.2,10.0,2.33325,127.0,gfz:kp_f107
2025-12-26 00:00:00+00:00,166.4,160.9,8.0,1.874875,127.0,gfz:kp_f107
2025-12-27 00:00:00+00:00,177.7,171.8,6.0,1.625125,147.0,gfz:kp_f107
2025-12-28 00:00:00+00:00,187.7,181.6,7.0,1.79175,161.0,gfz:kp_f107
2025-12-29 00:00:00+00:00,195.8,189.4,8.0,1.95825,147.0,gfz:kp_f107
2025-12-30 00:00:00+00:00,182.1,176.1,8.0,1.833375,146.0,gfz:kp_f107
2025-12-31 00:00:00+00:00,170.5,164.8,7.0,1.70825,145.0,gfz:kp_f107
2026-01-01 00:00:00+00:00,169.2,163.6,11.0,2.541625,123.0,gfz:kp_f107
2026-01-02 00:00:00+00:00,166.0,160.5,23.0,3.5833749999999998,117.0,gfz:kp_f107
2026-01-03 00:00:00+00:00,165.2,159.8,10.0,2.291625,117.0,gfz:kp_f107
2026-01-04 00:00:00+00:00,157.4,152.2,4.0,0.833375,118.0,gfz:kp_f107
2026-01-05 00:00:00+00:00,154.3,149.2,14.0,2.375,106.0,gfz:kp_f107
2026-01-06 00:00:00+00:00,144.5,139.7,4.0,0.958375,111.0,gfz:kp_f107
2026-01-07 00:00:00+00:00,135.0,130.6,4.0,0.875,118.0,gfz:kp_f107
2026-01-08 00:00:00+00:00,140.2,135.5,13.0,2.5,82.0,gfz:kp_f107
2026-01-09 00:00:00+00:00,116.8,113.0,11.0,2.41675,65.0,gfz:kp_f107
2026-01-10 00:00:00+00:00,114.2,110.4,31.0,3.833375,65.0,gfz:kp_f107
2026-01-11 00:00:00+00:00,110.6,107.0,28.0,3.8332499999999996,64.0,gfz:kp_f107
2026-01-12 00:00:00+00:00,112.9,109.2,17.0,3.04175,57.0,gfz:kp_f107
2026-01-13 00:00:00+00:00,116.6,112.8,8.0,1.916625,48.0,gfz:kp_f107
2026-01-14 00:00:00+00:00,126.5,122.4,6.0,1.5835,64.0,gfz:kp_f107
2026-01-15 00:00:00+00:00,139.3,134.8,10.0,2.375,95.0,gfz:kp_f107
2026-01-16 00:00:00+00:00,147.5,142.8,25.0,3.75,136.0,gfz:kp_f107
2026-01-17 00:00:00+00:00,159.2,154.1,24.0,3.708375,134.0,gfz:kp_f107
2026-01-18 00:00:00+00:00,231.8,224.4,14.0,2.8751249999999997,139.0,gfz:kp_f107
2026-01-19 00:00:00+00:00,173.4,167.9,73.0,3.3332499999999996,164.0,gfz:kp_f107
2026-01-20 00:00:00+00:00,177.6,172.0,144.0,7.125,168.0,gfz:kp_f107
2026-01-21 00:00:00+00:00,188.0,182.1,72.0,5.20825,164.0,gfz:kp_f107
2026-01-22 00:00:00+00:00,194.4,188.4,17.0,2.83325,189.0,gfz:kp_f107
2026-01-23 00:00:00+00:00,179.5,173.9,27.0,3.9998750000000003,170.0,gfz:kp_f107
2026-01-24 00:00:00+00:00,173.5,168.1,16.0,2.95825,158.0,gfz:kp_f107
2026-01-25 00:00:00+00:00,164.5,159.4,14.0,2.8748750000000003,153.0,gfz:kp_f107
2026-01-26 00:00:00+00:00,152.7,148.0,10.0,2.291625,138.0,gfz:kp_f107
2026-01-27 00:00:00+00:00,143.7,139.4,9.0,2.04175,97.0,gfz:kp_f107
2026-01-28 00:00:00+00:00,133.1,129.1,23.0,3.6248750000000003,117.0,gfz:kp_f107
2026-01-29 00:00:00+00:00,128.7,124.9,21.0,3.5,96.0,gfz:kp_f107
2026-01-30 00:00:00+00:00,127.5,123.8,9.0,2.0,83.0,gfz:kp_f107
2026-01-31 00:00:00+00:00,140.5,136.4,4.0,0.9998750000000001,109.0,gfz:kp_f107
2026-02-01 00:00:00+00:00,161.5,156.8,3.0,0.83325,103.0,gfz:kp_f107
2026-02-02 00:00:00+00:00,173.8,168.8,5.0,1.374875,131.0,gfz:kp_f107
2026-02-03 00:00:00+00:00,177.6,172.5,4.0,1.125125,165.0,gfz:kp_f107
2026-02-04 00:00:00+00:00,167.2,162.5,8.0,1.666625,148.0,gfz:kp_f107
2026-02-05 00:00:00+00:00,175.9,171.0,21.0,3.0415,138.0,gfz:kp_f107
2026-02-06 00:00:00+00:00,163.7,159.2,15.0,2.625,139.0,gfz:kp_f107
2026-02-07 00:00:00+00:00,169.4,164.8,15.0,2.916875,141.0,gfz:kp_f107
2026-02-08 00:00:00+00:00,167.4,162.9,6.0,1.625,141.0,gfz:kp_f107
2026-02-09 00:00:00+00:00,144.2,140.4,6.0,1.7081250000000001,117.0,gfz:kp_f107
2026-02-10 00:00:00+00:00,142.1,138.4,10.0,1.91675,112.0,gfz:kp_f107
2026-02-11 00:00:00+00:00,128.9,125.6,16.0,3.083375,92.0,gfz:kp_f107
2026-02-12 00:00:00+00:00,129.0,125.7,7.0,1.874875,80.0,gfz:kp_f107
2026-02-13 00:00:00+00:00,117.3,114.4,13.0,2.583375,65.0,gfz:kp_f107
2026-02-14 00:00:00+00:00,116.9,114.0,10.0,1.791625,77.0,gfz:kp_f107
2026-02-15 00:00:00+00:00,117.5,114.7,26.0,3.666625,72.0,gfz:kp_f107
2026-02-16 00:00:00+00:00,117.9,115.1,26.0,3.666625,75.0,gfz:kp_f107
2026-02-17 00:00:00+00:00,121.5,118.7,9.0,2.33325,66.0,gfz:kp_f107
2026-02-18 00:00:00+00:00,118.7,116.0,9.0,2.2915,43.0,gfz:kp_f107
2026-02-19 00:00:00+00:00,116.4,113.8,10.0,2.125,43.0,gfz:kp_f107
2026-02-20 00:00:00+00:00,111.1,108.7,11.0,2.3751249999999997,33.0,gfz:kp_f107
2026-02-21 00:00:00+00:00,109.9,107.5,14.0,2.66675,15.0,gfz:kp_f107
2026-02-22 00:00:00+00:00,110.1,107.8,34.0,4.333375,4.0,gfz:kp_f107
2026-02-23 00:00:00+00:00,107.9,105.7,21.0,3.416625,8.0,gfz:kp_f107
2026-02-24 00:00:00+00:00,119.6,117.2,14.0,2.91675,5.0,gfz:kp_f107
2026-02-25 00:00:00+00:00,124.7,122.2,13.0,2.708375,15.0,gfz:kp_f107
2026-02-26 00:00:00+00:00,129.8,127.3,16.0,3.0001249999999997,34.0,gfz:kp_f107
2026-02-27 00:00:00+00:00,138.5,135.9,9.0,2.16675,47.0,gfz:kp_f107
2026-02-28 00:00:00+00:00,140.7,138.1,7.0,1.874875,59.0,gfz:kp_f107
2026-03-01 00:00:00+00:00,147.0,144.4,7.0,1.833375,76.0,gfz:kp_f107
2026-03-02 00:00:00+00:00,147.6,145.0,4.0,1.041625,76.0,gfz:kp_f107
2026-03-03 00:00:00+00:00,143.5,141.1,14.0,2.4998750000000003,79.0,gfz:kp_f107
2026-03-04 00:00:00+00:00,141.2,138.8,7.0,1.75,66.0,gfz:kp_f107
2026-03-05 00:00:00+00:00,146.2,143.8,3.0,0.6665000000000001,85.0,gfz:kp_f107
2026-03-06 00:00:00+00:00,142.8,140.6,7.0,1.625,83.0,gfz:kp_f107
2026-03-07 00:00:00+00:00,135.4,133.3,17.0,3.083375,81.0,gfz:kp_f107
2026-03-08 00:00:00+00:00,134.5,132.6,21.0,3.458375,75.0,gfz:kp_f107
2026-03-09 00:00:00+00:00,128.4,126.5,6.0,1.625,77.0,gfz:kp_f107
2026-03-10 00:00:00+00:00,126.9,125.1,13.0,2.66675,80.0,gfz:kp_f107
2026-03-11 00:00:00+00:00,122.8,121.2,10.0,2.08325,108.0,gfz:kp_f107
2026-03-12 00:00:00+00:00,120.8,119.3,7.0,1.7915,96.0,gfz:kp_f107
2026-03-13 00:00:00+00:00,120.3,118.9,22.0,3.2501249999999997,79.0,gfz:kp_f107
2026-03-14 00:00:00+00:00,111.6,110.3,42.0,4.500125,57.0,gfz:kp_f107
2026-03-15 00:00:00+00:00,108.9,107.8,17.0,3.083375,64.0,gfz:kp_f107
2026-03-16 00:00:00+00:00,111.2,110.0,8.0,1.91675,69.0,gfz:kp_f107
2026-03-17 00:00:00+00:00,111.1,110.1,4.0,0.8334999999999999,63.0,gfz:kp_f107
2026-03-18 00:00:00+00:00,112.9,111.8,4.0,0.9167500000000001,61.0,gfz:kp_f107
2026-03-19 00:00:00+00:00,106.0,105.1,2.0,0.33325000000000005,34.0,gfz:kp_f107
2026-03-20 00:00:00+00:00,102.1,101.2,30.0,3.6248750000000003,29.0,gfz:kp_f107
2026-03-21 00:00:00+00:00,107.2,106.4,43.0,4.29175,41.0,gfz:kp_f107
2026-03-22 00:00:00+00:00,120.1,119.3,78.0,5.7085,99.0,gfz:kp_f107
2026-03-23 00:00:00+00:00,124.3,123.5,31.0,4.125,112.0,gfz:kp_f107
2026-03-24 00:00:00+00:00,128.3,127.5,15.0,3.0,110.0,gfz:kp_f107
2026-03-25 00:00:00+00:00,140.1,139.4,15.0,2.5,107.0,gfz:kp_f107
2026-03-26 00:00:00+00:00,152.2,151.5,8.0,2.125,113.0,gfz:kp_f107
2026-03-27 00:00:00+00:00,156.4,155.7,6.0,1.58325,135.0,gfz:kp_f107
2026-03-28 00:00:00+00:00,161.8,161.2,9.0,2.1248750000000003,128.0,gfz:kp_f107
2026-03-29 00:00:00+00:00,157.9,157.4,14.0,2.66675,134.0,gfz:kp_f107
2026-03-30 00:00:00+00:00,151.8,151.4,10.0,2.333375,132.0,gfz:kp_f107
2026-03-31 00:00:00+00:00,140.8,140.5,6.0,1.625125,137.0,gfz:kp_f107
2026-04-01 00:00:00+00:00,141.9,141.7,8.0,1.999875,129.0,gfz:kp_f107
2026-04-02 00:00:00+00:00,140.3,140.2,43.0,4.708375,133.0,gfz:kp_f107
2026-04-03 00:00:00+00:00,135.8,135.8,46.0,4.708375,120.0,gfz:kp_f107
2026-04-04 00:00:00+00:00,128.1,128.2,14.0,2.66675,106.0,gfz:kp_f107
2026-04-05 00:00:00+00:00,118.0,118.1,12.0,2.45825,89.0,gfz:kp_f107
2026-04-06 00:00:00+00:00,116.4,116.5,9.0,2.16675,97.0,gfz:kp_f107
2026-04-07 00:00:00+00:00,108.9,109.1,8.0,1.83325,89.0,gfz:kp_f107
2026-04-08 00:00:00+00:00,108.4,108.7,6.0,1.666625,70.0,gfz:kp_f107
2026-04-09 00:00:00+00:00,96.7,97.0,6.0,1.54175,59.0,gfz:kp_f107
2026-04-10 00:00:00+00:00,93.7,94.1,17.0,2.916625,28.0,gfz:kp_f107
2026-04-11 00:00:00+00:00,93.3,93.7,12.0,2.41675,39.0,gfz:kp_f107
2026-04-12 00:00:00+00:00,98.8,99.3,7.0,1.91675,38.0,gfz:kp_f107
2026-04-13 00:00:00+00:00,98.7,99.2,3.0,0.66675,53.0,gfz:kp_f107
2026-04-14 00:00:00+00:00,100.9,101.5,3.0,0.6665000000000001,53.0,gfz:kp_f107
2026-04-15 00:00:00+00:00,104.8,105.5,4.0,1.041625,49.0,gfz:kp_f107
2026-04-16 00:00:00+00:00,108.0,108.8,2.0,0.499875,50.0,gfz:kp_f107
2026-04-17 00:00:00+00:00,107.1,108.0,3.0,0.70825,48.0,gfz:kp_f107
2026-04-18 00:00:00+00:00,105.1,106.0,33.0,4.20825,41.0,gfz:kp_f107
2026-04-19 00:00:00+00:00,104.5,105.4,21.0,3.208125,36.0,gfz:kp_f107
2026-04-20 00:00:00+00:00,105.1,106.1,23.0,3.291625,37.0,gfz:kp_f107
2026-04-21 00:00:00+00:00,112.3,113.5,20.0,3.208375,50.0,gfz:kp_f107
2026-04-22 00:00:00+00:00,116.2,117.5,4.0,1.125,71.0,gfz:kp_f107
2026-04-23 00:00:00+00:00,127.9,129.3,6.0,1.58325,68.0,gfz:kp_f107
2026-04-24 00:00:00+00:00,146.3,148.0,8.0,1.916625,94.0,gfz:kp_f107
2026-04-25 00:00:00+00:00,148.4,150.2,9.0,1.833375,114.0,gfz:kp_f107
2026-04-26 00:00:00+00:00,156.3,158.3,11.0,2.4165,115.0,gfz:kp_f107
2026-04-27 00:00:00+00:00,142.4,144.3,6.0,1.41675,117.0,gfz:kp_f107
2026-04-28 00:00:00+00:00,149.4,151.4,2.0,0.458375,128.0,gfz:kp_f107
2026-04-29 00:00:00+00:00,143.1,145.1,3.0,0.70825,123.0,gfz:kp_f107
2026-04-30 00:00:00+00:00,143.3,145.4,14.0,2.41675,135.0,gfz:kp_f107
2026-05-01 00:00:00+00:00,144.8,147.0,13.0,2.3748750000000003,157.0,gfz:kp_f107
2026-05-02 00:00:00+00:00,158.7,161.2,6.0,1.66675,139.0,gfz:kp_f107
2026-05-03 00:00:00+00:00,143.3,145.6,8.0,1.79175,124.0,gfz:kp_f107
2026-05-04 00:00:00+00:00,138.0,140.3,23.0,3.1251249999999997,124.0,gfz:kp_f107
2026-05-05 00:00:00+00:00,127.5,129.7,11.0,1.8335,132.0,gfz:kp_f107
2026-05-06 00:00:00+00:00,120.0,122.2,2.0,0.416625,104.0,gfz:kp_f107
2026-05-07 00:00:00+00:00,116.5,118.7,7.0,1.374875,70.0,gfz:kp_f107
2026-05-08 00:00:00+00:00,119.5,121.8,12.0,2.58325,75.0,gfz:kp_f107
2026-05-09 00:00:00+00:00,119.5,121.8,4.0,1.083375,90.0,gfz:kp_f107
2026-05-10 00:00:00+00:00,125.7,128.2,4.0,0.875125,87.0,gfz:kp_f107
2026-05-11 00:00:00+00:00,116.0,118.3,4.0,1.166625,79.0,gfz:kp_f107
2026-05-12 00:00:00+00:00,111.2,113.5,3.0,0.708375,58.0,gfz:kp_f107
2026-05-13 00:00:00+00:00,103.2,105.4,10.0,1.999875,63.0,gfz:kp_f107
2026-05-14 00:00:00+00:00,106.4,108.7,5.0,1.166875,50.0,gfz:kp_f107
2026-05-15 00:00:00+00:00,101.0,103.3,33.0,3.833375,47.0,gfz:kp_f107
2026-05-16 00:00:00+00:00,109.0,111.5,32.0,4.125125000000001,57.0,gfz:kp_f107
2026-05-17 00:00:00+00:00,103.7,106.0,7.0,1.91675,84.0,gfz:kp_f107
2026-05-18 00:00:00+00:00,105.3,107.7,8.0,2.16675,80.0,gfz:kp_f107
2026-05-19 00:00:00+00:00,105.7,108.1,16.0,3.0001249999999997,73.0,gfz:kp_f107
2026-05-20 00:00:00+00:00,114.0,116.7,7.0,1.666625,66.0,gfz:kp_f107
2026-05-21 00:00:00+00:00,117.9,120.8,6.0,1.666625,86.0,gfz:kp_f107
2026-05-22 00:00:00+00:00,124.4,127.5,4.0,1.124875,107.0,gfz:kp_f107
2026-05-23 00:00:00+00:00,137.1,140.6,2.0,0.29150000000000004,118.0,gfz:kp_f107
2026-05-24 00:00:00+00:00,132.8,136.2,5.0,1.208375,111.0,gfz:kp_f107
2026-05-25 00:00:00+00:00,139.0,142.6,8.0,1.9585,110.0,gfz:kp_f107
2026-05-26 00:00:00+00:00,140.8,144.5,7.0,1.54175,146.0,gfz:kp_f107
2026-05-27 00:00:00+00:00,141.7,145.5,9.0,2.208375,174.0,gfz:kp_f107
2026-05-28 00:00:00+00:00,144.9,148.8,12.0,2.58325,154.0,gfz:kp_f107
2026-05-29 00:00:00+00:00,148.1,152.1,14.0,2.791625,138.0,gfz:kp_f107
2026-05-30 00:00:00+00:00,141.6,145.5,13.0,2.5,129.0,gfz:kp_f107
2026-05-31 00:00:00+00:00,135.6,139.3,9.0,2.20825,113.0,gfz:kp_f107
2026-06-01 00:00:00+00:00,131.9,135.6,8.0,1.874875,100.0,gfz:kp_f107
2026-06-02 00:00:00+00:00,146.1,150.3,6.0,1.624875,109.0,gfz:kp_f107
2026-06-03 00:00:00+00:00,146.8,151.0,9.0,2.16675,127.0,gfz:kp_f107
2026-06-04 00:00:00+00:00,147.9,152.2,5.0,1.29175,127.0,gfz:kp_f107
2026-06-05 00:00:00+00:00,140.5,144.6,32.0,3.625,127.0,gfz:kp_f107
2026-06-06 00:00:00+00:00,137.9,141.9,21.0,3.333375,131.0,gfz:kp_f107
2026-06-07 00:00:00+00:00,134.2,138.2,7.0,1.75,133.0,gfz:kp_f107
2026-06-08 00:00:00+00:00,130.7,134.7,7.0,1.9165,132.0,gfz:kp_f107
2026-06-09 00:00:00+00:00,129.5,133.5,12.0,2.5,116.0,gfz:kp_f107
2026-06-10 00:00:00+00:00,124.0,127.8,6.0,1.58325,96.0,gfz:kp_f107
2026-06-11 00:00:00+00:00,127.4,131.4,16.0,2.75,83.0,gfz:kp_f107
2026-06-12 00:00:00+00:00,128.3,132.3,12.0,2.666625,69.0,gfz:kp_f107
2026-06-13 00:00:00+00:00,121.5,125.3,12.0,2.66675,48.0,gfz:kp_f107
2026-06-14 00:00:00+00:00,127.6,131.6,6.0,1.541625,59.0,gfz:kp_f107
2026-06-15 00:00:00+00:00,117.0,120.7,4.0,1.125,66.0,gfz:kp_f107
2026-06-16 00:00:00+00:00,113.0,116.4,6.0,1.54175,70.0,gfz:kp_f107
2026-06-17 00:00:00+00:00,111.0,114.1,6.0,1.4165,53.0,gfz:kp_f107
2026-06-18 00:00:00+00:00,111.0,114.3,6.0,1.500125,51.0,gfz:kp_f107
2026-06-19 00:00:00+00:00,108.0,114.3,6.0,1.5,61.0,gfz:kp_f107
2026-06-20 00:00:00+00:00,113.0,116.2,6.0,1.666625,88.0,gfz:kp_f107
2026-06-21 00:00:00+00:00,117.0,132.2,4.0,1.041625,65.0,gfz:kp_f107
2026-06-22 00:00:00+00:00,122.0,125.5,4.0,1.166625,70.0,gfz:kp_f107
2026-06-23 00:00:00+00:00,135.0,134.7,6.0,1.4166249999999998,76.0,gfz:kp_f107
2026-06-24 00:00:00+00:00,137.0,141.9,13.0,2.70825,90.0,gfz:kp_f107
2026-06-25 00:00:00+00:00,156.0,161.1,24.0,3.625,87.0,gfz:kp_f107
2026-06-26 00:00:00+00:00,164.0,168.1,11.0,2.5,104.0,gfz:kp_f107
2026-06-27 00:00:00+00:00,187.0,194.1,6.0,1.54175,112.0,gfz:kp_f107
2026-06-28 00:00:00+00:00,190.0,192.3,4.0,0.9585,130.0,gfz:kp_f107
2026-06-29 00:00:00+00:00,200.0,201.9,3.0,0.541625,125.0,gfz:kp_f107
2026-06-30 00:00:00+00:00,203.0,209.3,18.0,2.666625,126.0,gfz:kp_f107
2026-07-01 00:00:00+00:00,216.0,258.1,12.0,2.45825,150.0,gfz:kp_f107
2026-07-02 00:00:00+00:00,202.0,209.7,3.0,0.75,127.0,gfz:kp_f107
2026-07-03 00:00:00+00:00,179.0,192.9,8.0,1.708375,115.0,gfz:kp_f107
2026-07-04 00:00:00+00:00,163.0,166.0,77.0,5.70825,99.0,gfz:kp_f107
2026-07-05 00:00:00+00:00,138.0,143.4,16.0,3.0835,101.0,gfz:kp_f107
2026-07-06 00:00:00+00:00,128.0,129.5,6.0,1.583375,72.0,gfz:kp_f107
2026-07-07 00:00:00+00:00,113.0,114.1,3.0,0.7498750000000001,59.0,gfz:kp_f107
2026-07-08 00:00:00+00:00,114.0,119.8,11.0,2.4998750000000003,85.0,gfz:kp_f107
2026-07-09 00:00:00+00:00,111.0,113.4,15.0,2.75,82.0,gfz:kp_f107
2026-07-10 00:00:00+00:00,113.0,110.7,12.0,2.583375,81.0,gfz:kp_f107
2026-07-11 00:00:00+00:00,111.0,115.3,6.0,1.749875,76.0,gfz:kp_f107
2026-07-12 00:00:00+00:00,107.0,110.8,16.0,3.083125,69.0,gfz:kp_f107
2026-07-13 00:00:00+00:00,100.0,106.4,7.0,1.70825,44.0,gfz:kp_f107
2026-07-14 00:00:00+00:00,100.0,103.1,7.0,1.7915,39.0,gfz:kp_f107
2026-07-15 00:00:00+00:00,107.0,103.0,11.0,2.333375,29.0,gfz:kp_f107
2026-07-16 00:00:00+00:00,101.0,104.6,7.0,1.708375,52.0,gfz:kp_f107
2026-07-17 00:00:00+00:00,105.0,108.2,4.0,0.875,36.0,gfz:kp_f107
2026-07-18 00:00:00+00:00,110.0,114.0,3.0,0.791625,29.0,gfz:kp_f107
2026-07-19 00:00:00+00:00,120.0,123.2,2.0,0.45825,46.0,gfz:kp_f107
2026-07-20 00:00:00+00:00,141.0,141.3,3.0,0.66675,83.0,gfz:kp_f107
2026-07-21 00:00:00+00:00,154.0,153.8,14.0,2.8335,95.0,gfz:kp_f107
2026-07-22 00:00:00+00:00,149.0,155.0,10.0,2.333375,88.0,gfz:kp_f107
2026-07-23 00:00:00+00:00,148.0,152.3,24.0,3.2917499999999995,100.0,gfz:kp_f107
2026-07-24 00:00:00+00:00,153.0,154.9,7.0,1.41675,109.0,gfz:kp_f107
2026-07-25 00:00:00+00:00,144.0,149.2,6.0,1.3751250000000002,103.0,gfz:kp_f107
