semi_major_axis_km,eccentricity,inclination_deg,raan_deg,mean_motion_rev_per_day,delta_sma_7d_km,delta_sma_30d_km,delta_inc_30d_deg,maneuver_count_30d,shannon_entropy_sma_30d,shannon_entropy_sma_short,kolmogorov_proxy_7d,hurst_exponent_sma,hurst_exponent_sma_short,persistence_hurst_gap,mandelbrot_tail_score,adf_pvalue,williams_threat,l1_cusum_sma,chern_simons_proxy,ricci_mean,h0_persistent,h1_persistent,tle_age_hours,f10_7,f10_7_adj,ap_index,kp_mean,sunspot_number,f10_7_delta_7d,f10_7_mean_7d,ap_mean_7d,ap_max_7d,ap_delta_7d,geomagnetic_storm,space_weather_available,norad_id,window_end,role
6794.437784979263,0.0005108999903313816,51.64860153198242,191.85169982910156,15.50145531,-0.07617344425761985,-0.1828894028776631,-0.000499725341796875,0.0,2.6100635408770727,2.4193819456463714,0.15789473684210525,0.839337136838655,0.5,0.33933713683865496,0.0,0.7255159378896041,0.1,0.0,1.3458487409265432e-05,0.34703254966874775,0.32648973765143585,0.9428059129527866,0.0,262.0,253.3,6.0,1.5,136.0,102.4,191.10000000000002,11.0,18.0,-5.0,0.0,1.0,25544,2014-01-04 07:21:14.000256,asset
6793.594748201645,0.0003978000022470951,51.64630126953125,107.08100128173828,15.50434083,0.8166506190464133,0.6296177465828805,-0.002197265625,0.0,0.2974722489192897,0.5032583347756457,0.5789473684210527,0.7160570945099993,0.5,0.21605709450999933,0.8625179626373368,0.29883248226792547,0.1,0.0,4.634229278859273e-05,0.3470294671836087,0.3255670410001685,0.9481724504040191,0.0,156.9,157.0,5.0,1.208125,158.0,10.5,150.97500000000002,5.125,7.0,-0.125,0.0,1.0,25544,2014-04-04 00:45:16.720992,asset
6794.520845931257,0.00019350000366102904,51.649898529052734,336.31048583984375,15.50117106,1.2649835243610141,1.099194206415632,0.0019989013671875,0.0,0.7742433029172697,1.2243944454059863,0.42105263157894735,0.7908308833059348,0.5,0.29083088330593476,0.0,0.9471153323126917,0.1,0.0,0.00010879937127346214,0.3470299907528521,0.3286074630387003,0.9425232176625263,0.0,145.0,149.9,5.0,1.33325,119.0,-48.0,185.05,5.125,7.0,-0.125,0.0,1.0,25544,2014-07-12 01:14:19.281984,asset
6792.484257340363,0.000367600005120039,51.644500732421875,145.50050354003906,15.50814315,-0.20131565464816958,0.2368221639726471,-0.000698089599609375,3.0,0.2974722489192897,2.9477027792200907,0.5789473684210527,0.8740680587302617,0.5,0.3740680587302617,0.0,0.963281373894024,0.1,0.0,4.608708837845731e-05,0.34704909718268806,0.39197422039443225,0.9698468975988144,0.0,121.2,119.5,6.0,1.45825,80.0,-96.60000000000001,177.5875,8.625,12.0,-2.625,0.0,1.0,25544,2014-10-31 04:06:25.105824,asset
6780.272720121696,0.0008921999833546579,51.64569854736328,215.4398956298828,15.55005817,-0.15979471685022872,-0.5163101104053567,0.00119781494140625,1.0,2.3598063039211006,2.0588138903312014,0.3684210526315789,0.7512817175267982,0.5,0.2512817175267982,0.0,0.1856902916664942,0.1,0.0,3.8072260973989676e-05,0.3470228327833905,0.4225047397387429,0.9749313281177352,0.0,120.9,119.2,4.0,0.9998750000000001,27.0,-4.199999999999989,127.8375,9.375,21.0,-5.375,0.0,1.0,25544,2015-03-10 19:22:04.062144,asset
6780.057481607701,0.0001343000039923936,51.64469909667969,176.63319396972656,15.55079865,-0.10632943485052238,-0.2658822749090177,0.001300811767578125,0.0,2.6078612261419982,2.4193819456463714,0.21052631578947367,0.8479919420662083,0.5,0.3479919420662083,0.0,1.0,0.1,0.0,1.960709447419942e-05,0.3470297462732531,0.4910448401213354,0.9852338042924571,0.0,114.5,117.6,10.0,2.333125,76.0,13.0,113.1625,9.375,18.0,0.625,0.0,1.0,25544,2015-08-09 17:47:56.289408,asset
6781.639017333153,0.0007061000214889646,51.64540100097656,340.6499938964844,15.5453591,-0.11979938162312465,-0.3242159652963892,0.00360107421875,0.0,3.155565013329719,2.7254805569978684,0.3684210526315789,0.8353854572612788,0.5,0.3353854572612788,0.0,1.0,0.1,0.0,2.3903096276919588e-05,0.34702912550113574,0.3996822437514386,0.9767753125939813,0.0,117.3,114.1,8.0,1.916625,84.0,15.200000000000003,115.4875,8.875,17.0,-0.875,0.0,1.0,25544,2016-02-09 07:49:44.804064,asset
6781.69118733437,1.779999911377672e-05,51.64500045776367,87.96179962158203,15.54517972,0.009586000316630816,0.6922541949370498,0.002899169921875,7.0,0.7742433029172697,2.4193819456463714,0.42105263157894735,0.8864002875477783,0.5,0.38640028754777833,0.0,0.0,0.1,0.0,6.023642731485586e-05,0.3470576681295653,0.3790821593888721,0.9727661080841006,0.0,88.2,90.9,9.0,2.08325,44.0,8.200000000000003,81.8125,10.75,29.0,-1.75,0.0,1.0,25544,2016-06-11 04:29:07.606176,asset
6783.025396873665,0.0006679000216536224,51.644100189208984,223.7144012451172,15.54059338,-0.05674188241118827,-0.1577424592042007,0.000499725341796875,0.0,3.036372249830224,2.7254805569978684,0.15789473684210525,0.8099268078823518,0.5,0.30992680788235183,0.0,6.6970965382390646e-21,0.1,0.0,1.1627533346046004e-05,0.347032607085207,0.4079967329523449,0.9746774276326345,0.0,101.5,101.4,5.0,1.291625,56.0,18.799999999999997,88.5375,17.625,36.0,-12.625,1.0,1.0,25544,2016-10-06 07:35:40.053120,asset
6782.828895811326,0.0006837000255472958,51.641700744628906,206.297607421875,15.54126871,1.0476344832395625,0.9925939327085871,0.000301361083984375,0.0,1.465255650113225,1.6577427265048892,0.21052631578947367,0.8324272195415445,0.5,0.3324272195415445,0.0,1.0,0.1,0.0,8.359991026011244e-05,0.34703312460339697,0.3285956660890196,0.9555213336086327,0.0,78.0,76.7,18.0,3.125,39.0,-4.099999999999994,80.35,15.75,35.0,2.25,1.0,1.0,25544,2017-03-03 06:24:58.181184,asset
6783.130568163863,0.0004121999954804778,51.6427001953125,236.2301025390625,15.54023195,-0.022298827674603672,0.6522214646138309,0.001201629638671875,3.0,0.9132829641650988,2.1971597234241496,0.42105263157894735,0.8839671418198963,0.5,0.38396714181989633,0.0,0.47486008906806854,0.1,0.0,6.305647416977853e-05,0.34708454567711255,0.3525905557698083,0.9622302123460442,0.0,89.7,90.0,11.0,2.5,42.0,12.200000000000003,87.225,15.125,51.0,-4.125,1.0,1.0,25544,2017-09-29 22:00:24.713280,asset
6782.430350762043,0.00030789998709224164,51.642799377441406,105.7667007446289,15.54263857,-0.012372734924610995,-0.03935555852694961,0.00209808349609375,0.0,3.181366328891459,2.725480556997868,0.05263157894736842,0.8389683620454427,0.5,0.3389683620454427,0.0,0.990948624488418,0.1,0.0,2.901274706707136e-06,0.34703410790467226,0.3261861502968766,0.9429618867468725,0.0,69.4,67.1,2.0,0.374875,11.0,-1.0,69.825,3.875,10.0,-1.875,0.0,1.0,25544,2018-01-06 07:10:51.693024,asset
6782.653077352591,0.0002948000037577003,51.64139938354492,20.17490005493164,15.541873,-0.036699551196761604,-0.1383692689523741,-0.001201629638671875,0.0,2.582059910580258,2.2810361125534238,0.47368421052631576,0.8351245587300333,0.5,0.33512455873003333,0.0,0.9011429205474293,0.1,0.0,1.0200075863438111e-05,0.34703286015049173,0.5318224104732544,0.9719472253621074,0.0,70.5,72.7,2.0,0.33325,14.0,3.700000000000003,70.1875,3.0,4.0,-1.0,0.0,1.0,25544,2018-06-16 21:26:17.536992,asset
6783.6993197409565,0.00035700001171790063,51.64149856567383,132.8632049560547,15.53827763,-0.008708327231943258,-0.03901305816543754,0.000698089599609375,0.0,2.462867147080763,2.7254805569978675,0.05263157894736842,0.8512158454869933,0.5,0.35121584548699325,0.0,0.9940442652911898,0.1,0.0,2.8754878462908237e-06,0.34703448611841914,0.32590027001500055,0.9513565254660209,0.0,69.7,69.3,5.0,1.2085,0.0,0.20000000000000284,70.67500000000001,9.75,16.0,-4.75,0.0,1.0,25544,2018-10-16 18:19:45.413184,asset
6785.558363387096,0.00047309999354183674,51.642601013183594,346.17059326171875,15.53189252,-0.05408907717446709,-0.06878893349858117,0.000301361083984375,0.0,1.8248169862168622,1.836591668108979,0.05263157894736842,0.8122849271999567,0.5,0.3122849271999567,0.0,1.0,0.1,0.0,5.0687361898566605e-06,0.3470344525147494,0.34221578649805817,0.9575991795467512,0.0,76.6,74.3,7.0,1.5835,26.0,6.8999999999999915,71.875,7.625,17.0,-0.625,0.0,1.0,25544,2019-01-26 10:42:56.253024,asset
6787.14370109439,0.00010289999772794545,51.64139938354492,202.50439453125,15.52645094,-0.012356356643067556,-0.053890446904915734,-0.000598907470703125,0.0,3.050301855434982,2.7254805569978684,0.05263157894736842,0.8204938465061312,0.5,0.3204938465061312,0.0,0.23902226997590986,0.1,0.0,3.970015101878356e-06,0.3470335750022966,0.32574347639540757,0.9449768089416105,0.0,78.7,80.1,4.0,1.125,26.0,10.200000000000003,71.95,6.5,11.0,-2.5,0.0,1.0,25544,2019-05-07 16:19:48.995616,asset
6793.618313286658,0.0007412999984808266,51.64360046386719,28.615800857543945,15.50426016,-0.10709853941079928,-0.11823747386279138,-0.000400543212890625,0.0,1.7160477062944177,2.2810361125534238,0.2631578947368421,0.753106476515433,0.5,0.25310647651543305,0.0,0.0009258397812542159,0.1,0.0,1.2533755803481378e-05,0.34703423107541453,0.4158457564294012,0.9706649541580488,0.0,66.5,68.0,4.0,0.833375,0.0,-1.0,67.125,4.125,5.0,-0.125,0.0,1.0,25544,2019-08-23 05:49:36.999840,asset
6794.605160142146,0.0007173999911174178,51.643798828125,222.09170532226562,15.50088253,0.009044331481163681,0.009088165001230664,-0.0009002685546875,3.0,2.273728829005326,2.5032583347756456,0.05263157894736842,0.7196624538354158,0.5,0.21966245383541583,0.0,0.029894684578376438,0.1,0.0,3.095535627832448e-06,0.34703387029664967,0.4745868028083625,0.9703867561008693,0.0,70.2,68.2,2.0,0.375,0.0,-0.20000000000000284,70.3375,2.0,3.0,0.0,0.0,1.0,25544,2019-12-07 11:53:21.966432,asset
6798.039232710898,0.0004917000187560916,51.645198822021484,50.51279830932617,15.48913846,-0.005254990044704755,-0.03604487130178313,0.002597808837890625,1.0,2.0784916740291846,2.7254805569978684,0.15789473684210525,0.754063486992075,0.5,0.25406348699207504,0.0,0.0009176432499320052,0.1,0.0,2.651112087529603e-06,0.3470341153680945,0.3287840614767198,0.9390786379834398,0.0,70.4,69.9,11.0,2.458125,0.0,0.6000000000000085,71.075,7.0,11.0,4.0,0.0,1.0,25544,2020-03-23 21:21:08.627616,asset
6797.24354954983,0.0002901999978348613,51.64440155029297,249.33999633789062,15.49185827,-0.005847245362929243,0.8587357438909748,-0.0010986328125,5.0,0.7742433029172697,2.1971597234241496,0.47368421052631576,0.7052333216224885,0.5,0.20523332162248853,0.0,2.51285669442958e-12,0.1,0.0,6.645652401204159e-05,0.3470366311516604,0.3308367099777308,0.9547988079434073,0.0,67.7,70.0,3.0,0.6248750000000001,8.0,-0.3999999999999915,68.67500000000001,4.75,10.0,-1.75,0.0,1.0,25544,2020-07-07 05:09:53.133984,asset
6796.8470543354915,0.00015900000289548188,51.64440155029297,79.13639831542969,15.49321387,-0.005457412705254683,-0.026588173475829535,0.0009002685546875,0.0,2.8205898566665466,2.9477027792200907,0.05263157894736842,0.7966849654697394,0.5,0.29668496546973944,0.0,0.21054891223532224,0.1,0.0,1.95591391530648e-06,0.34703401129779365,0.3256222419072704,0.952615555924976,0.0,74.9,74.2,5.0,1.0831250000000001,12.0,1.1000000000000085,74.525,4.25,8.0,0.75,0.0,1.0,25544,2020-10-22 08:59:19.512096,asset
6797.899803627736,0.0002860999957192689,51.642799377441406,228.49819946289062,15.489615,-0.004195583445834927,-0.0119460192599945,-0.001201629638671875,1.0,2.584262225315332,2.4193819456463714,0.05263157894736842,0.7959213649361921,0.5,0.29592136493619214,0.0,0.21311777462718134,0.1,0.0,2.800147373530663e-06,0.34703619620207626,0.32595096101306037,0.9551438120932606,0.0,71.4,69.7,4.0,0.91675,0.0,-1.3999999999999915,72.5625,6.5,18.0,-2.5,0.0,1.0,25544,2021-02-14 17:05:30.961824,asset
6797.910512033453,0.0003603000077418983,51.645198822021484,37.66320037841797,15.4895784,-0.016878990699296992,-0.04540001252462389,0.00099945068359375,1.0,3.1158340921632206,2.2810361125534238,0.05263157894736842,0.8187656660024937,0.5,0.3187656660024937,0.0,0.34205867421928177,0.1,0.0,3.642243798350434e-06,0.34703407646232354,0.32737290877954484,0.9437578213768545,0.0,77.4,79.7,3.0,0.83325,38.0,3.0,76.5,3.5,5.0,-0.5,0.0,1.0,25544,2021-06-06 01:55:20.553600,asset
6798.011146775383,0.0004158999945502728,51.64360046386719,155.33709716796875,15.48923445,0.01118572310952004,-0.05243862801216892,-0.001499176025390625,1.0,2.4584538292330596,1.4466166676282084,0.3684210526315789,0.7677278543969128,0.5,0.2677278543969128,0.0,0.3732683285061109,0.1,0.0,6.1670743452030755e-06,0.3470333228063238,0.3289675424330468,0.945236126294001,0.0,81.7,81.7,4.0,0.9998750000000001,30.0,-7.200000000000003,89.225,6.625,12.0,-2.625,0.0,1.0,25544,2021-10-05 21:25:42.435264,asset
6796.030446461317,0.0006762000266462564,51.644798278808594,332.7225036621094,15.49600644,-0.023393241683152155,-0.20663995655104372,9.918212890625e-05,5.0,2.2200683022340693,0.9864267287308426,0.5263157894736842,0.765399517403401,0.5,0.26539951740340095,0.0,1.0,0.1,0.0,1.989448883901181e-05,0.34703693202557795,0.334547955218509,0.9608036531899125,0.0,93.5,90.6,7.0,1.58325,20.0,-25.900000000000006,104.75,11.625,23.0,-4.625,0.0,1.0,25544,2022-01-23 13:52:09.930144,asset
6794.822256507158,0.0006762000266462564,51.6432991027832,162.9626007080078,15.50013965,-0.046678217297994706,-0.1472793398579597,0.0010986328125,0.0,2.6550505394177746,2.197159723424149,0.2631578947368421,0.8111348807003331,0.5,0.3111348807003331,0.0,0.22782297790716893,0.1,0.0,1.083743916364418e-05,0.347031268440407,0.34184378141178146,0.963427949583212,0.0,115.8,118.1,2.0,0.5415,57.0,2.0,119.1375,3.875,6.0,-1.875,0.0,1.0,25544,2022-05-10 13:17:02.446656,asset
6794.928613402569,0.0003206999972462654,51.64580154418945,328.25311279296875,15.49977573,-0.04089321808532986,-0.1730814225420545,0.00150299072265625,0.0,2.5755886970847786,2.7254805569978684,0.05263157894736842,0.8405665829409814,0.5,0.3405665829409814,0.0,0.9810521949620706,0.1,0.0,1.2735830344409595e-05,0.3470317852106941,0.3270613807053919,0.9466789305148999,0.0,125.6,128.1,12.0,2.625,48.0,24.69999999999999,135.08749999999998,6.625,12.0,5.375,0.0,1.0,25544,2022-08-30 12:51:01.037088,asset
6795.113318739438,0.00040660001104697585,51.642601013183594,169.6656036376953,15.49914376,-0.06735654956082726,-0.3175359303186269,-0.00189971923828125,0.0,2.4842551447947994,2.5032583347756456,0.2631578947368421,0.8429108335223818,0.5,0.34291083352238183,0.0,8.870685137132927e-05,0.1,0.0,2.336420211153848e-05,0.3470318154884001,0.4081082315361876,0.9627137062289204,0.0,153.0,148.3,3.0,0.625,159.0,8.800000000000011,147.1875,7.875,16.0,-4.875,0.0,1.0,25544,2022-12-13 05:23:13.000128,asset
6796.627085268466,0.0006055000121705234,51.64179992675781,36.1697998046875,15.49396602,-0.10736046245347097,-0.30320896246303164,0.001201629638671875,0.0,2.8913781707689887,2.2810361125534233,0.3157894736842105,0.8418685149255686,0.5,0.3418685149255686,0.0,0.8537538108893472,0.1,0.0,2.230509442695456e-05,0.3470297253367802,0.32585897548222303,0.946568701009995,0.0,158.9,157.7,15.0,2.83325,104.0,23.200000000000017,144.3625,11.25,30.0,3.75,1.0,1.0,25544,2023-03-22 20:56:02.585760,asset
6793.38660028588,0.00046999999904073775,51.641300201416016,272.21990966796875,15.50505341,-0.09017950432462385,-0.3547034511284437,-0.000301361083984375,0.0,2.694781460584273,2.0588138903312014,0.2631578947368421,0.779282731933763,0.5,0.27928273193376296,0.0,0.008670040475406503,0.1,0.0,2.610550396227619e-05,0.3470333839359955,0.3278966018007945,0.9404234717774176,0.0,154.9,160.1,7.0,1.9165,136.0,-21.5,162.3375,9.875,16.0,-2.875,0.0,1.0,25544,2023-06-28 13:06:52.028064,asset
6795.435245218033,0.000555399979930371,51.640499114990234,142.9123992919922,15.49804239,-0.08275819233494985,-0.44003204697946785,-0.001102447509765625,0.0,2.140606459901073,2.113283334294875,0.5789473684210527,0.7623718393748841,0.5,0.26237183937488406,0.0,1.0,0.1,0.0,3.237545954447308e-05,0.34702551033953255,0.329175598671797,0.9494443301711691,0.0,156.1,156.1,15.0,2.41675,159.0,8.299999999999983,155.65,8.875,15.0,6.125,0.0,1.0,25544,2023-10-05 08:14:31.031808,asset
6794.6046633606375,0.000368500011973083,51.6416015625,47.20050048828125,15.50088423,-0.06461450299593707,-0.23916111874495982,0.001300811767578125,1.0,1.9290929654978,2.113283334294875,0.5789473684210527,0.7326168487317033,0.5,0.2326168487317033,0.0,0.0008409715793263093,0.1,0.0,2.0461871360690263e-05,0.3470287703569479,0.32827864107067795,0.9487246770623352,0.0,152.7,147.6,4.0,1.08325,119.0,9.799999999999983,140.6625,6.375,11.0,-2.375,0.0,1.0,25544,2024-01-05 08:05:50.184096,asset
6795.610852501332,0.00047790000098757446,51.641300201416016,346.6441955566406,15.49744166,-0.11392732046897436,-0.3844357670395766,0.001800537109375,0.0,2.9655839357277816,2.503258334775646,0.5789473684210527,0.864897753292308,0.5,0.364897753292308,0.0,0.037576540312100455,0.1,0.0,2.8284393056162446e-05,0.34703004130129955,0.32816764379447594,0.9335207198965338,0.0,139.6,139.3,3.0,0.833375,51.0,-71.1,178.53749999999997,19.25,68.0,-16.25,1.0,1.0,25544,2024-03-30 06:27:56.153088,asset
6795.637320422751,0.0010848999954760075,51.64149856567383,274.87640380859375,15.49735112,-0.07604920385801961,-0.21827516918983747,9.918212890625e-05,0.0,2.3392610657335644,2.4193819456463714,0.5263157894736842,0.8426473752494726,0.5,0.34264737524947264,0.0,8.812082714943756e-20,0.1,0.0,1.605956151034008e-05,0.3470300042787381,0.32838109356758943,0.93500564722742,0.0,193.7,200.1,6.0,1.708375,146.0,1.0,196.60000000000002,6.375,10.0,-0.375,0.0,1.0,25544,2024-06-25 08:17:22.538400,asset
6796.6397217119475,0.0007400999893434346,51.63719940185547,201.63510131835938,15.49392281,-0.16030456928911008,-0.4911881853868181,-0.00170135498046875,0.0,3.2210972500579573,2.7254805569978684,0.6842105263157895,0.7784076059265771,0.5,0.2784076059265771,0.0,0.13857044174931354,0.1,0.0,3.613267612678862e-05,0.3470266920840771,0.3281783289194573,0.9517818078624761,0.0,153.8,155.0,5.0,1.041625,117.0,-32.0,167.9875,24.25,71.0,-19.25,1.0,1.0,25544,2024-09-20 19:57:12.828672,asset
6794.508757007947,0.0005103999865241349,51.63690185546875,96.3207015991211,15.50121243,-0.02675817488488974,1.8886682809188642,-0.0019989013671875,2.0,0.5907239186406503,0.5032583347756457,0.6842105263157895,0.776633362014823,0.5,0.276633362014823,0.0,0.5190860854812979,0.1,0.0,0.00015563415717622663,0.3472211758360869,0.33731746661684003,0.9616976935484886,0.0,238.3,230.6,12.0,2.458375,224.0,71.60000000000002,191.5,14.375,28.0,-2.375,0.0,1.0,25544,2024-12-23 17:14:50.197056,asset
6796.0383757565305,0.000526699994225055,51.637901306152344,252.5402069091797,15.49597932,-0.14608210535334365,-0.4199874741234453,-0.000499725341796875,0.0,2.649794462043571,2.1971597234241496,0.5263157894736842,0.8542338880186594,0.5,0.3542338880186594,0.0,0.34227577588062535,0.1,0.0,3.08980015888257e-05,0.34702553092762745,0.4159896481401574,0.977196573883151,0.0,148.4,149.5,75.0,5.33325,92.0,-18.400000000000006,159.14999999999998,25.375,75.0,49.625,1.0,1.0,25544,2025-04-16 12:07:07.564224,asset
6794.60386558817,0.00041790000977925956,51.6327018737793,275.93450927734375,15.50088696,0.7759960455796318,0.4054485113183546,-0.00189971923828125,0.0,0.2974722489192897,0.5032583347756457,0.3684210526315789,0.8609370703189937,0.5,0.3609370703189937,0.8572460972126184,1.0,0.1,0.0,3.753683439634356e-05,0.3470269509397059,0.5628808928170609,0.9753417931850938,0.0,172.0,174.9,8.0,2.041625,157.0,-59.599999999999994,215.9625,11.0,31.0,-3.0,1.0,1.0,25544,2025-09-04 02:26:37.946976,asset
6800.1237060616995,0.0008515000226907432,51.631900787353516,148.83749389648438,15.48201707,-0.06795223177778098,1.3530982031334133,0.0,3.0,0.2974722489192897,1.9749375012019272,0.5263157894736842,0.8321543941807276,0.5,0.33215439418072756,0.0,0.632296713462645,0.1,0.0,0.00011274128593984717,0.3470298168259609,0.4007959138763794,0.976781447354572,0.0,110.1,107.8,34.0,4.333375,4.0,-7.400000000000006,115.3875,17.375,34.0,16.625,1.0,1.0,25544,2026-02-22 05:12:40.882176,asset
6796.315208032641,0.0004223999858368188,51.631099700927734,229.1988983154297,15.49503254,-0.02922344697162771,-0.1058217151912686,-0.0010986328125,4.0,2.694781460584273,2.5032583347756456,0.6842105263157895,0.6351009623570434,0.5,0.13510096235704339,0.0,0.23192940493929975,0.1,0.0,0.0014524876370021417,0.34654948199757685,0.6506105532518341,0.6453416682877968,0.0,216.0,258.1,12.0,2.45825,150.0,79.0,181.625,11.375,24.0,0.625,0.0,1.0,25544,2026-07-01 12:11:46.288896,asset
6800.829228103396,0.000791910158743,51.63017515517538,0.0,15.47960796208806,4.504157119420597,-0.7281367673176646,-1.5004857417011408e-05,2.0,2.6153196182512763,1.9749375012019272,0.5789473684210527,0.7476919884769658,0.5,0.24769198847696583,0.0,0.8091550128926719,0.1,0.0,0.0010742825592816687,0.3464271896430272,0.6487637866073269,0.7635650218456196,0.0,216.0,258.1,12.0,2.45825,150.0,79.0,181.625,11.375,24.0,0.625,0.0,1.0,25544,2026-07-01 21:00:45.244503,asset
6800.65120224746,0.0007698112316087,51.63083546324821,0.0,15.480215798398868,4.3359942148190385,4.261546031047146,-0.00116450623421116,5.0,1.9334975949679492,1.2243944454059859,0.5263157894736842,0.759780760833605,0.5,0.259780760833605,0.0,0.3576768004480473,0.1,0.0,0.0014425632327866756,0.3473731333820289,0.6475179508944277,0.77756688540472,0.0,202.0,209.7,3.0,0.75,127.0,46.0,189.75,10.125,24.0,-7.125,0.0,1.0,25544,2026-07-02 15:00:45.244503,asset
6800.461491550535,0.0007654494871803,51.630849626490814,0.0,15.480863574218068,-0.3677365528610608,-15.476954585444219,-0.00014274928022217637,3.0,2.180337381067571,0.5032583347756457,0.3684210526315789,0.7703163399557029,0.5,0.2703163399557029,0.0,0.42474637562175377,0.1,0.0,0.001440548690490644,0.3472502186315327,0.6489537555116981,0.7230707515973097,0.0,179.0,192.9,8.0,1.708375,115.0,15.0,192.625,8.125,18.0,-0.125,0.0,1.0,25544,2026-07-03 09:00:45.244503,asset
6798.140360866632,0.0006763000274077058,51.63029861450195,216.4300994873047,15.48879284,-2.5108413808275145,-17.661870448654554,-0.0005046725376161021,3.0,1.6282202760321465,0.5032583347756457,0.3684210526315789,0.8424236280275084,0.5,0.34242362802750836,0.0,0.8924860923134297,0.1,0.0,0.0014305705608141232,0.3472964005698963,0.632620287672661,0.727775258135376,0.0,163.0,166.0,77.0,5.70825,99.0,-24.0,192.5,16.375,77.0,60.625,1.0,1.0,25544,2026-07-04 02:07:57.020160,asset
6798.109602434586,0.0006744000129401684,51.63029861450195,214.51539611816406,15.48889796,-2.351889115949234,-2.9357432300357686,-0.000726411565693752,1.0,1.929309207916729,1.2243944454059863,0.3157894736842105,0.7363565568827735,0.5,0.23635655688277346,0.0,0.02788749203648198,0.1,0.0,0.00034781126519426976,0.34701047213160974,0.6100966443141836,0.8205019602576983,0.0,163.0,166.0,77.0,5.70825,99.0,-24.0,192.5,16.375,77.0,60.625,1.0,1.0,25544,2026-07-04 11:25:24.159648,asset
6800.158940194694,0.0007410577505285,51.63156693847343,0.0,15.481896743089996,2.0185793280616053,-0.8249342960962167,0.0004529679592337743,1.0,2.2920717524577876,1.584962500721156,0.3157894736842105,0.77166503548399,0.5,0.27166503548399,0.0,0.08324221124999143,0.1,0.0,0.0003432935618925632,0.34698821186336604,0.6315125549525991,0.7571182810028627,0.0,163.0,166.0,77.0,5.70825,99.0,-24.0,192.5,16.375,77.0,60.625,1.0,1.0,25544,2026-07-04 21:00:45.244503,asset
6800.080853864593,0.0007435647554584,51.63079882617235,0.0,15.482163415206744,1.9712514300072144,-0.8001677840011325,0.0008786630412700447,1.0,1.657439042450237,1.5304930567574826,0.3684210526315789,0.710580465793647,0.5,0.21058046579364698,0.0,0.2562535025578464,0.1,0.0,0.0002062155666820181,0.347049615735461,0.6328597829751134,0.8738693720136802,0.0,138.0,143.4,16.0,3.0835,101.0,-52.0,186.375,17.625,77.0,-1.625,1.0,1.0,25544,2026-07-05 03:00:45.244503,asset
6798.0622892014835,0.000672800000756979,51.63029861450195,209.7274932861328,15.48905966,-2.09665099321046,-2.663163893197634,-0.0003494019185268371,2.0,1.8474201200521743,1.8910611120726528,0.42105263157894735,0.8028041073517898,0.5,0.30280410735178975,0.0,0.002690559553530234,0.1,0.0,0.00019581915829100022,0.3470023576837127,0.632095484352908,0.8324854650645448,0.0,138.0,143.4,16.0,3.0835,101.0,-52.0,186.375,17.625,77.0,-1.625,1.0,1.0,25544,2026-07-05 10:39:01.361664,asset
6799.936173156101,0.000748927964522,51.63008943665071,0.0,15.4826575335844,-0.1446807084921602,-0.5672526419029964,-0.0009829963265914898,2.0,1.8990227511756548,1.8910611120726528,0.5263157894736842,0.6991557182709708,0.5,0.19915571827097078,0.0,2.5590355214248247e-06,0.1,0.0,0.00018062713901346414,0.34695519083975623,0.627066309140946,0.8355641885485044,0.0,138.0,143.4,16.0,3.0835,101.0,-52.0,186.375,17.625,77.0,-1.625,1.0,1.0,25544,2026-07-05 21:00:45.244503,asset
6799.775596001301,0.0007520326440137,51.62999509723884,0.0,15.483205972809646,1.7133067998174738,-0.5934764718094812,-0.00030273402877867284,2.0,1.8238298076030632,1.8910611120726528,0.5263157894736842,0.6461577772068418,0.5,0.14615777720684175,0.0,0.179458342276058,0.1,0.0,0.000171694528355922,0.3469329010296591,0.6357772989136538,0.8120413303141221,0.0,128.0,129.5,6.0,1.583375,72.0,-72.0,178.625,17.875,77.0,-11.875,1.0,1.0,25544,2026-07-06 09:00:45.244503,asset
6799.7236671014125,0.0007403549098012,51.63116314532056,0.0,15.48338333899995,-0.21250605468867434,-0.5303831401361094,0.0009723745254746063,1.0,1.8238298076030632,1.7527152789797047,0.47368421052631576,0.7496112499560146,0.5,0.24961124995601458,0.0,0.00035245893923544993,0.1,0.0,0.00016423203412771595,0.34696025504165007,0.6491015029570022,0.7171355429547286,0.0,128.0,129.5,6.0,1.583375,72.0,-72.0,178.625,17.875,77.0,-11.875,1.0,1.0,25544,2026-07-06 15:00:45.244503,asset
6797.9928248014885,0.0006689999718219042,51.63050079345703,201.1096954345703,15.48929707,-1.7827711998124869,-0.10281765662875841,0.000202178955078125,3.0,2.1492799881316267,1.8910611120726528,0.3684210526315789,0.66330517678993,0.5,0.16330517678992995,0.0,0.22943990764148964,0.1,0.0,0.00015174405527508113,0.3470947021546693,0.6498363870066955,0.7609135935627558,0.0,113.0,114.1,3.0,0.7498750000000001,59.0,-90.0,167.75,17.875,77.0,-14.875,1.0,1.0,25544,2026-07-07 04:27:30.183264,asset
6797.982101442228,0.0006687000277452171,51.630401611328125,199.514404296875,15.48933372,-1.7415656591847437,-0.09431434524867655,0.000202178955078125,4.0,1.7863012011716395,1.974937501201927,0.47368421052631576,0.7638334270699478,0.5,0.26383342706994783,0.0,0.22066056464822603,0.1,0.0,0.0001474159911058712,0.3469205620806356,0.6476898531075492,0.7286925387509211,0.0,113.0,114.1,3.0,0.7498750000000001,59.0,-90.0,167.75,17.875,77.0,-14.875,1.0,1.0,25544,2026-07-07 12:12:01.987776,asset
6799.34613907678,0.0007297328204127,51.63099725825544,0.0,15.484672909823386,1.3533142752912681,1.283849875296255,0.0006986437534877155,5.0,1.9592989105296894,1.836591668108979,0.42105263157894735,0.7910855433526343,0.5,0.29108554335263426,0.0,0.9921639022695306,0.1,0.0,0.00013781536258462116,0.3470649632432409,0.648728953544326,0.7091449653535695,0.0,114.0,119.8,11.0,2.4998750000000003,85.0,-102.0,156.625,17.0,77.0,-6.0,1.0,1.0,25544,2026-07-08 03:00:45.244503,asset
6797.949577591304,0.0006674000178463757,51.630401611328125,194.72650146484375,15.48944488,-0.032523850924008,-0.09735912572796224,0.0,4.0,2.3942811477133947,1.8910611120726528,0.3684210526315789,0.642594111656335,0.5,0.14259411165633495,0.0,0.025708053177931914,0.1,0.0,0.000138944701035029,0.34692983915203535,0.6491002249390692,0.6825207999139622,0.0,114.0,119.8,11.0,2.4998750000000003,85.0,-102.0,156.625,17.0,77.0,-6.0,1.0,1.0,25544,2026-07-08 11:25:36.903648,asset
6797.94028513392,0.0006670000148005784,51.630401611328125,193.44970703125,15.48947664,-1.4058539428597214,-1.9156614832127161,2.809637476275384e-05,3.0,2.530601698544076,1.584962500721156,0.3157894736842105,0.8061249580799221,0.5,0.3061249580799221,0.0,0.00014658849626676405,0.1,0.0,0.0001408703682642106,0.3471351762420558,0.6358018391599598,0.8090892108064995,0.0,114.0,119.8,11.0,2.4998750000000003,85.0,-102.0,156.625,17.0,77.0,-6.0,1.0,1.0,25544,2026-07-08 17:37:14.092032,asset
6799.083279314043,0.0007160186178799,51.6306572673183,0.0,15.485570899292004,1.133701722738806,1.0626847654566518,0.000255655990173409,3.0,2.149279988131627,1.3921472236645347,0.42105263157894735,0.7547590453874187,0.5,0.25475904538741867,0.0,4.453542851793148e-07,0.1,0.0,0.00012525454115898534,0.3470401918069208,0.6360853394038508,0.859808832856754,0.0,111.0,113.4,15.0,2.75,82.0,-91.0,143.5,17.375,77.0,-2.375,1.0,1.0,25544,2026-07-09 03:00:45.244503,asset
6797.905154899529,0.0006668000132776797,51.630401611328125,188.66200256347656,15.48959671,-0.03513023439063545,-1.698347946656213,4.9140513354473114e-05,2.0,2.4200824632751354,1.8910611120726528,0.5263157894736842,0.6532990301753087,0.5,0.15329903017530866,0.0,6.501801223173949e-07,0.1,0.0,0.00012489360658816042,0.34706232503356993,0.6490756820603636,0.7298659836701402,0.0,111.0,113.4,15.0,2.75,82.0,-91.0,143.5,17.375,77.0,-2.375,1.0,1.0,25544,2026-07-09 16:50:48.208704,asset
6797.887474384422,0.0006684000254608691,51.63019943237305,186.42759704589844,15.48965714,-1.1958049296208628,-0.09462705780606484,-0.000202178955078125,4.0,2.1610072790013106,1.8910611120726528,0.631578947368421,0.6175803037911206,0.5,0.11758030379112061,0.0,0.009556076017121759,0.1,0.0,0.00011134065952781741,0.34704665329237716,0.6413003697929326,0.8464337210953871,0.0,113.0,110.7,12.0,2.583375,81.0,-66.0,132.375,18.5,77.0,-6.5,1.0,1.0,25544,2026-07-10 03:41:07.908864,asset
6798.785216428095,0.0006895270101735,51.63032480020612,0.0,15.48658925574701,0.8800615285654203,-0.6134439721181479,-0.0005030952807842937,5.0,2.4789990674205953,1.836591668108979,0.631578947368421,0.7449890533849466,0.5,0.2449890533849466,0.0,0.8410339354035239,0.1,0.0,0.00011163246861801479,0.3470663330249336,0.6360745151033262,0.8565212288873767,0.0,113.0,110.7,12.0,2.583375,81.0,-66.0,132.375,18.5,77.0,-6.5,1.0,1.0,25544,2026-07-10 15:00:45.244503,asset
6798.616252172404,0.0006930801074455,51.63112112757168,0.0,15.487166585644948,0.7287777879819259,-0.6629547433522021,-0.00046665299223036527,6.0,2.549787381523038,1.8910611120726528,0.631578947368421,0.7532855526322804,0.5,0.25328555263228036,0.0,2.5459544841881577e-05,0.1,0.0,0.00010345729577776903,0.34703853045274036,0.6496242850942772,0.786487647548074,0.0,111.0,115.3,6.0,1.749875,76.0,-52.0,123.875,18.25,77.0,-12.25,1.0,1.0,25544,2026-07-11 03:00:45.244503,asset
6798.56921634088,0.0007041633478833,51.630282042045486,0.0,15.487327307628144,-0.21600008721452468,-0.677190812380104,-2.3578850445460375e-05,4.0,2.7550576199383077,1.836591668108979,0.6842105263157895,0.80110061259983,0.5,0.30110061259983,0.0,7.502961074701892e-09,0.1,0.0,0.00010277531871990381,0.347072803046677,0.6494556260945601,0.7684726621937126,0.0,111.0,115.3,6.0,1.749875,76.0,-52.0,123.875,18.25,77.0,-12.25,1.0,1.0,25544,2026-07-11 09:00:45.244503,asset
6798.464289872333,0.0006718248444448,51.63032728722037,0.0,15.487685852608845,-0.15196230007040867,0.5399036614362558,2.8672718414668452e-05,5.0,2.2737288290053255,2.197159723424149,0.5263157894736842,0.80887006312553,0.5,0.30887006312553,0.0,0.16317774646070704,0.1,0.0,8.52351137067308e-05,0.3470712202191173,0.6490495592491651,0.834698733582027,0.0,111.0,115.3,6.0,1.749875,76.0,-52.0,123.875,18.25,77.0,-12.25,1.0,1.0,25544,2026-07-11 21:00:45.244503,asset
6798.347530538643,0.000679115153319,51.63024048475193,0.0,15.488084848019884,-0.22168580223751633,-0.6453624935438711,-0.0006883692469017433,5.0,2.8205898566665466,2.5032583347756456,0.42105263157894735,0.7401955070069466,0.5,0.24019550700694658,0.0,1.0,0.1,0.0,8.592202119890172e-05,0.34697976060800806,0.6490475682123305,0.8554427796645601,0.0,107.0,110.8,16.0,3.083125,69.0,-31.0,116.875,10.625,16.0,5.375,0.0,1.0,25544,2026-07-12 09:00:45.244503,asset
6797.804383647246,0.0006694999756291509,51.63010025024414,173.34060668945312,15.48994114,-0.6599062250870702,-1.1345435561388513,-0.0006149011211533661,5.0,3.050301855434982,2.7254805569978684,0.47368421052631576,0.8147065034387281,0.5,0.3147065034387281,0.0,0.8383753727607517,0.1,0.0,8.343882058292984e-05,0.34700467607112506,0.649304780837466,0.7955947303280637,0.0,107.0,110.8,16.0,3.083125,69.0,-31.0,116.875,10.625,16.0,5.375,0.0,1.0,25544,2026-07-12 19:10:09.377760,asset
6798.191010172451,0.0006903146464145,51.63013588318514,0.0,15.48861974355208,-0.15652036619212595,-0.6035152076319719,-0.00024046331876803606,6.0,2.7603136973125117,2.2810361125534233,0.47368421052631576,0.6966412493807509,0.5,0.1966412493807509,0.0,0.5818915241836017,0.1,0.0,7.324937855726308e-05,0.3469872547842724,0.6491835712151337,0.7573717004923359,0.0,100.0,106.4,7.0,1.70825,44.0,-28.0,112.125,9.5,16.0,-2.5,0.0,1.0,25544,2026-07-13 03:00:45.244503,asset
6798.049193999626,0.000686136066319,51.6298374109032,0.0,15.489104415294069,0.24481035238022741,-0.6736072634894299,-0.0013144391670110167,5.0,2.9708400131019856,2.1971597234241496,0.42105263157894735,0.5306136995588472,0.5,0.030613699558847185,0.0,0.8684786117910992,0.1,0.0,6.823015756370548e-05,0.34701592029359707,0.6391242264793587,0.7658062665693934,0.0,100.0,106.4,7.0,1.70825,44.0,-28.0,112.125,9.5,16.0,-2.5,0.0,1.0,25544,2026-07-13 15:00:45.244503,asset
6797.887660883324,0.0006730892431865,51.63010129236545,0.0,15.489656502565802,-0.30334928912634496,0.03877134431695595,-9.814000759433839e-05,5.0,3.181366328891459,2.4193819456463714,0.3157894736842105,0.5510528224118573,0.5,0.05105282241185727,0.0,8.00222673448361e-13,0.1,0.0,5.321215114254969e-05,0.3470188272214858,0.6492127853182671,0.8184351365097975,0.0,100.0,103.1,7.0,1.7915,39.0,-13.0,108.625,9.625,16.0,-2.625,0.0,1.0,25544,2026-07-14 03:00:45.244503,asset
6797.765931634855,0.0006702999817207456,51.63059997558594,165.360595703125,15.49007257,-0.28326236477096245,-0.06561421205879014,0.000499725341796875,5.0,3.155565013329719,2.7254805569978684,0.21052631578947367,0.5199036981782879,0.5,0.019903698178287854,0.0,3.2799666171344495e-16,0.1,0.0,4.6539054243753555e-05,0.34704225908457453,0.6492129867185563,0.823645169269585,0.0,100.0,103.1,7.0,1.7915,39.0,-13.0,108.625,9.625,16.0,-2.625,0.0,1.0,25544,2026-07-14 09:52:42.163104,asset
6797.761282790342,0.0006677000201307237,51.63059997558594,163.12620544433594,15.49008846,-0.12637809298212233,-0.0632940130726638,0.000301361083984375,6.0,3.0761031709967224,2.7254805569978684,0.3157894736842105,0.49871412436004336,0.5,-0.0012858756399566351,0.0,0.0492429980618355,0.1,0.0,3.846404625869446e-05,0.3470288170853456,0.6395367719191011,0.6596512868551956,0.0,100.0,103.1,7.0,1.7915,39.0,-13.0,108.625,9.625,16.0,-2.625,0.0,1.0,25544,2026-07-14 20:43:00.778080,asset
6797.743442301602,0.0006717999931424856,51.63100051879883,160.57269287109375,15.49014944,-0.02248933325336111,-0.5070540849928875,0.0010392868062183425,5.0,2.780858935500048,2.5032583347756456,0.47368421052631576,0.5919576927404435,0.5,0.09195769274044352,0.0,0.014958994594752823,0.1,0.0,3.7293678748350456e-05,0.34702458054547936,0.6463147979782328,0.8296050718121665,0.0,107.0,103.0,11.0,2.333375,29.0,-7.0,107.875,10.625,16.0,0.375,0.0,1.0,25544,2026-07-15 09:06:13.253184,asset
6797.722184830428,0.0006753000197932124,51.63119888305664,155.78480529785156,15.4902221,-0.03909795991421561,-0.07636208054827875,0.000797271728515625,3.0,2.6078612261419982,2.725480556997868,0.42105263157894735,0.6374424855830817,0.5,0.1374424855830817,0.0,0.8323315259471435,0.1,0.0,2.886652158952148e-05,0.3470287526658664,0.6316833113456843,0.775931320950587,0.0,101.0,104.6,7.0,1.708375,52.0,-10.0,106.25,10.125,16.0,-3.125,0.0,1.0,25544,2026-07-16 08:19:43.906080,asset
6797.69770354462,0.0006794999935664237,51.631500244140625,151.31590270996094,15.49030578,-0.04573875698224583,-0.4317194536070019,0.0006369436740456536,2.0,2.404793302461803,2.4193819456463714,0.47368421052631576,0.7724881910212825,0.5,0.2724881910212825,0.0,0.00011223350348191726,0.1,0.0,3.1753316325160895e-05,0.34703484687954655,0.6168515084125201,0.7967744733275016,0.0,105.0,108.2,4.0,0.875,36.0,-8.0,105.5,8.75,16.0,-4.75,0.0,1.0,25544,2026-07-17 06:00:20.087136,asset
6797.676016375525,0.0006793999928049743,51.63180160522461,147.16639709472656,15.49037991,-0.04616845490272681,-0.36088027850473736,0.0005706505708786835,0.0,2.0784916740291846,2.197159723424149,0.42105263157894735,0.82807861219493,0.5,0.32807861219492995,0.0,0.9906646664374702,0.1,0.0,2.6543329606793654e-05,0.3470317457779568,0.6086400039357168,0.8323176390627042,0.0,110.0,114.0,3.0,0.791625,29.0,-1.0,105.125,7.625,16.0,-4.625,0.0,1.0,25544,2026-07-18 02:08:01.938048,asset
6797.647627012113,0.0006797999958507717,51.63180160522461,141.73989868164062,15.49047695,-0.05007653250686417,-0.20886225152753468,0.0007488450362416188,0.0,2.074087044559035,1.8365916681089793,0.2631578947368421,0.8239119524817865,0.5,0.3239119524817865,0.0,0.2773167117084203,0.1,0.0,1.5362479054327473e-05,0.34703169290643965,0.6088773362366942,0.8593238659454276,0.0,120.0,123.2,2.0,0.45825,46.0,13.0,106.25,7.125,16.0,-5.125,0.0,1.0,25544,2026-07-19 04:27:19.257120,asset
6797.6207767513215,0.0006814000080339611,51.631500244140625,137.27139282226562,15.49056873,-0.05523962420375028,-0.13691043093695043,0.000598907470703125,0.0,2.582059910580258,2.4193819456463714,0.15789473684210525,0.8320788062012716,0.5,0.3320788062012716,0.0,0.11328250208978125,0.1,0.0,1.0070314845445849e-05,0.3470322633179167,0.6065444311652769,0.8774221812327625,0.0,141.0,141.3,3.0,0.66675,83.0,41.0,110.5,5.5,11.0,-2.5,0.0,1.0,25544,2026-07-20 02:07:54.205248,asset
6797.592867739705,0.0006836000247858465,51.63119888305664,133.75990295410156,15.49066413,-0.054759272407864046,-0.1791960521159126,0.000698089599609375,0.0,2.2081965922770874,2.5032583347756456,0.05263157894736842,0.8438743337636989,0.5,0.3438743337636989,0.0,0.9309348242836554,0.1,0.0,1.3180585594510268e-05,0.3470317649061371,0.469448016671576,0.9841695713307047,0.0,141.0,141.3,3.0,0.66675,83.0,41.0,110.5,5.5,11.0,-2.5,0.0,1.0,25544,2026-07-20 19:09:47.004480,asset
6797.486114025647,0.0006897000130265951,51.63130187988281,123.86409759521484,15.49102905,-0.13466272567438864,-0.23890278418821254,0.0,0.0,2.181552517188847,2.4193819456463714,0.10526315789473684,0.8852146516453585,0.5,0.3852146516453585,0.0,1.0,0.1,0.0,1.7572414496363146e-05,0.3470314284551398,0.5371648252913426,0.9795209766257187,0.0,149.0,155.0,10.0,2.333375,88.0,42.0,123.375,6.75,14.0,3.25,0.0,1.0,25544,2026-07-22 19:09:35.205696,asset
6797.423012183055,0.0006920999730937183,51.63140106201172,118.75640106201172,15.49124476,-0.16985555664996355,-0.2762038820355883,-9.918212890625e-05,0.0,2.4842551447948003,2.197159723424149,0.2631578947368421,0.804859737814176,0.5,0.30485973781417597,0.0,1.0,0.1,0.0,2.0316189271315038e-05,0.3470306743531072,0.5419985483090305,0.9720821940463553,0.0,148.0,152.3,24.0,3.2917499999999995,100.0,47.0,128.5,8.375,24.0,15.625,0.0,1.0,25544,2026-07-23 19:55:54.431040,asset
6797.318356628019,0.00069089,51.6316,110.7757,15.49160253,-0.16775739762852027,-0.3635664340490621,5.737304675790256e-07,0.0,2.6947814605842733,2.5032583347756456,0.3157894736842105,0.8258155011969748,0.5,0.3258155011969748,0.0,1.0,0.1,0.0,2.6742299767069216e-05,0.34702690076031506,0.5470161725525187,0.9735102594631885,0.0,144.0,149.2,6.0,1.3751250000000002,103.0,34.0,139.875,8.625,24.0,-2.625,0.0,1.0,25544,2026-07-25 10:38:14.228736,asset
7080.630856890466,0.0001500000071246177,98.20459747314453,84.44110107421875,14.57118365,-0.005108788778670714,-0.025080775010792422,-0.0027008056640625,0.0,2.6100635408770727,2.5032583347756456,0.05263157894736842,0.859230761928311,0.5,0.35923076192831105,0.0,0.31041113209293236,0.25,0.0,1.7710786572565822e-06,0.3470342230071686,0.3288178524789623,0.885130170700063,0.0,237.1,229.3,7.0,1.458375,140.0,77.5,203.27142857142857,8.142857142857142,18.0,-1.1428571428571423,0.0,1.0,25994,2014-01-07 11:36:49.405824,baseline
7080.688790512372,0.00015799999528098851,98.2123031616211,214.3262939453125,14.57100482,-0.006385308133758372,-0.020872980985586764,-0.000396728515625,0.0,3.11583409216322,2.6416041678685938,0.05263157894736842,0.8271371888506438,0.5,0.3271371888506438,0.0,0.023205283296210858,0.25,0.0,1.4739339247904918e-06,0.3470344986937808,0.32891133785889576,0.8848591202308079,0.0,116.9,119.7,4.0,0.875,102.0,-46.0,144.27499999999998,4.0,6.0,0.0,0.0,1.0,25994,2014-05-19 04:36:57.120192,baseline
7080.702043849383,0.00014859999646432698,98.20249938964844,346.948486328125,14.57096391,-0.028013307259243447,0.1096143443010078,-0.0012969970703125,2.0,1.9990298316961879,2.0588138903312014,0.42105263157894735,0.8401585619889629,0.5,0.3401585619889629,0.0,0.07632349818162991,0.25,0.0,1.3650262206434663e-05,0.34703358631754044,0.32900406390155745,0.88491714322847,0.0,162.1,162.6,12.0,2.6665,178.0,23.900000000000006,164.95,12.5,21.0,-0.5,0.0,1.0,25994,2014-09-30 17:10:47.577216,baseline
7080.646209201062,0.00011639999866019934,98.19869995117188,119.09290313720703,14.57113626,-0.009148578318672662,0.02196100276796642,-0.00240325927734375,0.0,2.418722908066561,2.113283334294875,0.05263157894736842,0.8814606603026885,0.5,0.38146066030268855,0.0,1.9929264040195292e-10,0.25,0.0,5.8357789455673455e-06,0.34703155538703734,0.328817107376843,0.8850828516782586,0.0,131.1,127.7,5.0,1.25,60.0,-23.30000000000001,145.41250000000002,7.75,12.0,-2.75,0.0,1.0,25994,2015-02-11 19:51:21.582432,baseline
7080.698097970379,0.00016379999578930438,98.20980072021484,250.1593017578125,14.57097609,-0.005160744334716583,-0.03977004678654339,-0.00150299072265625,0.0,1.9504809632118367,2.5032583347756456,0.05263157894736842,0.8717967629065893,0.5,0.37179676290658925,0.0,0.29372048254540395,0.25,0.0,2.8083303866260956e-06,0.3470345316743162,0.32902233219156113,0.8848884823960359,0.0,109.5,113.1,16.0,2.91675,36.0,-26.30000000000001,145.4375,22.0,72.0,-6.0,1.0,1.0,25994,2015-06-24 16:52:54.502176,baseline
7080.674957347273,0.0001218999968841672,98.20169830322266,12.173700332641602,14.57104752,-0.002821701026732626,-0.014037261483281327,-0.0005035400390625,1.0,2.7550576199383077,2.4193819456463714,0.05263157894736842,0.826777490311308,0.5,0.326777490311308,0.0,0.003648901403941917,0.25,0.0,9.912360542256503e-07,0.34703454522798605,0.32889048363199685,0.8849245930571467,0.0,106.2,104.9,1.0,0.249875,78.0,-17.5,116.225,6.0,10.0,-5.0,0.0,1.0,25994,2015-10-26 12:20:25.896768,baseline
7080.574304477706,0.00013729999773204327,98.19830322265625,127.67050170898438,14.57135822,-0.024513357788237045,-0.03394686190949869,-0.00029754638671875,0.0,3.010570934268484,2.5032583347756456,0.05263157894736842,0.7588766633839115,0.5,0.25887666338391147,0.0,0.9946897172215614,0.25,0.0,2.397174182847257e-06,0.34703460134185804,0.32905775604088133,0.8837528944562553,0.0,100.0,97.8,5.0,1.166625,52.0,-10.299999999999997,102.30000000000001,18.5,37.0,-13.5,1.0,1.0,25994,2016-02-20 17:35:22.331040,baseline
7080.652626809034,0.00015360000543296337,98.20819854736328,259.1653137207031,14.57111645,-0.0011856878700200468,-0.0032460646934850956,-0.00130462646484375,4.0,2.794788541104806,3.1699250014423126,0.05263157894736842,0.7440738076423201,0.5,0.24407380764232012,0.0,6.045080681340743e-22,0.25,0.0,3.4497470879242963e-07,0.347034961440299,0.32905235982724024,0.8853203153836654,0.0,72.3,74.8,8.0,1.916625,19.0,-4.299999999999997,73.35,6.75,10.0,1.25,0.0,1.0,25994,2016-07-03 02:09:01.018368,baseline
7080.650627986617,0.00014289999671746045,98.20909881591797,28.479000091552734,14.57112262,0.015559666624540114,0.010295370911080681,0.00029754638671875,4.0,1.8452178053170998,2.0588138903312014,0.05263157894736842,0.7781479461352835,0.5,0.2781479461352835,0.8482464813664427,0.4189639449083167,0.25,0.0,7.270082002699301e-07,0.3470346858740433,0.3290197955392563,0.8847239025193908,0.0,78.4,76.8,11.0,2.375,26.0,1.7000000000000028,77.6875,5.75,14.0,5.25,0.0,1.0,25994,2016-11-11 07:35:44.092320,baseline
7080.669495371416,6.749999738531187e-05,98.21109771728516,179.87789916992188,14.57106438,0.028132572389040433,0.016998145724755886,-0.0034027099609375,0.0,1.210810026106033,0.9864267287308426,0.05263157894736842,0.7926537362971767,0.5,0.2926537362971767,0.8408290226837896,0.9937025197291429,0.25,0.0,1.2003226772146902e-06,0.347034711700135,0.3281694695283277,0.8926166620126832,0.0,73.5,73.9,4.0,0.9165000000000001,25.0,-2.200000000000003,73.775,8.5,15.0,-4.5,0.0,1.0,25994,2017-04-13 22:19:22.498464,baseline
7080.61492478527,0.00012199999764561653,98.19779968261719,359.3485107421875,14.57123283,-0.00856211859445466,-0.008024353288419661,-0.00299835205078125,0.0,2.7153266987718094,2.725480556997868,0.05263157894736842,0.7774680625228333,0.5,0.2774680625228333,0.0,0.0019589776008595646,0.25,0.0,7.931153195657651e-07,0.34703488855464015,0.3291490695368292,0.8861251691452141,0.0,69.7,69.4,37.0,4.208375,0.0,-14.399999999999991,74.13749999999999,13.5,37.0,23.5,1.0,1.0,25994,2017-10-13 01:00:22.993920,baseline
7080.665160785971,0.00010489999840501696,98.21369934082031,142.451904296875,14.57107776,-0.00034339740886935033,-0.001380069084916613,-0.00060272216796875,4.0,2.6550505394177746,1.879964948727111,0.05263157894736842,0.8859219697938351,0.5,0.3859219697938351,0.0,0.8915515978748768,0.25,0.0,2.5003889764945505e-07,0.3470347744436688,0.3290383254194183,0.885160197662973,0.0,67.8,66.8,3.0,0.625,0.0,-1.0,67.7625,4.75,6.0,-1.75,0.0,1.0,25994,2018-03-07 03:22:23.844000,baseline
7080.648136749633,9.1200003225822e-05,98.20439910888672,281.08270263671875,14.57113031,0.0033562013695700443,0.0038162209375514067,0.0009002685546875,3.0,2.8153337792923425,2.1971597234241496,0.05263157894736842,0.8428856281869308,0.5,0.3428856281869308,0.0,0.9963276116575744,0.25,0.0,3.369676363483348e-07,0.34703476878883266,0.32904160274490135,0.885452339070878,0.0,65.8,67.9,8.0,1.7915,0.0,-5.400000000000006,68.76249999999999,6.75,17.0,1.25,0.0,1.0,25994,2018-07-25 18:38:24.448704,baseline
7080.653145142467,0.00011549999908311293,98.21170043945312,72.24729919433594,14.57111485,-0.0022806682372902287,-0.006913281246852421,-0.00119781494140625,3.0,2.8978493842644686,2.725480556997868,0.05263157894736842,0.7446948872159675,0.5,0.24469488721596755,0.0,0.11692156846793089,0.25,0.0,4.881806836904547e-07,0.3470346641691523,0.3290309531813376,0.8862160269804591,0.0,68.7,66.5,2.0,0.33325,0.0,-1.5,70.0125,3.875,11.0,-1.875,0.0,1.0,25994,2018-12-26 04:24:11.393280,baseline
7080.637361931937,0.00015019999409560114,98.2051010131836,225.67239379882812,14.57116357,0.001069056646883837,-0.0033561925765752676,0.00029754638671875,4.0,3.010570934268484,2.725480556997868,0.05263157894736842,0.7123836493503655,0.5,0.21238364935036547,0.0,1.0,0.25,0.0,3.124893698498494e-07,0.34703477699132734,0.32882829228189275,0.8850273640845893,0.0,68.7,70.6,7.0,1.874875,0.0,2.200000000000003,67.55,6.25,13.0,0.75,0.0,1.0,25994,2019-05-30 20:34:33.909024,baseline
7080.64568115017,0.00014289999671746045,98.19660186767578,352.6073913574219,14.57113789,0.00012958302613697015,-0.0005086134351586225,-0.00139617919921875,3.0,3.050301855434982,2.7254805569978684,0.05263157894736842,0.7417632163103777,0.5,0.24176321631037767,0.0,0.04003838779103762,0.25,0.0,1.5784625353009266e-07,0.34703490516952595,0.32889866253561584,0.8841906572122848,0.0,67.4,67.3,4.0,1.041625,0.0,0.0,67.975,7.625,12.0,-3.625,0.0,1.0,25994,2019-10-06 17:59:33.279936,baseline
7080.726616626821,0.0001627000019652769,98.20580291748047,107.66739654541016,14.57088806,0.00013930573368270416,-0.0030971245851105778,-0.00119781494140625,2.0,2.865576855207249,2.4193819456463714,0.05263157894736842,0.7213884730816124,0.5,0.22138847308161236,0.0,0.5515426729488925,0.25,0.0,2.438652963931108e-07,0.3470346977434414,0.3289838329566105,0.8847782350614614,0.0,73.9,71.7,7.0,1.583375,12.0,2.9000000000000057,73.475,5.0,12.0,2.0,0.0,1.0,25994,2020-01-31 11:42:55.994976,baseline
7080.643044136762,0.00013640000543091446,98.21320343017578,221.4510955810547,14.57114603,0.0003595925481931772,-0.0035052198354605935,-9.918212890625e-05,4.0,2.8205898566665466,2.7254805569978684,0.05263157894736842,0.85983363575897,0.5,0.35983363575897,0.0,0.09197478913913376,0.25,0.0,2.921298936436448e-07,0.3470347672022487,0.32898840039507443,0.883985505502849,0.0,70.3,72.1,5.0,1.250125,0.0,0.09999999999999432,69.7125,3.875,5.0,1.125,0.0,1.0,25994,2020-05-25 20:28:06.375648,baseline
7080.641139268651,0.00015100000018719584,98.20700073242188,333.42449951171875,14.57115191,-0.00046973776534287026,-0.001467525829866645,0.00040435791015625,3.0,2.5423289894137593,1.8799649487271113,0.05263157894736842,0.7774548060133963,0.5,0.27745480601339634,0.0,0.378830422281555,0.25,0.0,1.7477455348492217e-07,0.34703477658757964,0.32890384389252764,0.8839425623692656,0.0,69.5,70.2,2.0,0.58325,0.0,-0.20000000000000284,69.25,4.125,11.0,-2.125,0.0,1.0,25994,2020-09-16 10:22:24.218400,baseline
7080.630370956693,0.0001272999943466857,98.1947021484375,84.658203125,14.57118515,-0.0008973577660071896,-0.002815177483171283,-0.000396728515625,0.0,2.8655768552072485,2.6416041678685938,0.05263157894736842,0.8558760296506793,0.5,0.3558760296506793,0.0,0.7564032627981696,0.25,0.0,1.9879421015723676e-07,0.3470348269400322,0.3290719505080597,0.8835089596382133,0.0,74.6,72.2,4.0,1.124875,0.0,-6.6000000000000085,78.1125,4.0,10.0,0.0,0.0,1.0,25994,2021-01-07 10:01:42.888000,baseline
7080.59621002139,0.0001424999936716631,98.177001953125,203.6970977783203,14.5712906,-0.0008001613396118046,-0.00304191010127397,-0.00029754638671875,0.0,2.523986065961298,2.4193819456463714,0.05263157894736842,0.8999293933815521,0.5,0.3999293933815521,0.0,0.572153481367482,0.25,0.0,2.1480600164827132e-07,0.34703482951779463,0.3290429729663429,0.8843180507936794,0.0,75.9,77.4,3.0,0.624875,17.0,4.300000000000011,72.0625,3.625,8.0,-0.625,0.0,1.0,25994,2021-05-08 13:06:15.905952,baseline
7080.584632003664,0.0001419000036548823,98.17230224609375,309.6488952636719,14.57132634,-0.0009653729212004691,-0.0032589448028375045,-0.000396728515625,0.0,3.181366328891459,2.7254805569978684,0.05263157894736842,0.8296903249618077,0.5,0.3296903249618077,0.0,0.7056881350054087,0.25,0.0,2.3013238640578978e-07,0.34703482526871043,0.3290628420374058,0.8839913597921406,0.0,80.9,82.6,4.0,0.95825,20.0,7.800000000000011,76.775,3.875,6.0,0.125,0.0,1.0,25994,2021-08-24 11:35:52.280736,baseline
7080.566351530905,0.00012329999299254268,98.16130065917969,45.58919906616211,14.57138277,-0.0017817173020375776,-0.005040643120082677,-0.0001983642578125,0.0,2.680851854979515,2.5032583347756456,0.05263157894736842,0.8357453111013673,0.5,0.3357453111013673,0.0,0.29428284487719414,0.25,0.0,3.559489580784848e-07,0.3470348201148772,0.32905253850586547,0.8835028989508532,0.0,90.0,87.5,10.0,1.249875,59.0,9.099999999999994,89.2875,6.25,10.0,3.75,0.0,1.0,25994,2021-11-30 08:08:39.257664,baseline
7080.57177443396,0.0001277999981539324,98.14700317382812,138.11000061035156,14.57136603,-0.0009912844761856832,-0.004878677927990793,-0.00079345703125,0.0,2.5497873815230383,2.4193819456463714,0.05263157894736842,0.8353470292180734,0.5,0.33534702921807336,0.0,0.38201062092647065,0.25,0.0,3.5503431856772306e-07,0.3470347527802281,0.32905937702480365,0.883169995571635,0.0,113.1,111.2,10.0,2.33325,87.0,16.89999999999999,102.67500000000001,6.375,11.0,3.625,0.0,1.0,25994,2022-03-04 20:01:45.953760,baseline
7080.5566654873655,0.00012630000128410757,98.13680267333984,238.460693359375,14.57141267,-0.004635690952454752,-0.009877173160020902,0.0,0.0,2.4047933024618025,2.2810361125534238,0.05263157894736842,0.7656363163282104,0.5,0.2656363163282104,0.0,0.9969730442674357,0.25,0.0,6.974849077831765e-07,0.34703474100594134,0.32907532545375723,0.883315437984091,0.0,140.0,144.5,17.0,2.958375,148.0,40.099999999999994,120.89999999999999,8.125,17.0,8.875,0.0,1.0,25994,2022-06-15 11:53:25.321344,baseline
7080.481672659324,0.00010379999730503187,98.12779998779297,344.2851867675781,14.57164417,-0.0030806597860646434,-0.011367035756848054,-0.00060272216796875,0.0,2.8205898566665466,2.6416041678685938,0.05263157894736842,0.9017424875354287,0.5,0.40174248753542874,0.0,0.5419028867186282,0.25,0.0,8.027011857598323e-07,0.347034682538801,0.32908914180520005,0.8834337842428042,0.0,147.9,148.3,2.0,0.45825,110.0,1.4000000000000057,138.475,8.375,22.0,-6.375,0.0,1.0,25994,2022-10-01 20:28:41.285568,baseline
7074.622499788098,0.00018390000332146883,98.11499786376953,85.86019897460938,14.58975018,-0.00870241679604078,-0.021704368719838385,-0.00060272216796875,0.0,2.670339700231107,2.0588138903312014,0.05263157894736842,0.8672016475463836,0.5,0.3672016475463836,0.0,1.0,0.25,0.0,1.5339559658010535e-06,0.34703456293388135,0.32897046889318604,0.8833805367183171,0.0,208.5,201.7,11.0,2.45825,178.0,36.099999999999994,191.775,6.625,11.0,4.375,0.0,1.0,25994,2023-01-13 18:31:27.909120,baseline
7073.952348613782,9.57000011112541e-05,98.09729766845703,183.68589782714844,14.59182347,-0.011095221044342907,-0.03389986673300882,-0.000701904296875,0.0,3.070847093622518,2.725480556997868,0.05263157894736842,0.8578681106061149,0.5,0.3578681106061149,0.0,0.6484713259378443,0.25,0.0,2.3960964974115565e-06,0.3470343336222653,0.3290388679526829,0.884675497259701,0.0,135.2,136.7,65.0,4.2915,83.0,-42.60000000000002,152.39999999999998,14.375,65.0,50.625,1.0,1.0,25994,2023-04-23 23:12:12.078144,baseline
7073.658171449291,0.00011349999840604141,98.0907974243164,295.9624938964844,14.59273374,-0.008217943338422629,-0.02579789440460445,-0.0005035400390625,0.0,2.80004461847901,2.7254805569978684,0.05263157894736842,0.8507100529323327,0.5,0.3507100529323327,0.0,0.6227550514798547,0.25,0.0,1.823513605989918e-06,0.34703444476328094,0.3285719823559261,0.8849939216959436,0.0,151.9,155.7,6.0,1.5,145.0,-3.799999999999983,153.91250000000002,5.0,7.0,1.0,0.0,1.0,25994,2023-08-17 02:12:42.184224,baseline
7073.129788087676,0.00010930000280495733,98.0780029296875,25.253999710083008,14.59436895,-0.0038384137133107288,-0.016681628774676938,-0.0005950927734375,0.0,2.1148051443393325,1.6577427265048892,0.05263157894736842,0.8365995643926539,0.5,0.3365995643926539,0.0,0.12661556039966393,0.25,0.0,1.1792233258129093e-06,0.34703455478266676,0.32902280223434593,0.8830467582127033,0.0,117.9,115.3,6.0,1.583375,30.0,-20.799999999999983,131.825,8.625,14.0,-2.625,0.0,1.0,25994,2023-11-16 18:16:31.077984,baseline
7072.667468567162,0.0002840000088326633,98.06559753417969,108.02529907226562,14.59579996,-0.007035945931420429,-0.02396686825704819,-0.0009002685546875,0.0,2.5842622253153325,2.725480556997868,0.05263157894736842,0.8977037466242546,0.5,0.39770374662425456,0.0,0.00783435255025774,0.25,0.0,1.6943258996896325e-06,0.34703438729736735,0.32904397406397917,0.8830896807432727,0.0,183.4,178.6,5.0,1.08325,127.0,40.80000000000001,173.7375,4.375,7.0,0.625,0.0,1.0,25994,2024-02-09 20:07:14.939040,baseline
7072.232029901892,0.00032270001247525215,98.05030059814453,192.2030029296875,14.59714798,-0.007622717396770895,-0.025077525616325147,-0.000396728515625,0.0,2.860320777833045,2.5032583347756456,0.05263157894736842,0.8490776135538223,0.5,0.3490776135538223,0.0,0.4778174496548084,0.25,0.0,1.7729522178694935e-06,0.3470343076683551,0.32906201852141875,0.8835208377481214,0.0,171.2,174.3,16.0,2.708125,205.0,33.599999999999994,151.9,13.375,42.0,2.625,1.0,1.0,25994,2024-05-06 11:50:59.740800,baseline
7071.61581730156,0.000182400006451644,98.04540252685547,279.6871032714844,14.59905599,-0.009293817249272252,-0.02831749739652878,-0.0001983642578125,0.0,2.582059910580258,2.4193819456463714,0.05263157894736842,0.8950571341368296,0.5,0.39505713413682964,0.0,0.024290439343762717,0.25,0.0,2.002188261180623e-06,0.34703447066584514,0.3290645405768948,0.8831694939925774,0.0,240.8,247.9,49.0,4.583375,231.0,26.400000000000006,255.02499999999998,16.75,49.0,32.25,1.0,1.0,25994,2024-08-04 15:02:18.054240,baseline
7070.708060571001,0.00010689999908208847,98.03130340576172,8.736200332641602,14.60186748,-0.026371459455731383,-0.0749473693613254,-0.0012969970703125,0.0,2.7947885411048063,2.113283334294875,0.05263157894736842,0.8406538394714153,0.5,0.34065383947141525,0.0,0.0053128243740966615,0.25,0.0,5.299806816306898e-06,0.34703340570096675,0.32906435104941695,0.883111711469954,0.0,242.3,238.3,13.0,2.54175,191.0,-13.199999999999989,256.3125,11.375,16.0,1.625,0.0,1.0,25994,2024-11-04 11:01:39.997344,baseline
7069.894020425509,0.00026649999199435115,98.01840209960938,95.26499938964844,14.60438948,-0.010040122694590536,-0.03439023081045889,-0.00080108642578125,0.0,2.7550576199383077,2.197159723424149,0.05263157894736842,0.9105136472018229,0.5,0.41051364720182293,0.0,0.1476280411484423,0.25,0.0,2.432151404778781e-06,0.347034163287377,0.32900252311735106,0.8833781686869251,0.0,187.9,182.4,24.0,3.7501249999999997,159.0,6.200000000000017,179.75,7.5,24.0,16.5,0.0,1.0,25994,2025-02-01 19:16:37.565184,baseline
7069.166314576411,0.00036689999978989363,98.00080108642578,184.62710571289062,14.60664462,-0.007017562309556524,-0.04041494464036077,-0.00099945068359375,0.0,1.4287947340047853,2.4193819456463714,0.05263157894736842,0.7915334623403804,0.5,0.29153346234038036,0.0,0.5295579835890581,0.25,0.0,2.858524580692047e-06,0.34703446067716504,0.3290797459692577,0.8833851444334356,0.0,158.6,161.4,30.0,4.124875,93.0,5.0,153.1375,21.0,38.0,9.0,1.0,1.0,25994,2025-05-05 05:01:33.711744,baseline
7068.881267850894,0.0003316999936942011,97.99479675292969,273.777587890625,14.60752813,-0.003829426247648371,-0.013172344737540698,-0.00030517578125,0.0,2.9655839357277816,1.7527152789797047,0.05263157894736842,0.7943523506431173,0.5,0.29435235064311727,0.0,0.6148740342535154,0.25,0.0,9.317122349098351e-07,0.3470346789279972,0.3291233751596568,0.8832413795818291,0.0,156.6,161.1,9.0,2.125,116.0,5.099999999999994,147.85,8.125,11.0,0.875,0.0,1.0,25994,2025-08-05 11:57:21.495744,baseline
7068.412623303968,0.00035960000241175294,97.9751968383789,36.39039993286133,14.6089809,-0.004396498275127669,0.1334915925972382,-0.000701904296875,3.0,0.2974722489192897,0.5032583347756457,0.15789473684210525,0.888825181003282,0.5,0.388825181003282,0.0,1.0,0.25,0.0,9.823552263514583e-06,0.34704793258219824,0.3292841294290249,0.8842799570041701,0.0,168.5,163.4,19.0,2.7915,132.0,-41.0,196.02499999999998,15.25,32.0,3.75,1.0,1.0,25994,2025-12-10 15:04:50.401632,baseline
7068.012231936128,0.000309199996991083,97.95790100097656,128.47239685058594,14.61022228,-0.006963096070649044,-0.018109245717823796,-0.00119781494140625,0.0,2.582059910580258,2.0588138903312014,0.05263157894736842,0.7722596098516622,0.5,0.2722596098516622,0.0,0.9936074849649223,0.25,0.0,1.2810681648954447e-06,0.3470345551792374,0.3291348072588106,0.884072581197537,0.0,111.2,110.0,8.0,1.91675,69.0,-17.200000000000003,118.8625,15.625,42.0,-7.625,1.0,1.0,25994,2026-03-16 06:57:59.155200,baseline
7067.7476534421785,0.00017220000154338777,97.94550323486328,219.40960693359375,14.61104268,-0.0022283673424681183,-0.008658716526952048,-0.0001983642578125,0.0,2.8000446184790104,2.0588138903312014,0.05263157894736842,0.8094913051010503,0.5,0.3094913051010503,0.0,0.9873949936786319,0.25,0.0,6.125507726380444e-07,0.3470347020023147,0.32906375450956804,0.8830811310213713,0.0,111.0,114.3,6.0,1.500125,51.0,-16.400000000000006,119.6,8.5,16.0,-2.5,0.0,1.0,25994,2026-06-18 22:22:44.848992,baseline
7067.746382854349,0.00017729999672155827,97.94550323486328,220.0220947265625,14.61104662,-0.0015737230814920622,-0.008794156397016195,-0.0001983642578125,0.0,2.905307776373747,2.2810361125534238,0.05263157894736842,0.8921829145653604,0.5,0.39218291456536036,0.0,0.8448847001076121,0.25,0.0,6.221324105964842e-07,0.347034703655556,0.3290903121011527,0.8830942065985423,0.0,108.0,114.3,6.0,1.5,61.0,-20.30000000000001,117.175,7.25,12.0,-1.25,0.0,1.0,25994,2026-06-19 13:41:13.817184,baseline
7067.744909102177,0.00018269999418407679,97.94539642333984,220.66360473632812,14.61105119,-0.002744340001299861,-0.008607110527918849,-0.00030517578125,0.0,3.050301855434982,2.4193819456463714,0.05263157894736842,0.800731657217188,0.5,0.300731657217188,0.0,0.6344273497928211,0.25,0.0,6.08900206576584e-07,0.34703475771020165,0.32910905120288564,0.8830982857563162,0.0,113.0,116.2,6.0,1.666625,88.0,-8.5,115.2625,6.5,12.0,-0.5,0.0,1.0,25994,2026-06-20 05:43:07.823136,baseline
7067.737075977155,0.00021129999367985874,97.94519805908203,224.2205047607422,14.61107548,-0.009306877193921537,-0.014895533004164463,-0.0005035400390625,0.0,1.634064972420055,1.4466166676282084,0.05263157894736842,0.8838549376309199,0.5,0.38385493763091993,0.0,0.9944169870419457,0.25,0.0,1.0537679386466943e-06,0.34703478939022936,0.32909708554935735,0.8831582004364181,0.0,135.0,134.7,6.0,1.4166249999999998,76.0,22.0,116.25,5.5,6.0,0.5,0.0,1.0,25994,2026-06-23 22:36:32.465088,baseline
7067.732632163716,0.00022190000163391232,97.94519805908203,225.45899963378906,14.61108926,-0.012276938461582176,-0.017826893204073713,-0.00040435791015625,0.0,1.888510596427247,2.058813890331201,0.05263157894736842,0.8578914283168794,0.5,0.35789142831687937,0.0,0.9845395146815189,0.25,0.0,1.2611441610192745e-06,0.3470347381216943,0.3290501367368028,0.8842127519731008,0.0,156.0,161.1,24.0,3.625,87.0,45.0,124.875,8.625,24.0,15.375,0.0,1.0,25994,2026-06-25 05:33:41.374368,baseline
7067.731480901141,0.0002263000060338527,97.94519805908203,226.05320739746094,14.61109283,-0.005595076013378275,-0.017223840027327242,-0.00040435791015625,0.0,1.8240460500219926,2.2810361125534238,0.05263157894736842,0.8585976370873529,0.5,0.3585976370873529,0.0,0.3281988331511757,0.25,0.0,1.2184820966936248e-06,0.3470343610015826,0.32902831372235697,0.8864911294133088,0.0,156.0,161.1,24.0,3.625,87.0,45.0,124.875,8.625,24.0,15.375,0.0,1.0,25994,2026-06-25 20:24:47.176128,baseline
7067.7295266581805,0.0002327999973203987,97.94519805908203,226.79600524902344,14.61109889,-0.0031055055351316696,-0.01824932803174306,-0.00040435791015625,0.0,1.9732285161344476,2.0588138903312014,0.05263157894736842,0.8617755754370748,0.5,0.36177557543707484,0.0,0.528049536582466,0.25,0.0,1.2910293625381416e-06,0.3470340553843926,0.3290926716102635,0.8866461867589199,0.0,164.0,168.1,11.0,2.5,104.0,56.0,131.5,9.25,24.0,1.75,0.0,1.0,25994,2026-06-26 14:58:37.787808,baseline
7067.727388601835,0.0002376000047661364,97.94509887695312,227.3665008544922,14.61110552,-0.004092299306648783,-0.019339310573741386,-0.00040435791015625,0.0,2.1234786725698864,2.1971597234241496,0.05263157894736842,0.8181494116287987,0.5,0.31814941162879873,0.0,0.968758642506377,0.25,0.0,1.3681392772929708e-06,0.34703454671308365,0.32912853018375327,0.885729310210713,0.0,187.0,194.1,6.0,1.54175,112.0,74.0,141.375,9.25,24.0,-3.25,0.0,1.0,25994,2026-06-27 05:14:05.961120,baseline
7067.725805215749,0.00024189999385271221,97.94509887695312,228.04769897460938,14.61111043,-0.0037214424319245154,-0.01971338121620647,-0.00040435791015625,0.0,2.147077673396552,2.5032583347756456,0.05263157894736842,0.847607947655233,0.5,0.34760794765523295,0.0,0.02461032520689009,0.25,0.0,1.3946027703651907e-06,0.347034715707206,0.32912314110259483,0.8850206413289763,0.0,187.0,194.1,6.0,1.54175,112.0,74.0,141.375,9.25,24.0,-3.25,0.0,1.0,25994,2026-06-27 22:15:34.552800,baseline
7067.72377680595,0.0002468999882694334,97.94509887695312,228.70159912109375,14.61111672,-0.0036117958843533415,-0.01607252710891771,-0.0001983642578125,0.0,2.294274067192862,2.5032583347756456,0.05263157894736842,0.8375741508409933,0.5,0.3375741508409933,0.0,0.8939359621772258,0.25,0.0,1.1370350767523246e-06,0.3470346377582243,0.3290951517114735,0.8833514748888428,0.0,190.0,192.3,4.0,0.9585,130.0,73.0,151.0,9.0,24.0,-5.0,0.0,1.0,25994,2026-06-28 14:36:06.308640,baseline
7067.717772205503,0.0002601000014692545,97.94499969482422,230.6103057861328,14.61113534,-0.008033010245526384,-0.01508247120091255,-0.0001983642578125,0.0,2.3392610657335644,2.197159723424149,0.05263157894736842,0.8982238556401708,0.5,0.3982238556401708,0.0,1.0,0.25,0.0,1.0669955668112392e-06,0.34703466664194227,0.3291165898998176,0.8833904152225401,0.0,203.0,209.3,18.0,2.666625,126.0,68.0,171.5,10.625,24.0,7.375,0.0,1.0,25994,2026-06-30 14:18:19.706688,baseline
7067.71478603409,0.00026470000739209354,97.94490051269531,231.17930603027344,14.6111446,-0.008990771860226232,-0.016730340119465836,-0.00029754638671875,0.0,2.499544305608132,2.4193819456463714,0.05263157894736842,0.8131908006881929,0.5,0.31319080068819294,0.0,0.9699555688827445,0.25,0.0,1.1835728324357081e-06,0.347034693807459,0.3290928281777618,0.8838080297292615,0.0,216.0,258.1,12.0,2.45825,150.0,79.0,181.625,11.375,24.0,0.625,0.0,1.0,25994,2026-07-01 04:31:32.261376,baseline
7067.714182995537,0.0002677000011317432,97.94490051269531,231.59669494628906,14.61114647,-0.0035892099658667576,-0.015946704468660755,-0.00029754638671875,0.0,2.589518302689536,2.6416041678685938,0.05263157894736842,0.8505148127483863,0.5,0.35051481274838625,0.0,0.6472830396072382,0.25,0.0,1.1281354246930233e-06,0.34703450955715076,0.32909776126998214,0.884253135125963,0.0,216.0,258.1,12.0,2.45825,150.0,79.0,181.625,11.375,24.0,0.625,0.0,1.0,25994,2026-07-01 14:57:30.750912,baseline
7067.710764704568,0.0002747999969869852,97.9448013305664,232.5821990966797,14.61115707,-0.004021329522402084,-0.017004426030325703,-0.00029754638671875,0.0,2.689525383210069,2.5032583347756456,0.05263157894736842,0.8610532373797097,0.5,0.36105323737970973,0.0,0.004449613434640639,0.25,0.0,1.2029634426916762e-06,0.3470343803937964,0.3290452615248851,0.8847437502418867,0.0,202.0,209.7,3.0,0.75,127.0,46.0,189.75,10.125,24.0,-7.125,0.0,1.0,25994,2026-07-02 15:35:17.179296,baseline
7067.7066788848415,0.0002840000088326633,97.9446029663086,233.93930053710938,14.61116974,-0.0075041106956632575,-0.019284346994027146,-0.00049591064453125,0.0,2.7742433029172693,2.5032583347756456,0.05263157894736842,0.8301763645856678,0.5,0.3301763645856678,0.0,0.18437175637415004,0.25,0.0,1.3642549420124705e-06,0.34703469475368665,0.3290947825023723,0.8846890251993034,0.0,163.0,166.0,77.0,5.70825,99.0,-24.0,192.5,16.375,77.0,60.625,1.0,1.0,25994,2026-07-04 01:30:27.614304,baseline
7067.701151589574,0.00029039999935775995,97.9446029663086,235.00039672851562,14.61118688,-0.009613114993953786,-0.023512040830610204,-0.00049591064453125,0.0,2.4995443056081323,2.1971597234241496,0.05263157894736842,0.865136079828992,0.5,0.365136079828992,0.0,0.28599266272804447,0.25,0.0,1.6633401486598496e-06,0.3470346534206713,0.32909086177183994,0.885519951012962,0.0,138.0,143.4,16.0,3.0835,101.0,-52.0,186.375,17.625,77.0,-1.625,1.0,1.0,25994,2026-07-05 04:01:46.114176,baseline
7067.701267682011,0.000294700002996251,97.94450378417969,235.65789794921875,14.61118652,-0.005411202830146067,-0.01971321011387772,-0.00049591064453125,1.0,2.3598063039211006,2.0588138903312014,0.05263157894736842,0.846308870770325,0.5,0.346308870770325,0.0,0.5503893268332996,0.25,0.0,1.44455715243659e-06,0.3470345914125962,0.3291164136623042,0.8847019810626449,0.0,138.0,143.4,16.0,3.0835,101.0,-52.0,186.375,17.625,77.0,-1.625,1.0,1.0,25994,2026-07-05 20:27:44.225280,baseline
7067.70006483559,0.0003006999904755503,97.94450378417969,236.58749389648438,14.61119025,-0.001086753984054667,-0.016285229570712545,-0.000396728515625,1.0,2.247084753917085,1.6577427265048887,0.05263157894736842,0.7865327918754328,0.5,0.2865327918754328,0.0,0.1158344041474822,0.25,0.0,1.1520863419336512e-06,0.3470341081607844,0.32910849716569723,0.8847640198694947,0.0,128.0,129.5,6.0,1.583375,72.0,-72.0,178.625,17.875,77.0,-11.875,1.0,1.0,25994,2026-07-06 19:41:52.480320,baseline
7067.698410519498,0.000304599991068244,97.94439697265625,237.2467041015625,14.61119538,-0.002857162513464573,-0.016285220041936554,-0.0005035400390625,1.0,2.074087044559035,2.7254805569978684,0.05263157894736842,0.7653965885334147,0.5,0.26539658853341475,0.0,0.6153589644908366,0.25,0.0,1.1520859376124735e-06,0.34703464511260507,0.3291059630386491,0.8848999379850067,0.0,113.0,114.1,3.0,0.7498750000000001,59.0,-90.0,167.75,17.875,77.0,-14.875,1.0,1.0,25994,2026-07-07 12:10:26.026752,baseline
7067.69718187601,0.0003080999886151403,97.94439697265625,237.89419555664062,14.61119919,-0.0028829595794377383,-0.014814702752119047,-0.00040435791015625,1.0,1.950480963211837,2.5032583347756456,0.05263157894736842,0.7850986269621304,0.5,0.2850986269621304,0.0,0.000692250453700613,0.25,0.0,1.048055617056766e-06,0.34703482407197994,0.32912247440539305,0.8838826032747048,0.0,114.0,119.8,11.0,2.4998750000000003,85.0,-102.0,156.625,17.0,77.0,-6.0,1.0,1.0,25994,2026-07-08 04:21:24.903072,baseline
7067.695679126432,0.00031289999606087804,97.94439697265625,238.6221923828125,14.61120385,-0.0027313930659147445,-0.014282602838648017,-0.00030517578125,0.0,1.7216117239699016,2.4193819456463714,0.05263157894736842,0.8215251151529694,0.5,0.32152511515296944,0.0,3.6134721440629753e-05,0.25,0.0,1.0104128587286086e-06,0.3470347302344625,0.32920660181765066,0.8836904931457503,0.0,114.0,119.8,11.0,2.4998750000000003,85.0,-102.0,156.625,17.0,77.0,-6.0,1.0,1.0,25994,2026-07-08 22:33:03.979296,baseline
7067.692347926892,0.00032220000866800547,97.94429779052734,240.20799255371094,14.61121418,-0.004833949118619785,-0.008842360160087992,-0.00020599365234375,0.0,2.80004461847901,2.4193819456463714,0.05263157894736842,0.9263666892784859,0.5,0.42636668927848587,0.0,1.0,0.25,0.0,6.255473095113507e-07,0.34703475380770876,0.3292624801596433,0.8839601085926153,0.0,113.0,110.7,12.0,2.583375,81.0,-66.0,132.375,18.5,77.0,-6.5,1.0,1.0,25994,2026-07-10 14:11:12.130368,baseline
7067.690877427664,0.00032640001154504716,97.94429779052734,241.05709838867188,14.61121874,-0.004801698767550988,-0.009703374155833444,-0.00020599365234375,0.0,2.689525383210069,2.5032583347756456,0.05263157894736842,0.8160420260360902,0.5,0.3160420260360902,0.0,0.36665155393668786,0.25,0.0,6.86459292737868e-07,0.34703471029811117,0.32925392454012464,0.8841738308216779,0.0,111.0,115.3,6.0,1.749875,76.0,-52.0,123.875,18.25,77.0,-12.25,1.0,1.0,25994,2026-07-11 11:24:36.669888,baseline
7067.690026086357,0.0003279999946244061,97.94429779052734,241.50660705566406,14.61122138,-0.002321840534932562,-0.010206438248133054,-0.00020599365234375,0.0,2.6100635408770727,2.4193819456463714,0.05263157894736842,0.8737812301554876,0.5,0.3737812301554876,0.0,0.10889257098835287,0.25,0.0,7.22048303986634e-07,0.3470345489163561,0.32917799622897964,0.8844897146258615,0.0,111.0,115.3,6.0,1.749875,76.0,-52.0,123.875,18.25,77.0,-12.25,1.0,1.0,25994,2026-07-11 22:38:37.225824,baseline
7067.689210217844,0.0003302000113762915,97.94429779052734,242.0471954345703,14.61122391,-0.0016672098199705943,-0.009719492370095395,-9.918212890625e-05,0.0,2.5100564603565396,2.5032583347756456,0.05263157894736842,0.8239558378057097,0.5,0.3239558378057097,0.0,0.9843858490035088,0.25,0.0,6.875997271967999e-07,0.34703463393514866,0.3290994936667976,0.8841743007154895,0.0,107.0,110.8,16.0,3.083125,69.0,-31.0,116.875,10.625,16.0,5.375,0.0,1.0,25994,2026-07-12 12:09:29.166048,baseline
7067.687955780155,0.0003328000020701438,97.94429779052734,242.69740295410156,14.6112278,-0.0020703062018583296,-0.009877502572635422,-9.918212890625e-05,0.0,2.4370658315190226,2.113283334294875,0.05263157894736842,0.8502793854531976,0.5,0.3502793854531976,0.0,0.9587791337587381,0.25,0.0,6.987781775978674e-07,0.3470347361349404,0.329106417562996,0.8839705874007959,0.0,100.0,106.4,7.0,1.70825,44.0,-28.0,112.125,9.5,16.0,-2.5,0.0,1.0,25994,2026-07-13 04:24:33.020064,baseline
7067.687275352746,0.00033489998895674944,97.94429779052734,243.16160583496094,14.61122991,-0.0019348650985193672,-0.008800422102467564,-9.918212890625e-05,0.0,2.1353503825268687,1.8910611120726528,0.05263157894736842,0.8402827656257875,0.5,0.3402827656257875,0.0,0.7030781927854561,0.25,0.0,6.225808768787663e-07,0.3470348080168474,0.3291592567296053,0.8833237319190925,0.0,100.0,106.4,7.0,1.70825,44.0,-28.0,112.125,9.5,16.0,-2.5,0.0,1.0,25994,2026-07-13 16:00:36.792864,baseline
7067.6858177552485,0.0003387999895494431,97.94419860839844,244.0823974609375,14.61123443,-0.0021380249063440715,-0.0068558744260371896,-9.918212890625e-05,0.0,2.9655839357277816,2.4193819456463714,0.05263157894736842,0.871579666214902,0.5,0.371579666214902,0.0,1.4986529237988217e-06,0.25,0.0,4.850151530230882e-07,0.3470347723362419,0.3291300341889364,0.8830210040731575,0.0,100.0,103.1,7.0,1.7915,39.0,-13.0,108.625,9.625,16.0,-2.625,0.0,1.0,25994,2026-07-14 15:01:38.870112,baseline
7067.684992213635,0.00034100000630132854,97.94419860839844,244.60110473632812,14.61123699,-0.002283139110659249,-0.006378605131430959,-9.918212890625e-05,0.0,2.6048074635028686,2.4193819456463714,0.05263157894736842,0.8083788187712619,0.5,0.30837881877126194,0.0,0.15791368141512563,0.25,0.0,4.512510688113235e-07,0.3470347819622319,0.32914619780129,0.882739972902481,0.0,107.0,103.0,11.0,2.333375,29.0,-7.0,107.875,10.625,16.0,0.375,0.0,1.0,25994,2026-07-15 03:59:30.074784,baseline
7067.684102176855,0.0003443000023253262,97.94409942626953,245.26100158691406,14.61123975,-0.001715578393486794,-0.006010978487211105,-0.0001983642578125,0.0,2.4650694618158373,2.5032583347756456,0.05263157894736842,0.8617806057133003,0.5,0.3617806057133003,0.0,0.4499823241007435,0.25,0.0,4.252435851059123e-07,0.3470347704421636,0.3291211332179319,0.8832798765175894,0.0,107.0,103.0,11.0,2.333375,29.0,-7.0,107.875,10.625,16.0,0.375,0.0,1.0,25994,2026-07-15 20:29:08.404800,baseline
7067.683512043926,0.00034580001374706626,97.94409942626953,245.6511993408203,14.61124158,-0.0014801697088842047,-0.006088371872465359,-0.0001983642578125,0.0,2.755057619938308,2.6416041678685938,0.05263157894736842,0.8835297306238521,0.5,0.3835297306238521,0.0,0.9669296176441002,0.25,0.0,4.307187729630027e-07,0.34703476581456316,0.3291060397272826,0.8831745925324348,0.0,101.0,104.6,7.0,1.708375,52.0,-10.0,106.25,10.125,16.0,-3.125,0.0,1.0,25994,2026-07-16 06:14:21.679296,baseline
7067.6821221684995,0.0003485000052023679,97.94400024414062,246.49789428710938,14.61124589,-0.0019800083555310266,-0.006259281965867558,-0.00029754638671875,0.0,2.9450386975402454,2.5032583347756456,0.05263157894736842,0.8094329376374003,0.5,0.3094329376374003,0.0,0.0019215002522131115,0.25,0.0,4.4280979959959736e-07,0.34703477848569486,0.32912960716066125,0.8833050377250777,0.0,105.0,108.2,4.0,0.875,36.0,-8.0,105.5,8.75,16.0,-4.75,0.0,1.0,25994,2026-07-17 03:24:16.913088,baseline
7067.681596531334,0.0003504999913275242,97.94400024414062,247.03939819335938,14.61124752,-0.001915512591949664,-0.005985174964735052,-0.00029754638671875,0.0,3.036372249830224,2.4193819456463714,0.05263157894736842,0.8603482453388275,0.5,0.3603482453388275,0.0,5.27041261897388e-05,0.25,0.0,4.234182795293387e-07,0.3470348089204257,0.3291576348728239,0.8833018480771666,0.0,105.0,108.2,4.0,0.875,36.0,-8.0,105.5,8.75,16.0,-4.75,0.0,1.0,25994,2026-07-17 16:56:18.337920,baseline
7067.68030339983,0.0003535999858286232,97.94390106201172,247.90440368652344,14.61125153,-0.0018187686691817362,-0.006127062240011583,-0.00029754638671875,0.0,2.996641328663726,2.197159723424149,0.05263157894736842,0.7873642102969911,0.5,0.2873642102969911,0.0,0.9969989910964101,0.25,0.0,4.334560983181832e-07,0.34703477117875625,0.32916209588168727,0.8831638041398898,0.0,110.0,114.0,3.0,0.791625,29.0,-1.0,105.125,7.625,16.0,-4.625,0.0,1.0,25994,2026-07-18 14:33:30.094848,baseline
7067.6792231033905,0.0003556000010576099,97.94380187988281,248.54429626464844,14.61125488,-0.0023734279438940575,-0.006198004881298402,-0.000396728515625,0.0,2.8258459340407502,2.197159723424149,0.05263157894736842,0.8660941553206118,0.5,0.36609415532061185,0.0,0.9677004997078504,0.25,0.0,4.3847496525941056e-07,0.3470347793818783,0.32912456404994406,0.8832941362823568,0.0,120.0,123.2,2.0,0.45825,46.0,13.0,106.25,7.125,16.0,-5.125,0.0,1.0,25994,2026-07-19 06:33:21.647808,baseline
7067.6775720242595,0.0003583999932743609,97.9437026977539,249.46629333496094,14.61126,-0.002731375570874661,-0.006707514974550577,-0.00049591064453125,0.0,2.6100635408770727,2.0588138903312014,0.05263157894736842,0.8302989152675401,0.5,0.33029891526754007,0.0,1.0,0.25,0.0,4.745201044619416e-07,0.3470347761711926,0.3291685766877304,0.8835326603724956,0.0,141.0,141.3,3.0,0.66675,83.0,41.0,110.5,5.5,11.0,-2.5,0.0,1.0,25994,2026-07-20 05:36:00.093024,baseline
7067.676053161298,0.0003606000100262463,97.9437026977539,250.1201934814453,14.61126471,-0.003169942092426936,-0.007545951412794238,-0.000396728515625,0.0,2.689525383210069,2.7254805569978684,0.05263157894736842,0.8589873169346894,0.5,0.35898731693468944,0.0,1.0,0.25,0.0,5.338349772217159e-07,0.34703476900324626,0.32911137019111214,0.8837682357968406,0.0,141.0,141.3,3.0,0.66675,83.0,41.0,110.5,5.5,11.0,-2.5,0.0,1.0,25994,2026-07-20 21:56:42.194400,baseline
7067.6726252421595,0.00036360000376589596,97.943603515625,251.43870544433594,14.61127534,-0.004946782099978009,-0.00997741683931963,-0.000396728515625,0.0,2.7947885411048063,2.9477027792200907,0.05263157894736842,0.8437714038211073,0.5,0.34377140382110727,0.0,1.0,0.25,0.0,7.058480777456701e-07,0.3470347633779487,0.3290245219042946,0.8839800880844826,0.0,149.0,155.0,10.0,2.333375,88.0,42.0,123.375,6.75,14.0,3.25,0.0,1.0,25994,2026-07-22 06:54:15.258240,baseline
7067.670296968315,0.0003654999891296029,97.94349670410156,252.35980224609375,14.61128256,-0.005756192983426445,-0.01136083360415796,-0.0005035400390625,0.0,2.886122093394785,2.9477027792200907,0.05263157894736842,0.8496638701701341,0.5,0.3496638701701341,0.0,0.9967878464299046,0.25,0.0,8.03717450684855e-07,0.34703466545435147,0.32911194993616555,0.884352411958226,0.0,148.0,152.3,24.0,3.2917499999999995,100.0,47.0,128.5,8.375,24.0,15.625,0.0,1.0,25994,2026-07-23 05:55:49.358784,baseline
7067.668707164698,0.00036609999369829893,97.94349670410156,252.94769287109375,14.61128749,-0.003918077461094072,-0.011960633725720982,-0.00040435791015625,0.0,3.010570934268484,2.7254805569978684,0.05263157894736842,0.8081155866563566,0.5,0.30811558665635663,0.0,0.18315736890466267,0.25,0.0,8.461501977428533e-07,0.3470346292036931,0.32916176523016427,0.8844293272828254,0.0,148.0,152.3,24.0,3.2917499999999995,100.0,47.0,128.5,8.375,24.0,15.625,0.0,1.0,25994,2026-07-23 20:37:35.673024,baseline
7067.666256353574,0.000367600005120039,97.94349670410156,253.6905059814453,14.61129509,-0.004040614740915771,-0.013553657086049498,-0.00030517578125,0.0,3.11583409216322,2.9477027792200907,0.05263157894736842,0.8705399673516927,0.5,0.3705399673516927,0.0,0.029911652232813963,0.25,0.0,9.588481614415737e-07,0.34703457260404036,0.3291226025952401,0.8845261640101245,0.0,153.0,154.9,7.0,1.41675,109.0,48.0,135.0,8.375,24.0,-1.375,0.0,1.0,25994,2026-07-24 15:11:37.786272,baseline
7080.7047910655965,0.00010840000322787091,98.2238998413086,325.3843078613281,14.57095543,0.1759492829296505,0.08374354208535806,0.00209808349609375,2.0,0.7742433029172696,1.2243944454059859,0.2631578947368421,0.7758823221439912,0.5,0.2758823221439912,0.0,1.0,0.25,0.0,8.115904876439984e-06,0.34704690402901917,0.3464853311457896,0.8936126310490458,0.0,143.3,138.9,10.0,2.29175,154.0,17.10000000000001,132.475,3.5,10.0,6.5,0.0,1.0,27424,2014-01-22 03:41:42.672768,baseline
7080.699422981682,0.00013760000001639128,98.22540283203125,326.1626892089844,14.570972,-0.04035968770040199,0.06399507010974048,0.00260162353515625,2.0,0.2974722489192897,2.6416041678685938,0.21052631578947367,0.8358729220994171,0.5,0.3358729220994171,0.0,0.290650079774329,0.25,0.0,1.070858963734129e-05,0.3470318674200038,0.4171443201843229,0.895242681599814,0.0,121.1,117.3,8.0,2.0001249999999997,60.0,-3.6000000000000085,124.1625,6.75,12.0,1.25,0.0,1.0,27424,2015-01-23 03:37:04.158912,baseline
7080.61956705067,0.00019130000146105886,98.20919799804688,252.51629638671875,14.5712185,-0.015880298285992467,-0.03987585059894627,0.001495361328125,0.0,2.6873230684749947,2.113283334294875,0.05263157894736842,0.8207007783979197,0.5,0.32070077839791966,0.0,0.8891800321078058,0.25,0.0,2.8158328373704086e-06,0.3470342140289675,0.3290509376078342,0.8879449363192415,0.0,107.6,105.6,25.0,3.8335,66.0,-14.400000000000006,114.425,21.25,38.0,3.75,1.0,1.0,27424,2015-11-09 19:43:03.285984,baseline
7080.571061745988,9.200000204145908e-05,98.1968994140625,68.09980010986328,14.57136823,-0.007560980619018665,-0.02051900633978221,0.0009002685546875,0.0,2.865576855207249,2.7254805569978684,0.05263157894736842,0.8428005990207126,0.5,0.3428005990207126,0.0,0.0002629162818095089,0.25,0.0,1.4489623480491178e-06,0.3470344704557966,0.32905470031316786,0.8886999559037483,0.0,87.1,88.7,6.0,1.541625,60.0,-7.800000000000011,91.3125,9.5,30.0,-3.5,1.0,1.0,27424,2016-05-05 21:28:24.234816,baseline
7080.646102295046,0.00022590000298805535,98.21330261230469,254.2855987548828,14.57113659,-0.007917535306660284,-0.02120634521543252,0.00220489501953125,0.0,2.755057619938308,2.7254805569978684,0.05263157894736842,0.840179713861917,0.5,0.34017971386191703,0.0,0.12112008667819418,0.25,0.0,1.4974832291804605e-06,0.3470346113064643,0.32896249547873674,0.8891227040886575,0.0,80.2,78.6,14.0,2.708375,24.0,4.6000000000000085,77.3375,6.375,16.0,7.625,0.0,1.0,27424,2016-11-10 22:29:33.382752,baseline
7080.630866609142,0.00024399999529123306,98.2040023803711,99.37750244140625,14.57118362,-0.0025916482063621515,-0.011642998173556407,0.0005035400390625,0.0,2.4842551447947994,2.4193819456463714,0.05263157894736842,0.8744779217876569,0.5,0.37447792178765693,0.0,0.9543713527144732,0.25,0.0,8.221713597268272e-07,0.3470347072762884,0.3285488732874951,0.8885066650967615,0.0,75.4,77.6,4.0,1.04175,24.0,1.7000000000000028,76.51250000000002,4.625,8.0,-0.625,0.0,1.0,27424,2017-06-06 22:23:42.173664,baseline
7080.666135905138,0.00027180000324733555,98.21499633789062,235.4040069580078,14.57107475,-0.0029188803100623772,0.022508645229208923,0.0010986328125,2.0,0.5907239186406503,2.7254805569978684,0.21052631578947367,0.8937516048417843,0.5,0.3937516048417843,0.0,0.0,0.25,0.0,1.8907303191085942e-06,0.34703585797531733,0.32913420042738295,0.8852667610416052,0.0,77.3,76.5,6.0,1.29175,11.0,7.0,73.45,9.375,25.0,-3.375,0.0,1.0,27424,2017-10-22 23:08:13.133760,baseline
7080.680270311358,0.00023049999435897917,98.22509765625,7.334499835968018,14.57103112,-0.00230984663903655,-0.002452389832797053,-0.00690460205078125,4.0,1.0214554656116668,1.2243944454059863,0.05263157894736842,0.8850625653569768,0.5,0.3850625653569768,0.0,1.0,0.25,0.0,2.8687055467635197e-07,0.3470347969577118,0.3286455025978433,0.8880655327225542,0.0,67.6,66.5,4.0,1.0831250000000001,0.0,-2.200000000000003,68.05,6.875,18.0,-2.875,0.0,1.0,27424,2018-03-05 13:57:41.999904,baseline
7080.759816942118,0.00019950000569224358,98.20359802246094,140.66270446777344,14.57078558,-0.0013865946239093319,0.12118509994525084,9.918212890625e-05,0.0,0.2974722489192897,2.5032583347756456,0.05263157894736842,0.8431433641069007,0.5,0.3431433641069007,0.0,4.46724071844511e-07,0.25,0.0,8.893524932159775e-06,0.34703475328715916,0.3290553094292102,0.8857670920722718,0.0,71.2,73.6,3.0,0.625,0.0,-2.0999999999999943,72.025,5.375,7.0,-2.375,0.0,1.0,27424,2018-07-18 22:36:30.858048,baseline
7080.666479302665,0.00011030000314349309,98.21589660644531,296.17889404296875,14.57107369,-0.0022903977805981413,-0.007101211029294063,0.0012969970703125,0.0,2.82584593404075,2.725480556997868,0.05263157894736842,0.8294525031978776,0.5,0.32945250319787756,0.0,0.9662497889286841,0.25,0.0,5.014503724890352e-07,0.34703479423047123,0.32905319228879726,0.8873584957772498,0.0,70.2,68.0,2.0,0.2915,0.0,0.4000000000000057,70.32499999999999,4.625,11.0,-2.625,0.0,1.0,27424,2018-12-23 19:25:45.723072,baseline
7080.638505499038,0.00031319999834522605,98.20259857177734,96.01020050048828,14.57116004,-0.0023389687112285173,-0.00651153818853345,0.000701904296875,0.0,2.860320777833045,2.1971597234241496,0.05263157894736842,0.8790379679762429,0.5,0.3790379679762429,0.0,0.046302054500714424,0.25,0.0,4.5981260691760886e-07,0.34703479840345686,0.32896844923040497,0.8886804580726761,0.0,69.8,71.8,3.0,0.749875,0.0,2.299999999999997,68.825,6.0,13.0,-3.0,0.0,1.0,27424,2019-06-03 22:36:06.463008,baseline
7080.669991030712,0.0001021999996737577,98.21379852294922,281.1976013183594,14.57106285,-0.0015193744620773941,0.03235697520085523,0.00170135498046875,2.0,0.2974722489192897,0.5032583347756457,0.15789473684210525,0.8751642916639887,0.5,0.3751642916639887,0.0,0.6226909067160598,0.25,0.0,2.431298008923056e-06,0.34703513356036464,0.3289343112330879,0.8890361594324049,0.0,71.6,69.4,2.0,0.5415,0.0,0.3999999999999915,70.48750000000001,1.875,3.0,0.125,0.0,1.0,27424,2019-12-08 21:27:28.719360,baseline
7080.631579312162,0.00024500000290572643,98.20590209960938,60.58729934692383,14.57118142,-0.00204740240224055,-0.006365741751324094,0.00060272216796875,0.0,3.195295934496217,2.4193819456463714,0.05263157894736842,0.8287247009578531,0.5,0.3287247009578531,0.0,0.10086565615380172,0.25,0.0,4.49517630374315e-07,0.3470347506796444,0.3290572786310241,0.8856294756076011,0.0,69.0,69.9,5.0,1.166625,15.0,-0.09999999999999432,69.28750000000001,5.625,8.0,-0.625,0.0,1.0,27424,2020-04-28 05:23:47.901408,baseline
7080.647628135848,0.0002652000111993402,98.20610046386719,185.4438018798828,14.57113188,-0.0014934458276911755,-0.005222204467827396,0.00060272216796875,0.0,3.260828171224455,2.5032583347756456,0.05263157894736842,0.8854341625881901,0.5,0.3854341625881901,0.0,0.42985090939992004,0.25,0.0,3.6876581437832e-07,0.34703477396819293,0.32896941092274967,0.8869891568854643,0.0,69.5,70.8,18.0,3.16675,0.0,-1.0999999999999943,70.0,11.0,24.0,7.0,0.0,1.0,27424,2020-09-01 21:46:48.501120,baseline
7080.6423022747085,0.00018990000535268337,98.20980072021484,282.50909423828125,14.57114832,-0.002397284189100901,-0.006356047115332331,0.00060272216796875,0.0,1.9762822787735765,1.6577427265048887,0.05263157894736842,0.9182866130098409,0.5,0.41828661300984094,0.0,0.702928603640416,0.25,0.0,4.4883236334958355e-07,0.34703482187899826,0.3290360430458628,0.883197900131413,0.0,82.1,79.6,7.0,1.625,14.0,-22.80000000000001,93.55,3.375,7.0,3.625,0.0,1.0,27424,2020-12-09 11:06:17.653248,baseline
7080.649588081185,8.320000051753595e-05,98.2073974609375,17.841899871826172,14.57112583,-0.0016748634534451412,0.0024717986070754705,-0.00479888916015625,2.0,0.9132829641650988,2.725480556997868,0.05263157894736842,0.878615158154318,0.5,0.378615158154318,0.0,0.011928190726667625,0.25,0.0,4.929843266585303e-07,0.34703478253661435,0.32894219686488074,0.8858840259809171,0.0,73.7,72.9,2.0,0.500125,19.0,-2.799999999999997,75.325,8.25,23.0,-6.25,0.0,1.0,27424,2021-03-16 03:18:58.948128,baseline
7080.655095372863,0.0001340000017080456,98.20929718017578,98.60089874267578,14.57110883,-0.0008714489003978088,-0.003790318728533748,0.000396728515625,0.0,2.5048003829823355,2.4193819456463714,0.05263157894736842,0.8296091053036055,0.5,0.32960910530360554,0.0,0.7174641635574799,0.25,0.0,2.676530034845718e-07,0.3470348136136573,0.3290439467674741,0.8839853802921351,0.0,77.4,79.7,3.0,0.83325,38.0,3.0,76.5,3.5,5.0,-0.5,0.0,1.0,27424,2021-06-06 02:45:00.194112,baseline
7080.63334487269,0.00023639999562874436,98.21170043945312,178.14959716796875,14.57117597,-0.00150639655021223,-0.005144428509993304,0.00029754638671875,0.0,2.6292492238560348,2.4193819456463714,0.05263157894736842,0.8331578938509232,0.5,0.3331578938509232,0.0,0.9960872833902709,0.25,0.0,3.632744032812167e-07,0.34703481283665827,0.3290604692641143,0.8840480836718958,0.0,83.6,85.4,8.0,1.7915,36.0,8.299999999999997,78.0875,4.375,8.0,3.625,0.0,1.0,27424,2021-08-25 19:25:39.276768,baseline
7080.67271553859,0.00012099999730708078,98.22339630126953,254.7877960205078,14.57105444,-0.0029869189002056373,-0.008620606397016672,0.00089263916015625,0.0,2.905307776373747,2.7254805569978684,0.05263157894736842,0.7865948751695577,0.5,0.28659487516955773,0.0,1.0,0.25,0.0,6.087414903329675e-07,0.3470347494178305,0.3290283886581134,0.8835180376619973,0.0,84.2,82.5,3.0,0.83325,43.0,-8.200000000000003,90.475,15.5,72.0,-12.5,1.0,1.0,27424,2021-11-11 11:49:46.317216,baseline
7080.559409323093,6.459999713115394e-05,98.23580169677734,348.9453125,14.5714042,-0.00551359529436013,-0.019083823556684365,0.000701904296875,0.0,2.5703326197105745,2.7254805569978684,0.05263157894736842,0.8696654297293042,0.5,0.36966542972930416,0.0,0.8638514257360899,0.25,0.0,1.3476184491719514e-06,0.34703455026055663,0.3290239051262228,0.884693483471763,0.0,106.5,103.9,7.0,1.708375,63.0,-20.700000000000003,116.2125,10.75,21.0,-3.75,0.0,1.0,27424,2022-02-14 18:56:30.038784,baseline
7080.098844969522,0.00010730000212788582,98.24669647216797,90.53510284423828,14.57282604,-0.01137521622604254,-0.03854377060633851,0.00079345703125,0.0,3.0503018554349817,2.197159723424149,0.05263157894736842,0.8091384329625138,0.5,0.30913843296251375,0.0,0.821917764600497,0.25,0.0,2.721968582244709e-06,0.3470342417645109,0.3290522066648857,0.8852823095203239,0.0,101.8,104.5,22.0,3.0417500000000004,42.0,-64.89999999999999,138.8875,9.625,22.0,12.375,0.0,1.0,27424,2022-05-28 10:53:47.233824,baseline
7079.846752494969,0.00018709999858401716,98.24939727783203,176.09469604492188,14.57360439,-0.00288888795330422,-0.013074508567115117,0.00029754638671875,0.0,2.371533594790784,2.281036112553424,0.05263157894736842,0.7830541118140948,0.5,0.2830541118140948,0.0,0.04108682176335258,0.25,0.0,9.23359708129748e-07,0.34703474238439247,0.32905901561017026,0.8839374784387866,0.0,102.6,104.9,6.0,1.5,71.0,-28.0,113.1,15.125,32.0,-9.125,1.0,1.0,27424,2022-08-22 19:44:22.366176,baseline
7079.426483085609,0.0001618999958736822,98.2615966796875,253.49899291992188,14.57490215,-0.01809825348937011,-0.04113491665884794,0.0009002685546875,0.0,2.3920788329783207,2.0588138903312014,0.05263157894736842,0.803107815014402,0.5,0.303107815014402,0.0,3.141324491620791e-09,0.25,0.0,2.90523091783746e-06,0.3470344112058148,0.32905875032570986,0.8841657234344316,0.0,132.3,129.8,11.0,2.375,103.0,4.200000000000017,128.7,12.75,26.0,-1.75,0.0,1.0,27424,2022-11-08 21:14:30.462720,baseline
7078.981646956688,6.420000136131421e-05,98.27290344238281,331.5021057128906,14.57627598,-0.014255508834139619,-0.07282914655752393,0.00080108642578125,0.0,2.649794462043571,2.058813890331201,0.05263157894736842,0.8813291950622392,0.5,0.38132919506223917,0.0,1.0,0.25,0.0,5.144001513448212e-06,0.34703345782048256,0.32880276892640664,0.8853179171105687,0.0,150.6,146.0,10.0,2.2085,110.0,-75.5,192.825,7.5,15.0,2.5,0.0,1.0,27424,2023-01-26 10:10:31.574784,baseline
7078.029445655652,0.00019320000137668103,98.28160095214844,43.507999420166016,14.57921748,-0.011875051837705541,-0.04167779976523889,0.00060272216796875,0.0,2.900051698999543,2.4193819456463714,0.05263157894736842,0.8682466994226307,0.5,0.36824669942263066,0.0,0.22408904279128916,0.25,0.0,2.9441538796462893e-06,0.3470342086189565,0.32916827008375166,0.8833240331664963,0.0,135.9,136.2,5.0,1.25,48.0,10.600000000000009,133.425,10.5,14.0,-5.5,0.0,1.0,27424,2023-04-08 19:43:18.456960,baseline
7077.375643785051,0.0001863000070443377,98.28739929199219,119.82039642333984,14.58123775,-0.018693490353143716,-0.040111715943567106,0.0,0.0,2.5650765423363704,2.0588138903312014,0.05263157894736842,0.8701120361553896,0.5,0.37011203615538957,0.0,0.8664732355182567,0.25,0.0,2.8337866649013496e-06,0.3470343725495535,0.32922109591371207,0.8841788320114776,0.0,160.8,166.1,16.0,2.916625,223.0,2.700000000000017,168.89999999999998,9.25,16.0,6.75,0.0,1.0,27424,2023-06-24 10:21:08.037792,baseline
7076.618740401533,0.00010430000111227855,98.29409790039062,214.6405029296875,14.58357719,-0.01624283908677171,-0.05307344188076968,9.918212890625e-05,0.0,1.950480963211837,2.4193819456463714,0.05263157894736842,0.8918157428672923,0.5,0.39181574286729226,0.0,0.7287280691061283,0.25,0.0,3.749894214761494e-06,0.3470343606731865,0.32903258431295196,0.8833039963751793,0.0,156.0,156.7,14.0,2.708375,133.0,0.5,167.1375,15.625,28.0,-1.625,0.0,1.0,27424,2023-09-27 12:44:21.093216,baseline
7075.706942307696,0.0001593000051798299,98.30780029296875,284.8572082519531,14.58639621,-0.009620957148399611,-0.03663095852243714,0.000396728515625,0.0,2.439268146254097,2.5032583347756456,0.05263157894736842,0.8277384630522356,0.5,0.32773846305223564,0.0,0.7572361875711329,0.25,0.0,2.588491622977743e-06,0.3470342565114629,0.3290474825463992,0.8834136893558444,0.0,129.9,126.1,10.0,2.375,134.0,-40.69999999999999,149.475,14.5,52.0,-4.5,1.0,1.0,27424,2023-12-06 19:55:42.635712,baseline
7075.009065484066,0.0001762000028975308,98.31690216064453,351.96820068359375,14.58855446,-0.008619543923487072,-0.053182293435384054,0.00099945068359375,0.0,2.6292492238560348,2.5032583347756456,0.05263157894736842,0.8338151498061862,0.5,0.3338151498061862,0.0,9.367744774611461e-06,0.25,0.0,3.911527388722592e-06,0.3470333634276239,0.3290784751601629,0.8834700304287397,0.0,180.4,175.7,14.0,2.666625,162.0,10.0,183.1375,6.125,14.0,7.875,0.0,1.0,27424,2024-02-11 22:00:09.749664,baseline
7074.152874055538,9.300000237999484e-05,98.32550048828125,60.679298400878906,14.59120304,-0.04103249591571512,-0.09354332279053779,0.000396728515625,0.0,2.3789919869000626,2.4193819456463714,0.15789473684210525,0.8694652020346983,0.5,0.36946520203469835,0.0,0.6343261976182726,0.25,0.0,6.611561607285889e-06,0.34703336206502944,0.3291447737333534,0.8833943263804694,0.0,209.5,211.6,10.0,2.3335,232.0,48.5,199.5375,13.875,45.0,-3.875,1.0,1.0,27424,2024-04-20 12:03:48.663648,baseline
7073.14940670137,0.00022440000611823052,98.33090209960938,133.26390075683594,14.59430823,-0.01456542239884584,-0.055919611309036554,0.0001983642578125,0.0,2.9258530145612833,2.7254805569978684,0.05263157894736842,0.8465156249283846,0.5,0.3465156249283846,0.0,0.6771838306483177,0.25,0.0,3.9529265200893064e-06,0.3470340713148975,0.329066119673421,0.8836308274794913,0.0,170.6,176.3,5.0,1.291625,198.0,-28.099999999999994,183.475,14.25,60.0,-9.25,1.0,1.0,27424,2024-07-01 20:07:13.134144,baseline
7071.858280317044,0.00013729999773204327,98.3364028930664,203.91229248046875,14.59830519,-0.0363098829629962,-0.12114564116654947,0.00030517578125,0.0,2.9655839357277816,2.725480556997868,0.05263157894736842,0.8515952771165763,0.5,0.35159527711657634,0.0,0.05829777920156309,0.25,0.0,8.565222881251256e-06,0.34703302115020074,0.3290392383792463,0.8834466911110714,0.0,205.2,207.9,6.0,1.5415,141.0,-36.900000000000006,232.85,6.75,13.0,-0.75,0.0,1.0,27424,2024-09-10 04:11:02.157792,baseline
7070.088920067547,0.00013349999790079892,98.3511962890625,278.4060974121094,14.60378559,-0.026007429431956552,-0.07202612525270524,0.00049591064453125,0.0,3.010570934268484,2.7254805569978684,0.05263157894736842,0.8268583075004373,0.5,0.3268583075004373,0.0,0.30098562120004213,0.25,0.0,5.09368239558769e-06,0.3470335421387504,0.32905979731197593,0.8834738762707833,0.0,199.9,194.9,7.0,1.91675,152.0,60.0,164.525,6.75,10.0,0.25,0.0,1.0,27424,2024-11-23 04:26:55.283712,baseline
7068.827946774737,0.00022089999401941895,98.36150360107422,348.3982849121094,14.60769341,-0.026863657059038815,-0.07454267963930761,0.00140380859375,0.0,2.7153266987718094,2.503258334775646,0.05263157894736842,0.8371366000569511,0.5,0.3371366000569511,0.0,0.2716676658971763,0.25,0.0,5.2869678200390805e-06,0.3470335816680743,0.3290669281125623,0.8838702249640934,0.0,206.5,200.5,6.0,1.6668749999999999,147.0,2.0,181.825,5.25,10.0,0.75,0.0,1.0,27424,2025-01-31 13:57:46.289664,baseline
7067.68346367238,8.489999891025946e-05,98.37239837646484,60.44490051269531,14.61124173,-0.01725257059206342,-0.06834337054351636,0.0012969970703125,0.0,2.80004461847901,2.7254805569978684,0.05263157894736842,0.8508722927587674,0.5,0.3508722927587674,0.0,0.007838667277878106,0.25,0.0,4.8348850967730575e-06,0.3470333962771257,0.3291200369038152,0.8838610588884146,0.0,165.3,166.2,16.0,3.0415,122.0,-19.099999999999994,165.8875,20.375,40.0,-4.375,1.0,1.0,27424,2025-04-12 21:17:43.444032,baseline
7067.030781137738,0.00015870000061113387,98.37830352783203,141.060302734375,14.61326593,-0.010091217087392579,-0.020814383731703856,0.0001068115234375,0.0,2.865576855207248,2.9477027792200907,0.05263157894736842,0.866575973547956,0.5,0.366575973547956,0.0,1.0,0.25,0.0,1.4726366984163769e-06,0.3470345856125938,0.3291448625089079,0.8839424107486956,0.0,125.8,130.0,6.0,1.291625,147.0,5.8999999999999915,122.0625,12.75,29.0,-6.75,0.0,1.0,27424,2025-07-01 12:41:10.277088,baseline
7066.314799690006,0.00020599999697878957,98.3905029296875,234.93350219726562,14.61548698,-0.029376477085861552,-0.10026935586301988,0.00030517578125,0.0,2.8258459340407502,2.4193819456463714,0.05263157894736842,0.8699386931809888,0.5,0.3699386931809888,0.0,0.8653778852977904,0.25,0.0,7.0948076629105616e-06,0.3470333614550709,0.3290322841263156,0.8846102930565202,0.0,167.8,168.1,45.0,4.625,169.0,-2.5999999999999943,174.35,27.375,74.0,17.625,1.0,1.0,27424,2025-10-02 03:49:44.632704,baseline
7065.413853394098,0.00020029999723192304,98.40879821777344,345.1622009277344,14.61828261,-0.0160142871663993,-0.030762333701204625,0.0009002685546875,0.0,2.900051698999543,2.5032583347756456,0.05263157894736842,0.7655649570945499,0.5,0.26556495709454986,0.0,0.9882698442611548,0.25,0.0,2.1769590491348884e-06,0.3470344801771543,0.3291872970917841,0.8847833278803601,0.0,231.8,224.4,14.0,2.8751249999999997,139.0,121.20000000000002,143.05,16.5,28.0,-2.5,0.0,1.0,27424,2026-01-18 16:09:20.192832,baseline
7064.722989366819,0.0001432999997632578,98.4219970703125,63.1068000793457,14.62042696,-0.013001575423913891,-0.04442981303054694,0.00079345703125,0.0,2.9258530145612833,2.9477027792200907,0.05263157894736842,0.7379725062091376,0.5,0.23797250620913757,0.0,0.460135919029792,0.25,0.0,3.144468901002111e-06,0.3470336492254059,0.32919456733293484,0.8838804921969534,0.0,118.0,118.1,12.0,2.45825,89.0,-39.900000000000006,139.32500000000002,19.125,46.0,-7.125,1.0,1.0,27424,2026-04-05 05:58:15.959712,baseline
7064.349738229206,0.00010900000052060932,98.42769622802734,137.8914031982422,14.6215857,-0.005353254486180958,-0.015074172136337438,9.918212890625e-05,0.0,2.7603136973125117,2.1971597234241496,0.05263157894736842,0.8587422397215609,0.5,0.35874223972156094,0.0,0.6251180264160754,0.25,0.0,1.066916883511767e-06,0.34703453461656686,0.3290638773272866,0.8831701657570901,0.0,111.0,114.1,6.0,1.4165,53.0,-13.0,121.22500000000001,8.5,16.0,-2.5,0.0,1.0,27424,2026-06-17 14:24:34.221312,baseline
7064.346346551558,0.00010620000102790073,98.42769622802734,138.59959411621094,14.62159623,-0.006203584426657471,-0.016475281418934173,9.918212890625e-05,0.0,2.694781460584273,2.197159723424149,0.05263157894736842,0.8452039493518915,0.5,0.34520394935189147,0.0,0.0041324075596137575,0.25,0.0,1.166084715626629e-06,0.3470346027450646,0.32907881409036244,0.883392669763257,0.0,111.0,114.3,6.0,1.500125,51.0,-16.400000000000006,119.6,8.5,16.0,-2.5,0.0,1.0,27424,2026-06-18 07:04:17.893056,baseline
7064.3443237865795,0.0001036000030580908,98.42769622802734,139.2122039794922,14.62160251,-0.005414442626715754,-0.016549352189031197,9.918212890625e-05,0.0,2.6100635408770727,2.4193819456463714,0.05263157894736842,0.83659232934241,0.5,0.33659232934241,0.0,0.0005898187959619245,0.25,0.0,1.1713276104501776e-06,0.3470345226209913,0.32906608682856464,0.8835942610943464,0.0,111.0,114.3,6.0,1.500125,51.0,-16.400000000000006,119.6,8.5,16.0,-2.5,0.0,1.0,27424,2026-06-18 21:29:11.974272,baseline
7064.342565141772,0.00010230000043520704,98.42769622802734,139.57789611816406,14.62160797,-0.003781409785915457,-0.016188592258004064,9.918212890625e-05,0.0,2.905307776373747,2.4193819456463714,0.05263157894736842,0.8710556727184816,0.5,0.3710556727184816,0.0,0.5189492647994051,0.25,0.0,1.1457941263834666e-06,0.3470345676306523,0.32907600660513714,0.8836121077983057,0.0,108.0,114.3,6.0,1.5,61.0,-20.30000000000001,117.175,7.25,12.0,-1.25,0.0,1.0,27424,2026-06-19 06:05:26.329344,baseline
7064.340130096922,9.980000322684646e-05,98.42769622802734,140.25799560546875,14.62161553,-0.004193689657768118,-0.015138540372390707,0.0,0.0,3.0761031709967224,2.725480556997868,0.05263157894736842,0.8547896052378426,0.5,0.35478960523784264,0.0,0.9822822402959615,0.25,0.0,1.071474176082844e-06,0.34703456093986507,0.32905941525452403,0.8834668360189515,0.0,108.0,114.3,6.0,1.5,61.0,-20.30000000000001,117.175,7.25,12.0,-1.25,0.0,1.0,27424,2026-06-19 22:05:44.303424,baseline
7064.329430096668,9.010000212583691e-05,98.42790222167969,143.2075958251953,14.62164875,-0.013135045103808807,-0.02421516986032657,0.00020599365234375,0.0,1.2363864108712896,1.2243944454059863,0.05263157894736842,0.8445471236608071,0.5,0.3445471236608071,0.0,0.9698768703763789,0.25,0.0,1.7138999422701872e-06,0.34703466359724255,0.3290423306410926,0.8836044131667937,0.0,122.0,125.5,4.0,1.166625,70.0,5.0,114.0,5.25,6.0,-1.25,0.0,1.0,27424,2026-06-22 19:29:49.085088,baseline
7064.316349868437,8.22000001790002e-05,98.4280014038086,145.639892578125,14.62168936,-0.023780228484611143,-0.033459222074270656,0.00030517578125,0.0,1.6163485660751644,1.879964948727111,0.05263157894736842,0.8033409888113561,0.5,0.30334098881135607,0.0,0.9934490868375825,0.25,0.0,2.3681770152708157e-06,0.3470346101901918,0.32903852085532503,0.8838294769492866,0.0,156.0,161.1,24.0,3.625,87.0,45.0,124.875,8.625,24.0,15.375,0.0,1.0,27424,2026-06-25 04:43:37.157376,baseline
7064.313338300209,8.070000330917537e-05,98.4280014038086,146.1508026123047,14.62169871,-0.016091796459477337,-0.0344415809131533,0.00030517578125,0.0,1.634064972420055,2.058813890331201,0.05263157894736842,0.8531379289175028,0.5,0.35313792891750284,0.0,0.9939726945654652,0.25,0.0,2.437707199877591e-06,0.3470345033133636,0.3290502095919502,0.8870303283968914,0.0,156.0,161.1,24.0,3.625,87.0,45.0,124.875,8.625,24.0,15.375,0.0,1.0,27424,2026-06-25 16:44:52.905120,baseline
7064.310230107489,7.919999916339293e-05,98.4280014038086,146.68690490722656,14.62170836,-0.006119760948422481,-0.034644463678887405,0.00030517578125,0.0,1.9248240667373953,2.2810361125534233,0.05263157894736842,0.8825292827810202,0.5,0.38252928278102016,0.0,0.16514112222400507,0.25,0.0,2.4520678682181014e-06,0.3470334262943008,0.3291516775490496,0.8877064377183798,0.0,164.0,168.1,11.0,2.5,104.0,56.0,131.5,9.25,24.0,1.75,0.0,1.0,27424,2026-06-26 05:21:43.274592,baseline
7064.306732186921,7.760000153211877e-05,98.4280014038086,147.37869262695312,14.62171922,-0.006606113287489279,-0.03611962032118754,0.00030517578125,0.0,1.9579393553211153,2.4193819456463714,0.05263157894736842,0.8690823416541925,0.5,0.3690823416541925,0.0,0.9194382963205665,0.25,0.0,2.556477456337973e-06,0.3470339846723236,0.32916415126987114,0.8874938537027753,0.0,164.0,168.1,11.0,2.5,104.0,56.0,131.5,9.25,24.0,1.75,0.0,1.0,27424,2026-06-26 21:38:19.906656,baseline
7064.303788268177,7.619999814778566e-05,98.4281005859375,148.0236053466797,14.62172836,-0.00644183931126463,-0.036786320901228464,0.00040435791015625,0.0,2.0182155146751497,2.7254805569978684,0.05263157894736842,0.8644798343749517,0.5,0.3644798343749517,0.0,0.016728822814109416,0.25,0.0,2.603666145557657e-06,0.34703446863791954,0.3291860409315215,0.8858967343123874,0.0,187.0,194.1,6.0,1.54175,112.0,74.0,141.375,9.25,24.0,-3.25,0.0,1.0,27424,2026-06-27 12:48:39.983904,baseline
7064.300303239232,7.439999899361283e-05,98.4281997680664,148.7021026611328,14.62173918,-0.006428947689528286,-0.03798124969762284,0.000396728515625,0.0,2.041814515501815,2.7254805569978684,0.05263157894736842,0.8234031593268832,0.5,0.32340315932688324,0.0,0.3872646181196564,0.25,0.0,2.688241928582866e-06,0.3470345349324059,0.32919502187716493,0.8836796829792897,0.0,190.0,192.3,4.0,0.9585,130.0,73.0,151.0,9.0,24.0,-5.0,0.0,1.0,27424,2026-06-28 04:46:35.106816,baseline
7064.296943830001,7.239999831654131e-05,98.4281997680664,149.40359497070312,14.62174961,-0.006844438176813128,-0.02480110184296791,0.0001983642578125,0.0,2.259799223400568,2.5032583347756456,0.05263157894736842,0.7850377873571107,0.5,0.2850377873571107,0.0,0.044020090537150294,0.25,0.0,1.7553789666517297e-06,0.34703449321367696,0.32918671733750277,0.8835209841567906,0.0,190.0,192.3,4.0,0.9585,130.0,73.0,151.0,9.0,24.0,-5.0,0.0,1.0,27424,2026-06-28 21:16:48.416736,baseline
7064.286031414151,6.959999882383272e-05,98.42839813232422,151.42669677734375,14.62178349,-0.014271825080868439,-0.027864106461493066,0.000396728515625,0.0,2.544531304148834,2.197159723424149,0.05263157894736842,0.8501504174061494,0.5,0.3501504174061494,0.0,0.23127021157936578,0.25,0.0,1.9721755254230214e-06,0.3470345431486501,0.32916602182128635,0.883659522351892,0.0,203.0,209.3,18.0,2.666625,126.0,68.0,171.5,10.625,24.0,7.375,0.0,1.0,27424,2026-06-30 20:52:40.803744,baseline
7064.281712196259,6.98000003467314e-05,98.42839813232422,151.86199951171875,14.6217969,-0.015231633741677797,-0.028517911229755555,0.000396728515625,0.0,2.544531304148834,2.4193819456463714,0.05263157894736842,0.842266118853941,0.5,0.342266118853941,0.0,0.8119944865229037,0.25,0.0,2.0184518432714988e-06,0.34703456163460544,0.3291531206554825,0.884013677994588,0.0,216.0,258.1,12.0,2.45825,150.0,79.0,181.625,11.375,24.0,0.625,0.0,1.0,27424,2026-07-01 07:07:09.039360,baseline
7064.279235332303,6.990000110818073e-05,98.42839813232422,152.47979736328125,14.62180459,-0.006796081847824098,-0.02903967540260055,0.000396728515625,0.0,2.4650694618158373,2.4193819456463714,0.05263157894736842,0.8395762492536395,0.5,0.3395762492536395,0.0,0.30966529865163017,0.25,0.0,2.0553820781268502e-06,0.347033860734687,0.32902093110513564,0.8845297301444196,0.0,216.0,258.1,12.0,2.45825,150.0,79.0,181.625,11.375,24.0,0.625,0.0,1.0,27424,2026-07-01 21:39:25.816896,baseline
7064.273305683722,6.910000229254365e-05,98.42849731445312,153.39889526367188,14.621823,-0.00840651253656688,-0.031249162563653954,0.000396728515625,0.0,2.794788541104806,2.7254805569978684,0.05263157894736842,0.8640651978058909,0.5,0.36406519780589086,0.0,0.7057152947785958,0.25,0.0,2.211767405972074e-06,0.3470341039984354,0.32901840975811747,0.885317829292958,0.0,202.0,209.7,3.0,0.75,127.0,46.0,189.75,10.125,24.0,-7.125,0.0,1.0,27424,2026-07-02 19:16:53.232096,baseline
7064.265707635096,6.910000229254365e-05,98.42859649658203,154.77520751953125,14.62184659,-0.013527697206882294,-0.035922620196288335,0.00049591064453125,0.0,2.8153337792923425,2.725480556997868,0.05263157894736842,0.7982111985577092,0.5,0.29821119855770917,0.0,0.8159394803819333,0.25,0.0,2.5425489839455807e-06,0.3470345634243589,0.32903750530811265,0.8853895147331999,0.0,163.0,166.0,77.0,5.70825,99.0,-24.0,192.5,16.375,77.0,60.625,1.0,1.0,27424,2026-07-04 03:39:36.298944,baseline
7064.256843807664,7.000000186963007e-05,98.42870330810547,155.76089477539062,14.62187411,-0.016461876058201597,-0.041977812432378414,0.0005035400390625,0.0,2.8000446184790095,2.725480556997868,0.05263157894736842,0.8756466652664234,0.5,0.37564666526642343,0.0,0.9651640251847271,0.25,0.0,2.971128193709495e-06,0.34703428538367065,0.32905369961535574,0.8861874887155466,0.0,138.0,143.4,16.0,3.0835,101.0,-52.0,186.375,17.625,77.0,-1.625,1.0,1.0,27424,2026-07-05 02:50:52.764000,baseline
7064.255751935497,7.049999840091914e-05,98.42870330810547,156.52479553222656,14.6218775,-0.009955699599231593,-0.03206063456127595,0.00030517578125,1.0,2.462867147080763,2.197159723424149,0.05263157894736842,0.8418357038474406,0.5,0.34183570384744055,0.0,0.14020052874725286,0.25,0.0,2.320044526517104e-06,0.34703438824940547,0.329069539103645,0.8849957070126849,0.0,138.0,143.4,16.0,3.0835,101.0,-52.0,186.375,17.625,77.0,-1.625,1.0,1.0,27424,2026-07-05 20:49:10.309152,baseline
7064.253275094296,7.259999983943999e-05,98.42880249023438,157.57589721679688,14.62188519,-0.003568713367712917,-0.030482368373668578,0.00040435791015625,1.0,2.525345621169872,1.8910611120726528,0.05263157894736842,0.7851621062435457,0.5,0.28516210624354565,0.0,0.1410127344557468,0.25,0.0,2.157501192274119e-06,0.3470336598647543,0.3290680683120483,0.8853083525343695,0.0,128.0,129.5,6.0,1.583375,72.0,-72.0,178.625,17.875,77.0,-11.875,1.0,1.0,27424,2026-07-06 21:32:52.232064,baseline
7064.250424636045,7.270000060088933e-05,98.42890167236328,158.20899963378906,14.62189404,-0.005327299451892031,-0.030711020815033407,0.0005035400390625,1.0,2.404793302461803,2.1971597234241496,0.05263157894736842,0.8086734069940668,0.5,0.30867340699406676,0.0,0.9404007120333786,0.25,0.0,2.1736857299273633e-06,0.34703440165991606,0.3290520795087988,0.8853825490314052,0.0,113.0,114.1,3.0,0.7498750000000001,59.0,-90.0,167.75,17.875,77.0,-14.875,1.0,1.0,27424,2026-07-07 12:26:26.164896,baseline
7064.24871114162,7.400000322377309e-05,98.42890167236328,158.9029998779297,14.62189936,-0.004563952676107874,-0.025357891057865345,0.00040435791015625,1.0,1.8452178053170998,2.7254805569978684,0.05263157894736842,0.8065256210836443,0.5,0.30652562108364434,0.0,0.8189704485839291,0.25,0.0,1.794799689620915e-06,0.3470346858961961,0.3290420010467665,0.8847754331335802,0.0,114.0,119.8,11.0,2.4998750000000003,85.0,-102.0,156.625,17.0,77.0,-6.0,1.0,1.0,27424,2026-07-08 04:46:06.231072,baseline
7064.24519397211,7.529999857069924e-05,98.42900085449219,159.673095703125,14.62191028,-0.005230663934526092,-0.026356331882197992,0.00040435791015625,0.0,1.8452178053170996,2.4193819456463714,0.05263157894736842,0.8346477933160327,0.5,0.33464779331603267,0.0,0.9895616886894931,0.25,0.0,1.8654688085632154e-06,0.3470345970001325,0.32902476999738783,0.8846639655089237,0.0,114.0,119.8,11.0,2.4998750000000003,85.0,-102.0,156.625,17.0,77.0,-6.0,1.0,1.0,27424,2026-07-08 22:53:02.127840,baseline
7064.239766846428,7.999999797903001e-05,98.4291000366211,161.00819396972656,14.62192713,-0.008944295192122809,-0.01851668712879473,0.000396728515625,0.0,2.820589856666546,2.5032583347756456,0.05263157894736842,0.865408604117423,0.5,0.36540860411742304,0.0,0.9953073058438756,0.25,0.0,1.3105904768382627e-06,0.34703461812795544,0.32902633739780096,0.8846386871124403,0.0,113.0,110.7,12.0,2.583375,81.0,-66.0,132.375,18.5,77.0,-6.5,1.0,1.0,27424,2026-07-10 06:17:24.722880,baseline
7064.236864868366,8.22000001790002e-05,98.42919921875,161.97500610351562,14.62193614,-0.008329103744472377,-0.018168815167882713,0.00049591064453125,0.0,2.865576855207249,2.4193819456463714,0.05263157894736842,0.7858790323740903,0.5,0.2858790323740903,0.0,0.43204828923841676,0.25,0.0,1.2859690628174377e-06,0.34703456264795873,0.3290377738089832,0.8849612089530736,0.0,111.0,115.3,6.0,1.749875,76.0,-52.0,123.875,18.25,77.0,-12.25,1.0,1.0,27424,2026-07-11 05:02:02.056128,baseline
7064.234932365207,8.289999823318794e-05,98.4292984008789,162.6676025390625,14.62194214,-0.004834481221223541,-0.018841962186343153,0.00049591064453125,0.0,2.8655768552072485,1.8910611120726528,0.05263157894736842,0.8617688747180738,0.5,0.36176887471807384,0.0,0.6531797305981887,0.25,0.0,1.3336139494355076e-06,0.3470343496051489,0.3290396616881872,0.8849355222789684,0.0,111.0,115.3,6.0,1.749875,76.0,-52.0,123.875,18.25,77.0,-12.25,1.0,1.0,27424,2026-07-11 21:19:33.023424,baseline
7064.233756759763,8.469999738736078e-05,98.4292984008789,163.10159301757812,14.62194579,-0.003108108602646098,-0.017791954955100664,0.000396728515625,0.0,2.694781460584273,2.5032583347756456,0.05263157894736842,0.8633674518957485,0.5,0.3633674518957485,0.0,0.9969585461497275,0.25,0.0,1.25929590946643e-06,0.34703447706528434,0.3290232031550478,0.8850085052046437,0.0,107.0,110.8,16.0,3.083125,69.0,-31.0,116.875,10.625,16.0,5.375,0.0,1.0,27424,2026-07-12 07:32:03.304032,baseline
7064.231769504552,8.64000030560419e-05,98.42939758300781,163.71249389648438,14.62195196,-0.003162860654811084,-0.017196084481838625,0.00049591064453125,0.0,2.80004461847901,2.5032583347756456,0.05263157894736842,0.8233849888852612,0.5,0.32338498888526124,0.0,0.21263591785364094,0.25,0.0,1.2171212418763668e-06,0.3470345944038933,0.3290154738451391,0.884680442779311,0.0,107.0,110.8,16.0,3.083125,69.0,-31.0,116.875,10.625,16.0,5.375,0.0,1.0,27424,2026-07-12 21:54:23.059296,baseline
7064.230436079635,8.859999798005447e-05,98.42939758300781,164.28909301757812,14.6219561,-0.0033206801281266962,-0.015823993759113364,0.000396728515625,0.0,2.549787381523038,2.113283334294875,0.05263157894736842,0.8583810442990866,0.5,0.35838104429908657,0.0,0.43791633121167123,0.25,0.0,1.1200064406369264e-06,0.3470347095994538,0.3290344994053289,0.8843333312535846,0.0,100.0,106.4,7.0,1.70825,44.0,-28.0,112.125,9.5,16.0,-2.5,0.0,1.0,27424,2026-07-13 11:28:08.284224,baseline
7064.228355422688,9.14999982342124e-05,98.42949676513672,165.0469970703125,14.62196256,-0.003414081864320906,-0.012941324583152891,0.000396728515625,0.0,2.9655839357277816,2.4193819456463714,0.05263157894736842,0.8334136996497875,0.5,0.3334136996497875,0.0,0.25064928478756204,0.25,0.0,9.159745518560414e-07,0.3470347540092802,0.32903235119076085,0.8834515362192563,0.0,100.0,103.1,7.0,1.7915,39.0,-13.0,108.625,9.625,16.0,-2.625,0.0,1.0,27424,2026-07-14 05:17:51.058176,baseline
7064.441273190614,0.0001227000029757619,98.42980194091797,168.1195068359375,14.62130152,0.21083711097890045,0.2027914602549572,0.00060272216796875,0.0,0.2974722489192897,0.5032583347756457,0.05263157894736842,0.8172185620130588,0.5,0.31721856201305876,0.8627363016860659,1.1118018620553667e-15,0.25,0.0,1.4353281349968974e-05,0.34703469759281425,0.32902919298664246,0.8835183740959186,0.0,105.0,108.2,4.0,0.875,36.0,-8.0,105.5,8.75,16.0,-4.75,0.0,1.0,27424,2026-07-17 05:34:16.159008,baseline
7064.440226342181,0.00012349999451544136,98.42980194091797,168.61669921875,14.62130477,0.21187091949286696,0.20468523862109578,0.0005035400390625,0.0,0.2974722489192897,0.5032583347756457,0.15789473684210525,0.838223150071021,0.5,0.338223150071021,0.0,0.8141544696891531,0.25,0.0,1.4561419136770144e-05,0.34703470783404133,0.32901903226357926,0.8840548549263114,0.0,105.0,108.2,4.0,0.875,36.0,-8.0,105.5,8.75,16.0,-4.75,0.0,1.0,27424,2026-07-17 17:16:11.642016,baseline
7064.438261489245,0.00012519999290816486,98.42990112304688,169.51499938964844,14.62131087,-0.0030117013693597983,0.20425994592278585,0.00060272216796875,2.0,0.2974722489192897,0.5032583347756457,0.15789473684210525,0.8283801179977631,0.5,0.3283801179977631,0.0,0.5804819606701374,0.25,0.0,1.4670389378529216e-05,0.3470369362224167,0.3290184357259633,0.8858348594983803,0.0,110.0,114.0,3.0,0.791625,29.0,-1.0,105.125,7.625,16.0,-4.625,0.0,1.0,27424,2026-07-18 14:24:03.843072,baseline
7064.436038952325,0.00012700000661425292,98.42990112304688,170.22279357910156,14.62131777,-0.0041873898553603794,0.20287482635285414,0.00060272216796875,3.0,0.2974722489192897,2.9477027792200907,0.21052631578947367,0.7889735837329296,0.5,0.2889735837329296,0.0,0.5828382209984023,0.25,0.0,1.4729661884804966e-05,0.3470498255852943,0.32905212640051806,0.8859666531894541,0.0,120.0,123.2,2.0,0.45825,46.0,13.0,106.25,7.125,16.0,-5.125,0.0,1.0,27424,2026-07-19 07:03:09.670752,baseline
7064.432811445302,0.00012989999959245324,98.43000030517578,171.201904296875,14.62132779,-0.0054500439428011305,0.20180205744691193,0.00060272216796875,3.0,0.2974722489192897,2.725480556997868,0.21052631578947367,0.864663935051506,0.5,0.36466393505150596,0.0,0.9093518784924419,0.25,0.0,1.4882174570554344e-05,0.34703470161525507,0.3290578164093655,0.8854898339248929,0.0,141.0,141.3,3.0,0.66675,83.0,41.0,110.5,5.5,11.0,-2.5,0.0,1.0,27424,2026-07-20 06:05:01.638816,baseline
7064.4295098576,0.00013129999570082873,98.43000030517578,171.88229370117188,14.62133804,-0.006529094725010509,0.20028481067856774,0.00060272216796875,2.0,0.2974722489192897,2.4193819456463714,0.15789473684210525,0.8175466776634425,0.5,0.31754667766344247,0.0,0.9969402658075328,0.25,0.0,1.5008470541451744e-05,0.3470346590633199,0.329030449812047,0.8849353237228978,0.0,141.0,141.3,3.0,0.66675,83.0,41.0,110.5,5.5,11.0,-2.5,0.0,1.0,27424,2026-07-20 22:05:27.948768,baseline
7064.423405956838,0.00013380000018514693,98.4301986694336,173.22889709472656,14.62135699,-0.009405488463926304,0.20028759888100467,0.0005950927734375,0.0,0.2974722489192897,2.7254805569978675,0.05263157894736842,0.8376947519973186,0.5,0.3376947519973186,0.0,1.0,0.25,0.0,1.5440703441966705e-05,0.34703460287184074,0.32903246734728275,0.8847596172984157,0.0,149.0,155.0,10.0,2.333375,88.0,42.0,123.375,6.75,14.0,3.25,0.0,1.0,27424,2026-07-22 05:45:57.491136,baseline
7064.418880381934,0.00013640000543091446,98.4302978515625,174.1934051513672,14.62137104,-0.010629475666064536,-0.021587540620203072,0.00049591064453125,0.0,2.820589856666546,2.4193819456463714,0.05263157894736842,0.872573503061074,0.5,0.37257350306107395,0.0,1.0,0.25,0.0,1.5279028260904736e-06,0.34703451827423826,0.329050136399545,0.8849101227313084,0.0,148.0,152.3,24.0,3.2917499999999995,100.0,47.0,128.5,8.375,24.0,15.625,0.0,1.0,27424,2026-07-23 04:27:20.255040,baseline
7064.416177924648,0.0001373999984934926,98.4302978515625,174.8863067626953,14.62137943,-0.0072280321901416755,-0.022528072190652892,0.000396728515625,0.0,2.649794462043571,2.2810361125534233,0.05263157894736842,0.8639074521943747,0.5,0.3639074521943747,0.0,0.4125201162968497,0.25,0.0,1.5944713434531754e-06,0.3470343695716396,0.3290651601644963,0.8850983998543362,0.0,148.0,152.3,24.0,3.2917499999999995,100.0,47.0,128.5,8.375,24.0,15.625,0.0,1.0,27424,2026-07-23 20:45:13.915296,baseline
7064.411162763444,0.00013939999917056412,98.4303970336914,175.5966033935547,14.621395,-0.007717618490460154,-0.025658908205514308,0.00049591064453125,0.0,2.794788541104806,2.4193819456463714,0.05263157894736842,0.899053283642798,0.5,0.399053283642798,0.0,0.9160700967858517,0.25,0.0,1.8160634848213301e-06,0.3470342286381598,0.32904644185344584,0.8851185227233078,0.0,153.0,154.9,7.0,1.41675,109.0,48.0,135.0,8.375,24.0,-1.375,0.0,1.0,27424,2026-07-24 13:27:46.505088,baseline
7224.7487264797755,0.0006765000289306045,98.7979965209961,347.5965881347656,14.13737055,0.0010118571863131365,0.0034307736004848266,0.0009002685546875,0.0,2.2081965922770874,2.1132833342948754,0.05263157894736842,0.9079368283312463,0.5,0.40793682833124634,0.7063626694978625,0.9968971406903134,0.65,0.0,2.3743212059049098e-07,0.34703498724934023,0.3287007723995528,0.8878226017392813,0.0,70.8,68.5,9.0,2.083375,16.0,1.2999999999999972,69.925,4.375,9.0,4.625,0.0,1.0,28054,2018-01-09 22:29:24.555264,asset
7224.798379462566,0.0007740000146441162,98.81800079345703,134.02609252929688,14.13722481,0.0008244904183811741,0.002688110454073467,0.00060272216796875,0.0,3.11583409216322,2.4193819456463714,0.05263157894736842,0.7978401105451344,0.5,0.2978401105451344,0.8149420219140282,9.36623393637618e-07,0.65,0.0,1.8603364848635865e-07,0.347034928948427,0.32858694797260857,0.8882047625509012,0.0,69.3,71.3,5.0,1.208375,10.0,-7.5,72.725,9.875,23.0,-4.875,0.0,1.0,28054,2018-06-07 13:39:42.939072,asset
7224.841757529839,0.000839899992570281,98.83920288085938,298.1452941894531,14.13709749,0.0010221108659607125,0.0017239601174878771,0.0016021728515625,0.0,3.050301855434982,2.7254805569978684,0.05263157894736842,0.8522552337383675,0.5,0.35225523373836753,0.8172020263440141,0.5375300976035005,0.65,0.0,1.1930783289122218e-07,0.34703490520434543,0.3286263304082984,0.888989372040335,0.0,70.5,68.8,6.0,1.208375,0.0,3.5,70.19999999999999,2.625,6.0,3.375,0.0,1.0,28054,2018-11-20 19:35:54.572640,asset
7224.89310884506,0.0008155999821610749,98.8594970703125,74.00070190429688,14.13694677,0.0006882335856062127,0.0029539519036916317,0.00119781494140625,0.0,2.8603207778330453,2.9477027792200907,0.05263157894736842,0.8877081900452138,0.5,0.38770819004521384,0.7795420251113574,0.7794907558705442,0.65,0.0,2.0442882459991226e-07,0.34703494272343727,0.32895532490300206,0.887578728204311,0.0,76.5,76.6,4.0,1.125,11.0,7.0,71.5375,8.0,12.0,-4.0,0.0,1.0,28054,2019-04-07 02:49:28.157664,asset
7224.949496856524,0.0007236999808810651,98.87319946289062,219.20509338378906,14.13678127,0.001195914261188591,0.004207844281154394,0.00170135498046875,0.0,3.03111617245602,2.4193819456463714,0.05263157894736842,0.8071607605384994,0.5,0.3071607605384994,0.8160666531565628,0.9267041649090377,0.65,0.0,2.912024589424249e-07,0.34703496159829106,0.3288642404170809,0.8884397729358409,0.0,66.4,67.7,38.0,4.5,0.0,0.10000000000000853,66.11250000000001,9.5,38.0,28.5,1.0,1.0,28054,2019-08-31 13:28:38.089344,asset
7224.975520891117,0.0006605000235140324,98.89420318603516,1.5680999755859375,14.13670489,0.0012299969612286077,0.003407192514714552,0.00130462646484375,0.0,2.9311090919354874,2.0588138903312014,0.05263157894736842,0.8211760188474927,0.5,0.3211760188474927,0.6839191336368258,0.5787017594574341,0.65,0.0,2.3579275189460462e-07,0.34703496886017393,0.32913256293963505,0.8867666024487014,0.0,70.5,68.3,5.0,1.291625,0.0,-1.4000000000000057,71.225,2.375,5.0,2.625,0.0,1.0,28054,2020-01-21 20:51:44.235072,asset
7225.013238780616,0.0006989000248722732,98.90969848632812,114.3949966430664,14.13659419,0.0007155200992201571,0.002453211031934188,0.00029754638671875,0.0,2.865576855207249,2.4193819456463714,0.05263157894736842,0.806844046597567,0.5,0.30684404659756703,0.8508088780809082,1.0,0.65,0.0,1.6977212196964577e-07,0.34703493337377345,0.3290135730517473,0.886447512914408,0.0,67.6,69.0,2.0,0.333,0.0,-1.1000000000000085,68.375,2.75,4.0,-0.75,0.0,1.0,28054,2020-05-14 05:08:53.001312,asset
7225.056449708541,0.0007932999869808555,98.918701171875,223.71859741210938,14.13646737,0.000821156758320285,0.002320363514627388,0.00119781494140625,0.0,2.7603136973125117,1.879964948727111,0.05263157894736842,0.8875797432342969,0.5,0.3875797432342969,0.8154168371320334,0.23001044688586897,0.65,0.0,1.6057757390213226e-07,0.3470349422009823,0.3292178232505379,0.8864384118579444,0.0,69.2,70.5,24.0,3.7501249999999997,0.0,-1.0999999999999943,70.1,9.0,24.0,15.0,0.0,1.0,28054,2020-08-31 21:30:02.634048,asset
7225.051464847663,0.0008088999893516302,98.93109893798828,306.57159423828125,14.136482,-0.000419095970755734,-0.0007189370262494776,0.00060272216796875,0.0,3.03111617245602,2.725480556997868,0.05263157894736842,0.8233055721303096,0.5,0.32330557213030964,0.0,0.5074676612549512,0.65,0.0,4.9753069418801155e-08,0.3470348646438638,0.32929856100949245,0.8836484296583251,0.0,87.7,85.5,24.0,3.7501249999999997,34.0,9.0,80.35,6.125,24.0,17.875,0.0,1.0,28054,2020-11-22 22:01:49.424160,asset
7225.053792023612,0.000686399987898767,98.9385986328125,9.422599792480469,14.13647517,0.00022147363415569998,0.0008824871465549222,0.000701904296875,0.0,2.8000446184790104,2.9477027792200907,0.05263157894736842,0.8363637981336071,0.5,0.33636379813360706,0.0,0.04957661685769552,0.65,0.0,6.319349578896783e-08,0.3470349232633103,0.32924830125468374,0.8834877065708618,0.0,77.6,75.2,5.0,1.25,23.0,0.3999999999999915,77.3875,3.125,5.0,1.875,0.0,1.0,28054,2021-01-24 20:11:39.508800,asset
7225.053802245474,0.0008099999977275729,98.94779968261719,72.40380096435547,14.13647514,-1.3629145541926846e-05,-0.000681457442624378,0.000701904296875,2.0,3.010570934268484,2.5032583347756456,0.05263157894736842,0.8830179110060236,0.5,0.38301791100602356,0.0,1.0,0.65,0.0,5.4233229179473474e-08,0.3470348712885597,0.32903366697509984,0.883708973461524,0.0,73.9,73.6,5.0,1.08325,12.0,-1.2999999999999972,75.475,10.875,22.0,-5.875,0.0,1.0,28054,2021-03-28 19:59:19.591296,asset
7225.0680754051855,0.0006676000193692744,98.95339965820312,139.21719360351562,14.13643325,0.0007666432175028604,0.0016252833811449818,0.0001983642578125,0.0,2.675595777605311,2.4193819456463714,0.05263157894736842,0.8726997561312404,0.5,0.3726997561312404,0.758129991747011,0.9196708250186831,0.65,0.0,1.1247531787391589e-07,0.3470349256190516,0.3292229445971428,0.8842782990347502,0.0,75.5,77.7,5.0,1.333375,31.0,-7.799999999999997,77.47500000000001,4.75,14.0,0.25,0.0,1.0,28054,2021-06-03 14:06:25.909632,asset
7225.089466536617,0.0008290000259876251,98.9574966430664,205.4864959716797,14.13637047,0.000381620807274885,0.0013901898410040303,0.00049591064453125,0.0,2.780858935500048,2.9477027792200907,0.05263157894736842,0.7946451109659671,0.5,0.2946451109659671,0.8236516690140219,0.028440908979059636,0.65,0.0,9.620573196942858e-08,0.3470349329767449,0.32918807599546834,0.8837337580029904,0.0,73.5,75.5,4.0,0.9998750000000001,0.0,-1.4000000000000057,74.01249999999999,6.375,15.0,-2.375,0.0,1.0,28054,2021-08-08 18:28:10.155072,asset
7225.085663960108,0.0006769999745301902,98.96549987792969,266.4045104980469,14.13638163,-0.0005996891522954684,-0.001856992384091427,0.000701904296875,0.0,3.0503018554349817,2.4193819456463714,0.05263157894736842,0.871663644949899,0.5,0.371663644949899,0.0,0.2160036985048795,0.65,0.0,1.3063221874936451e-07,0.34703485956045466,0.3290329999422385,0.8840116599572736,0.0,92.4,92.2,3.0,0.7498750000000001,19.0,1.9000000000000057,86.45,5.75,12.0,-2.75,0.0,1.0,28054,2021-10-08 13:33:14.170176,asset
7225.063403995667,0.0008004999835975468,98.9719009399414,327.7998962402344,14.13644696,-0.00019080870151810814,-0.0010290042200722382,0.00040435791015625,1.0,3.0363722498302237,2.5032583347756456,0.05263157894736842,0.7995536362076086,0.5,0.29955363620760855,0.0,0.6952302604077841,0.65,0.0,7.12107321453705e-08,0.3470348615933667,0.3292243971842395,0.882957274930183,0.0,76.9,74.6,4.0,0.875,6.0,-9.5,83.1125,7.875,18.0,-3.875,0.0,1.0,28054,2021-12-08 19:00:10.154880,asset
7225.045164786306,0.0007121000089682639,98.97760009765625,24.3125,14.13650049,-0.0002930258051492274,-0.001325430914221215,0.0005035400390625,2.0,2.689525383210069,2.6416041678685938,0.05263157894736842,0.8007503622926655,0.5,0.3007503622926655,0.0,0.48395012339109583,0.65,0.0,9.17247366667429e-08,0.34703487354678475,0.32924447776925314,0.8832791886132789,0.0,126.5,122.9,26.0,3.666625,80.0,19.400000000000006,123.52499999999999,11.0,26.0,15.0,0.0,1.0,28054,2022-02-03 02:54:48.333600,asset
7225.0127753961515,0.0007382999756373465,98.98480224609375,80.2531967163086,14.13659555,-0.0014787418613195769,-0.003206213154044235,0.00040435791015625,0.0,3.010570934268484,2.1971597234241496,0.05263157894736842,0.748912156007473,0.5,0.24891215600747296,0.0,0.9807524827167319,0.65,0.0,2.218827969642969e-07,0.347034839527373,0.32920161894753736,0.8832355118459179,0.0,151.3,151.0,6.0,1.3333750000000002,115.0,45.70000000000002,129.3875,8.375,15.0,-2.375,0.0,1.0,28054,2022-03-30 19:58:26.331744,asset
7224.963919417053,0.0007752000237815082,98.98729705810547,140.2801971435547,14.13673894,-0.0002282811256009154,-0.0017410699365427718,0.0,1.0,3.00531485689428,2.4193819456463714,0.05263157894736842,0.9174342268313481,0.5,0.4174342268313481,0.0,0.8087886596780741,0.65,0.0,1.2143301763709309e-07,0.3470348577177731,0.3292802057735363,0.8833271617363092,0.0,98.4,101.1,16.0,3.041625,43.0,-66.29999999999998,130.35,10.375,22.0,5.625,0.0,1.0,28054,2022-05-29 13:35:01.715712,asset
7224.953251553517,0.0007102999952621758,98.99089813232422,203.53750610351562,14.13677025,3.066451427002903e-05,0.0005042608599978848,0.00139617919921875,6.0,1.6163485660751644,2.2810361125534238,0.05263157894736842,0.7642057794514736,0.5,0.2642057794514736,0.0,0.36079978136911184,0.65,0.0,3.7962465229036967e-08,0.34703488889986855,0.32925389172036945,0.8837001914563879,0.0,94.3,97.1,11.0,2.29175,34.0,-12.799999999999997,97.2125,6.875,11.0,4.125,0.0,1.0,28054,2022-07-31 11:55:07.362336,asset
7224.920962000224,0.0007980000227689743,98.99729919433594,263.17718505859375,14.13686502,-0.0011209460544705507,-0.0041464804289716994,0.00049591064453125,0.0,2.3920788329783207,2.5032583347756456,0.05263157894736842,0.769492813253228,0.5,0.26949281325322805,0.0,0.8082763469613836,0.65,0.0,2.869566785769582e-07,0.34703477708396835,0.329267365431663,0.8838367878052411,0.0,134.8,135.3,3.0,0.83325,85.0,-2.0999999999999943,138.1875,8.25,22.0,-5.25,0.0,1.0,28054,2022-09-28 19:06:19.190016,asset
7224.839117077508,0.0006809000042267144,99.00160217285156,324.5154113769531,14.13710524,-0.0010902509930019733,-0.0032741612503741635,0.00030517578125,0.0,3.0363722498302237,2.1971597234241496,0.05263157894736842,0.8365347146656009,0.5,0.3365347146656009,0.0,0.16406336405695748,0.65,0.0,2.2659052222260487e-07,0.3470348322761919,0.32924817327575806,0.8832116614226821,0.0,107.0,104.1,22.0,3.20825,56.0,-10.0,110.6875,10.75,22.0,11.25,0.0,1.0,28054,2022-11-28 18:01:12.798048,asset
7224.745994125495,0.0007907000253908336,99.00579833984375,28.757099151611328,14.13737857,-0.0013627698926939047,-0.005406793327892956,0.00029754638671875,0.0,3.036372249830224,2.113283334294875,0.05263157894736842,0.8823053967130844,0.5,0.3823053967130844,0.0,0.5653896607551849,0.65,0.0,3.7418549375118656e-07,0.34703479232864987,0.32907485787961754,0.8839535540390077,0.0,137.0,132.9,8.0,1.875,80.0,-43.19999999999999,149.375,6.75,10.0,1.25,0.0,1.0,28054,2023-01-31 13:45:21.803328,asset
7224.571626205709,0.0006909000221639872,99.01180267333984,96.97039794921875,14.13789039,-0.003284078370597854,-0.00888473515624355,0.0005035400390625,0.0,3.010570934268484,2.9477027792200907,0.05263157894736842,0.8467429738083314,0.5,0.3467429738083314,0.0,0.3978948720099924,0.65,0.0,6.148964548471529e-07,0.34703476017738377,0.32919812627599043,0.8845310208623223,0.0,140.3,140.7,6.0,1.416625,60.0,13.400000000000006,135.3,9.5,14.0,-3.5,0.0,1.0,28054,2023-04-09 06:48:57.263040,asset
7224.474740759528,0.0007471999851986766,99.01110076904297,168.81629943847656,14.13817479,-0.0009265964781661751,-0.0034406722415951663,0.0,0.0,2.9258530145612833,2.5032583347756456,0.05263157894736842,0.8638173716845015,0.5,0.36381737168450146,0.0,0.24573425238219776,0.65,0.0,2.3812603231856013e-07,0.3470348235985715,0.3290461580439641,0.8835146998803587,0.0,168.8,174.3,11.0,2.3748750000000003,182.0,22.700000000000017,154.64999999999998,12.5,32.0,-1.5,1.0,1.0,28054,2023-06-19 13:29:49.200864,asset
7224.372902122879,0.0008345000096596777,99.01750183105469,258.58709716796875,14.13847374,-0.002445856620397535,-0.007831517561498913,0.0001983642578125,0.0,2.9258530145612833,2.1971597234241496,0.05263157894736842,0.8353356455821305,0.5,0.33533564558213047,0.0,0.025863680711487827,0.65,0.0,5.429631905117495e-07,0.3470348102006111,0.3291106560098679,0.883565796296679,0.0,140.4,141.9,6.0,1.291625,88.0,-21.0,152.8125,10.375,23.0,-4.375,0.0,1.0,28054,2023-09-16 14:19:44.838336,asset
7224.2142120118615,0.0006457000272348523,99.01920318603516,321.3362121582031,14.1389396,-0.0014272388116296497,-0.005027698802223313,0.0,0.0,2.839775539645508,2.197159723424149,0.05263157894736842,0.8526705940552741,0.5,0.3526705940552741,0.0,0.9773252134552733,0.65,0.0,3.479752974727168e-07,0.34703480663649755,0.32916532645963853,0.883635591430919,0.0,119.6,116.9,2.0,0.583375,26.0,-24.30000000000001,129.4375,7.625,14.0,-5.625,0.0,1.0,28054,2023-11-17 19:18:36.078336,asset
7224.088072773093,0.0008092999923974276,99.02030181884766,22.9237003326416,14.13930992,-0.003307371940536541,-0.010048155101685552,0.00030517578125,0.0,2.865576855207248,2.725480556997868,0.05263157894736842,0.8783979190294823,0.5,0.3783979190294823,0.0,0.8293846786271559,0.65,0.0,6.95461110047681e-07,0.347034706571661,0.3292106265223057,0.8836338003538559,0.0,174.1,168.5,3.0,0.750125,147.0,-11.900000000000006,184.29999999999998,4.5,6.0,-1.5,0.0,1.0,28054,2024-01-17 20:42:24.133248,asset
7223.956724459559,0.0006495999987237155,99.02330017089844,84.21119689941406,14.13969555,-0.002176430681174679,-0.007019761182164075,0.0,0.0,2.584262225315332,2.2810361125534238,0.05263157894736842,0.877017557848866,0.5,0.37701755784886604,0.0,0.3601536963107296,0.65,0.0,4.858664255428846e-07,0.3470347997572516,0.3292426357423028,0.8838431521737071,0.0,177.4,175.8,3.0,0.79175,120.0,50.7,139.3,4.25,8.0,-1.25,0.0,1.0,28054,2024-03-18 14:19:37.757856,asset
7223.7691318316365,0.0008185000042431056,99.0208969116211,147.34010314941406,14.14024634,-0.006140614184005244,-0.018186881912697572,-0.00030517578125,0.0,2.6078612261419982,2.7254805569978684,0.05263157894736842,0.8440005550225583,0.5,0.34400055502255833,0.0,0.0024118753915506196,0.65,0.0,1.258819823718171e-06,0.3470345505194321,0.32927781741729717,0.8842039320917101,0.0,199.7,204.5,6.0,1.41675,155.0,-15.700000000000017,207.15,15.625,30.0,-9.625,1.0,1.0,28054,2024-05-20 03:13:28.480224,asset
7223.660888194566,0.0006487999926321208,99.02100372314453,213.34970092773438,14.14056417,-0.0021966417498333612,-0.00868100171101105,0.00020599365234375,0.0,2.5637169871277963,2.1971597234241496,0.05263157894736842,0.7316667070664308,0.5,0.23166670706643078,0.0,0.5222986282054668,0.65,0.0,6.008721907765427e-07,0.3470347281995032,0.3292475118072554,0.883558451483422,0.0,174.8,180.4,5.0,1.208375,173.0,-49.0,196.8375,5.0,8.0,0.0,0.0,1.0,28054,2024-07-24 12:44:38.724864,asset
7223.423446176389,0.0008237999863922596,99.02400207519531,277.62701416015625,14.1412614,-0.005564371731452411,-0.013808787981361093,0.0001983642578125,1.0,2.7550576199383077,2.1971597234241496,0.05263157894736842,0.8315419095166365,0.5,0.33154190951663653,0.0,0.3635737183896196,0.65,0.0,9.558326659901189e-07,0.34703476641929587,0.3292658986788016,0.883650580386404,0.0,181.1,182.0,10.0,2.166875,136.0,19.900000000000006,166.36249999999998,12.25,29.0,-2.25,0.0,1.0,28054,2024-09-26 04:39:16.084224,asset
7223.111354521427,0.0006487999926321208,99.02030181884766,346.5614013671875,14.14217792,-0.004225604569910502,-0.014573424612535746,-0.0001983642578125,0.0,2.7947885411048063,2.503258334775646,0.05263157894736842,0.804504195826976,0.5,0.30450419582697597,0.0,0.06149863126304562,0.65,0.0,1.0088036750841191e-06,0.3470346053700869,0.329118109214446,0.8836059022953929,0.0,174.2,169.3,11.0,2.5,122.0,-48.10000000000002,203.85,6.5,11.0,4.5,0.0,1.0,28054,2024-12-03 11:29:04.268832,asset
7222.923867840947,0.0008212000248022377,99.0197982788086,49.45970153808594,14.14272856,-0.0031936818522808608,-0.011371974931535078,9.918212890625e-05,0.0,2.530601698544076,2.197159723424149,0.05263157894736842,0.8404125507830884,0.5,0.3404125507830884,0.0,0.7614902175937532,0.65,0.0,7.872131641155135e-07,0.3470345760366017,0.3292618960113757,0.8839385258945438,0.0,220.5,214.2,3.0,0.625,189.0,58.0,190.25,9.75,24.0,-6.75,0.0,1.0,28054,2025-02-03 19:10:50.289024,asset
7222.736400135349,0.0006333999917842448,99.0177001953125,110.44779968261719,14.14327918,-0.004769785904500168,-0.012498149516432022,-0.000396728515625,0.0,2.6292492238560348,1.879964948727111,0.05263157894736842,0.8029366944457711,0.5,0.3029366944457711,0.0,0.00039713514223887753,0.65,0.0,8.651937854749169e-07,0.34703468581511476,0.3291927044803643,0.8835215107735704,0.0,184.4,184.6,40.0,4.625,187.0,27.80000000000001,175.575,16.5,40.0,23.5,1.0,1.0,28054,2025-04-05 05:09:40.184352,asset
7222.635524923102,0.0008333000005222857,99.01210021972656,181.7801971435547,14.14357548,-0.0006468429919550545,-0.0026929104642476887,-9.918212890625e-05,1.0,2.294274067192862,2.4193819456463714,0.05263157894736842,0.8537881398012863,0.5,0.3537881398012863,0.0,0.08111669379456854,0.65,0.0,1.864215425063252e-07,0.34703479175740803,0.32924604597222557,0.8839787661353659,0.0,150.8,155.6,22.0,3.3751249999999997,154.0,29.900000000000006,132.8625,24.375,69.0,-2.375,1.0,1.0,28054,2025-06-14 21:31:20.072640,asset
7222.60165097929,0.0006107999943196774,99.01329803466797,249.4362030029297,14.14367498,-0.0013617589238492656,-0.003513339329401788,0.0001983642578125,0.0,3.181366328891459,2.1971597234241496,0.05263157894736842,0.7734290774533948,0.5,0.27342907745339484,0.0,0.5734179740709663,0.65,0.0,2.432183177429982e-07,0.3470348102706362,0.3291332525397179,0.8842526293887844,0.0,119.7,122.5,12.0,2.58325,60.0,-20.299999999999997,122.77499999999999,9.125,19.0,2.875,0.0,1.0,28054,2025-08-20 22:45:54.690624,asset
7222.437737342013,0.0007221000269055367,99.00599670410156,347.8476867675781,14.14415647,-0.0016169970467672101,-0.0061003388536846614,-0.0001068115234375,0.0,2.9450386975402454,2.4193819456463714,0.05263157894736842,0.8541756865165138,0.5,0.35417568651651377,0.0,0.6696399446914618,0.65,0.0,4.2231828164004467e-07,0.34703476760850405,0.32916076670337824,0.883735508963074,0.0,120.8,117.7,23.0,3.6248750000000003,82.0,-1.7000000000000028,119.7375,12.875,29.0,10.125,0.0,1.0,28054,2025-11-26 12:27:39.241152,asset
7222.32025726872,0.0007751000230200589,99.00180053710938,61.210899353027344,14.14450158,-0.0013718384898311342,-0.006848986748991592,0.0,0.0,2.476796752685521,2.197159723424149,0.05263157894736842,0.858459565477606,0.5,0.35845956547760605,0.0,0.9134656515428747,0.65,0.0,4.741538476166346e-07,0.3470348209563956,0.32919573992976453,0.8832800711900646,0.0,169.4,164.8,15.0,2.916875,141.0,28.900000000000006,166.2,9.375,21.0,5.625,0.0,1.0,28054,2026-02-07 07:34:22.000224,asset
7222.236215532221,0.0006476999842561781,98.99469757080078,127.98429870605469,14.14474847,-0.000626329793703917,-0.0025325517390228924,-0.000701904296875,0.0,2.9258530145612833,2.4193819456463714,0.05263157894736842,0.7996842381417588,0.5,0.2996842381417588,0.0,1.0,0.65,0.0,1.7533011907641744e-07,0.3470348366655549,0.32924137208442394,0.8841193273918747,0.0,100.9,101.5,3.0,0.6665000000000001,53.0,-8.0,99.92500000000001,7.75,17.0,-4.75,0.0,1.0,28054,2026-04-14 14:12:05.245632,asset
7222.2079287140905,0.0007822000188753009,98.98889923095703,193.71409606933594,14.14483157,0.00016338875775545603,-0.0004867623993050074,-0.0001983642578125,5.0,2.7153266987718094,2.725480556997868,0.05263157894736842,0.7962660404914738,0.5,0.29626604049147376,0.0,0.9775798234249052,0.65,0.0,4.7367125036802364e-08,0.34703487636042707,0.32924246317707906,0.8836120973159052,0.0,111.0,114.3,6.0,1.500125,51.0,-16.400000000000006,119.6,8.5,16.0,-2.5,0.0,1.0,28054,2026-06-18 20:59:22.337376,asset
7222.207972965214,0.000783999974373728,98.98889923095703,194.15350341796875,14.14483144,0.00016338876048394013,-0.00019062023329752265,-0.0001983642578125,4.0,2.996641328663726,2.9477027792200907,0.05263157894736842,0.818941666406031,0.5,0.31894166640603105,0.0,0.6683624995102738,0.65,0.0,2.992848113399319e-08,0.3470348911723581,0.3292701142541848,0.8834600526512739,0.0,108.0,114.3,6.0,1.5,61.0,-20.30000000000001,117.175,7.25,12.0,-1.25,0.0,1.0,28054,2026-06-19 07:27:50.999616,asset
7222.20810571859,0.0007859999896027148,98.98889923095703,194.77650451660156,14.14483105,0.00017700449916446814,0.000183812364412006,-9.918212890625e-05,2.0,3.1158340921632206,2.9477027792200907,0.05263157894736842,0.8910859552216098,0.5,0.3910859552216098,0.7039986637617561,0.7471539986619234,0.65,0.0,1.3196810412420886e-08,0.3470348964462693,0.3292543440637515,0.8835479736732842,0.0,108.0,114.3,6.0,1.5,61.0,-20.30000000000001,117.175,7.25,12.0,-1.25,0.0,1.0,28054,2026-06-19 22:19:06.705408,asset
7222.207452163571,0.000797900022007525,98.98880004882812,197.74639892578125,14.14483297,-0.0005208016427786788,-0.0003880482745444169,-0.0001983642578125,1.0,2.07628935929411,2.197159723424149,0.05263157894736842,0.7785183758054776,0.5,0.27851837580547756,0.0,1.0,0.65,0.0,2.686493427261321e-08,0.34703490413823346,0.329266626124108,0.8837139392331885,0.0,122.0,125.5,4.0,1.166625,70.0,5.0,114.0,5.25,6.0,-1.25,0.0,1.0,28054,2026-06-22 21:07:39,asset
7222.206795204768,0.000805000017862767,98.98880004882812,200.1114044189453,14.1448349,-0.0013105138214086764,-0.0009360812409795471,-0.0001983642578125,1.0,2.4370658315190226,2.725480556997868,0.05263157894736842,0.8596334735130958,0.5,0.3596334735130958,0.0,0.9508590759396689,0.65,0.0,6.480575656490192e-08,0.3470349008443441,0.3292014941126408,0.883765373502315,0.0,156.0,161.1,24.0,3.625,87.0,45.0,124.875,8.625,24.0,15.375,0.0,1.0,28054,2026-06-25 05:31:04.057248,asset
7222.206465023457,0.0008068999741226435,98.98880004882812,200.76319885253906,14.14483587,-0.0009871401143755065,-0.001351360861917783,-0.0001983642578125,1.0,2.755057619938308,2.4193819456463714,0.05263157894736842,0.7924747886798263,0.5,0.29247478867982635,0.0,0.6974079350194322,0.65,0.0,9.355594279653526e-08,0.34703488474912747,0.32922762076405987,0.8880721025971678,0.0,156.0,161.1,24.0,3.625,87.0,45.0,124.875,8.625,24.0,15.375,0.0,1.0,28054,2026-06-25 21:03:31.254048,asset
7222.206145053976,0.0008085999870672822,98.98880004882812,201.48269653320312,14.14483681,-0.000650150792353088,-0.0016951578700172831,-0.0001983642578125,0.0,2.780858935500048,2.4193819456463714,0.05263157894736842,0.8181329014567419,0.5,0.3181329014567419,0.0,0.045143888866831024,0.65,0.0,1.17357324003777e-07,0.3470348124047178,0.32912321054755944,0.888138872633295,0.0,164.0,168.1,11.0,2.5,104.0,56.0,131.5,9.25,24.0,1.75,0.0,1.0,28054,2026-06-26 14:12:45.819936,asset
7222.205910182784,0.0008103000000119209,98.98870086669922,202.1060028076172,14.1448375,-0.00055484067343059,-0.0020559745653372374,-0.0001983642578125,0.0,2.7153266987718094,2.6416041678685938,0.05263157894736842,0.8861065182768744,0.5,0.38610651827687437,0.0,0.7221019720839773,0.65,0.0,1.4233699175295899e-07,0.34703484028284504,0.3290341518833383,0.8875982787750663,0.0,187.0,194.1,6.0,1.54175,112.0,74.0,141.375,9.25,24.0,-3.25,0.0,1.0,28054,2026-06-27 05:04:30.081792,asset
7222.205787641298,0.0008114000083878636,98.98870086669922,202.7406005859375,14.14483786,-0.00035741267765843077,-0.0022840379633635166,-0.0001983642578125,0.0,2.404793302461803,2.9477027792200907,0.05263157894736842,0.811264551861871,0.5,0.31126455186187096,0.0,0.9968865408102737,0.65,0.0,1.5812602750121313e-07,0.3470348593245084,0.3290810550201956,0.8859136787025443,0.0,187.0,194.1,6.0,1.54175,112.0,74.0,141.375,9.25,24.0,-3.25,0.0,1.0,28054,2026-06-27 20:12:20.102112,asset
7222.205702543049,0.0008123000152409077,98.98870086669922,203.19500732421875,14.14483811,-0.0002076397349810577,-0.0022976536265559844,-0.0001983642578125,0.0,2.352347911811822,2.725480556997868,0.05263157894736842,0.8479586839238308,0.5,0.3479586839238308,0.0,0.07069158212998207,0.65,0.0,1.5906865372993887e-07,0.3470348621559519,0.32909194476697895,0.8839007599673835,0.0,190.0,192.3,4.0,0.9585,130.0,73.0,151.0,9.0,24.0,-5.0,0.0,1.0,28054,2026-06-28 07:02:22.000416,asset
7222.2051238750155,0.0008141999715007842,98.98870086669922,204.47390747070312,14.14483981,-0.0006637662827415625,-0.0019402403322601458,-9.918212890625e-05,0.0,2.5445313041488338,1.836591668108979,0.05263157894736842,0.8170161729112972,0.5,0.31701617291129724,0.0,0.48947531053662796,0.65,0.0,1.3432462175470062e-07,0.34703487223490304,0.32919310873097063,0.8836810119874363,0.0,200.0,201.9,3.0,0.541625,125.0,78.0,161.375,8.875,24.0,-5.875,0.0,1.0,28054,2026-06-29 13:31:53.146848,asset
7222.204398838174,0.0008167999912984669,98.98860168457031,205.88729858398438,14.14484194,-0.0013037048747719382,-0.002215958244050853,-0.0001983642578125,0.0,1.9762822787735765,2.113283334294875,0.05263157894736842,0.8369336629558529,0.5,0.3369336629558529,0.0,0.49553782686604814,0.65,0.0,1.5341283724689217e-07,0.34703487751526796,0.3291591906580492,0.8840196875668018,0.0,203.0,209.3,18.0,2.666625,126.0,68.0,171.5,10.625,24.0,7.375,0.0,1.0,28054,2026-06-30 23:14:05.109216,asset
7222.204300124252,0.000818000000435859,98.98860168457031,206.45550537109375,14.14484223,-0.0008237507636295049,-0.002008318390835484,-0.0001983642578125,0.0,2.147077673396552,2.058813890331201,0.05263157894736842,0.8022723234854925,0.5,0.3022723234854925,0.0,0.442230464927508,0.65,0.0,1.399803717114381e-07,0.34703486706575415,0.3291979973193106,0.8847694900547944,0.0,216.0,258.1,12.0,2.45825,150.0,79.0,181.625,11.375,24.0,0.625,0.0,1.0,28054,2026-07-01 12:46:52.593888,asset
7222.20394951966,0.0008188000065274537,98.98860168457031,207.252197265625,14.14484326,-0.0004493185142564471,-0.0020627810308724293,-9.918212890625e-05,0.0,2.259799223400568,2.1971597234241496,0.05263157894736842,0.7972422844057448,0.5,0.29724228440574485,0.0,0.44575641422936574,0.65,0.0,1.4280824823761131e-07,0.3470348004198781,0.3290803955113936,0.8851368835539843,0.0,202.0,209.7,3.0,0.75,127.0,46.0,189.75,10.125,24.0,-7.125,0.0,1.0,28054,2026-07-02 07:46:43.000320,asset
7222.203792938981,0.0008194000110961497,98.98860168457031,207.7510986328125,14.14484372,-0.0005071852710898384,-0.002066184849354613,-9.918212890625e-05,0.0,2.354550226546897,2.5032583347756456,0.05263157894736842,0.7854884280791337,0.5,0.28548842807913366,0.0,0.9801742373265985,0.65,0.0,1.430439009883581e-07,0.34703485748134544,0.32909241294550906,0.8853702123754235,0.0,202.0,209.7,3.0,0.75,127.0,46.0,189.75,10.125,24.0,-7.125,0.0,1.0,28054,2026-07-02 19:40:22.365120,asset
7222.203078114253,0.0008208000217564404,98.98860168457031,209.8157958984375,14.14484582,-0.0008714054065421806,-0.0026278327250111033,-9.918212890625e-05,0.0,2.80004461847901,2.4193819456463714,0.05263157894736842,0.854528999987382,0.5,0.35452899998738197,0.0,0.08695638553664575,0.65,0.0,1.9323885206545613e-07,0.3470348733891706,0.32923889736326056,0.8868581950529637,0.0,163.0,166.0,77.0,5.70825,99.0,-24.0,192.5,16.375,77.0,60.625,1.0,1.0,28054,2026-07-04 20:54:06.846048,asset
7222.202492638894,0.0008210000232793391,98.98860168457031,210.37120056152344,14.14484754,-0.0013003000867684023,-0.0030226880135160172,-9.918212890625e-05,0.0,2.9450386975402454,2.7254805569978675,0.05263157894736842,0.8158795838611888,0.5,0.31587958386118875,0.0,0.9929272001757687,0.65,0.0,2.092635224791698e-07,0.3470348591170632,0.3292118224503354,0.8860336540265722,0.0,138.0,143.4,16.0,3.0835,101.0,-52.0,186.375,17.625,77.0,-1.625,1.0,1.0,28054,2026-07-05 10:08:41.189280,asset
7222.202240748368,0.0008217999711632729,98.98860168457031,211.45120239257812,14.14484828,-0.0008373658847631305,-0.002290843015543942,0.0,0.0,2.80004461847901,2.9477027792200907,0.05263157894736842,0.8601718846027602,0.5,0.3601718846027602,0.0,0.3430272122318425,0.65,0.0,1.6189642342519512e-07,0.3470348139617945,0.32924057913429194,0.8857703645265986,0.0,128.0,129.5,6.0,1.583375,72.0,-72.0,178.625,17.875,77.0,-11.875,1.0,1.0,28054,2026-07-06 11:53:46.165344,asset
7222.201975242164,0.0008217000286094844,98.98860168457031,212.28460693359375,14.14484906,-0.0005173967301743687,-0.002375941012360272,0.0,0.0,2.710070621397606,3.1699250014423126,0.05263157894736842,0.8641234510766559,0.5,0.3641234510766559,0.0,0.18689339887817707,0.65,0.0,1.644886443263093e-07,0.34703482252745776,0.32911808322788766,0.8858965913010538,0.0,113.0,114.1,3.0,0.7498750000000001,59.0,-90.0,167.75,17.875,77.0,-14.875,1.0,1.0,28054,2026-07-07 07:45:59.280192,asset
7222.201896951876,0.0008216000278480351,98.98860168457031,212.71099853515625,14.14484929,-0.0003437964924160042,-0.0022431877505368902,0.0,0.0,2.80004461847901,2.4193819456463714,0.05263157894736842,0.815773494847009,0.5,0.315773494847009,0.0,0.9810888793341898,0.65,0.0,1.5812589842628217e-07,0.34703483535794477,0.3290561223332997,0.8846518924944811,0.0,113.0,114.1,3.0,0.7498750000000001,59.0,-90.0,167.75,17.875,77.0,-14.875,1.0,1.0,28054,2026-07-07 17:56:05.379936,asset
7222.201791430189,0.0008210000232793391,98.98860168457031,213.57760620117188,14.1448496,-0.00018381197514827363,-0.0020593755625668564,0.0,0.0,2.694781460584273,2.6416041678685938,0.05263157894736842,0.884353895554716,0.5,0.384353895554716,0.0,0.005469693995460517,0.65,0.0,1.4304384109380588e-07,0.3470348578387221,0.3289691143644883,0.8847075875444255,0.0,114.0,119.8,11.0,2.4998750000000003,85.0,-102.0,156.625,17.0,77.0,-6.0,1.0,1.0,28054,2026-07-08 14:35:43.656288,asset
7222.202104591336,0.0008163999882526696,98.9896011352539,214.83389282226562,14.14484868,0.00020763946031365776,-0.0008101344319584314,0.00099945068359375,1.0,2.9258530145612833,2.2810361125534233,0.05263157894736842,0.7915824598054767,0.5,0.2915824598054767,0.0,1.0,0.65,0.0,7.823814192222855e-08,0.3470348685450101,0.3290947405111403,0.8845007273567994,0.0,111.0,113.4,15.0,2.75,82.0,-91.0,143.5,17.375,77.0,-2.375,1.0,1.0,28054,2026-07-09 20:32:55.998816,asset
7222.202176073778,0.0008202000171877444,98.98870086669922,215.8538055419922,14.14484847,0.0003846435893137823,-0.00047654964873800054,9.918212890625e-05,1.0,2.970840013101985,2.725480556997868,0.05263157894736842,0.7353471212371795,0.5,0.2353471212371795,0.0,1.0,0.65,0.0,6.009254788427577e-08,0.3470348801840062,0.3291760055165806,0.88545179329644,0.0,113.0,110.7,12.0,2.583375,81.0,-66.0,132.375,18.5,77.0,-6.5,1.0,1.0,28054,2026-07-10 20:52:04.375776,asset
7222.202176073778,0.0008190000080503523,98.98870086669922,216.76980590820312,14.14484847,7.148244185373187e-05,-1.70196281032986e-05,9.918212890625e-05,2.0,2.694781460584273,2.7254805569978684,0.05263157894736842,0.7580989279351898,0.5,0.25809892793518985,0.0,0.5757002713722951,0.65,0.0,2.8278845064646923e-08,0.34703490331107056,0.3292732807243116,0.8854537928247611,0.0,111.0,115.3,6.0,1.749875,76.0,-52.0,123.875,18.25,77.0,-12.25,1.0,1.0,28054,2026-07-11 18:42:34.098048,asset
7222.202182881629,0.0008177999989129603,98.98870086669922,217.2008056640625,14.14484845,6.807850695622619e-06,0.00020083161507500336,9.918212890625e-05,2.0,2.9450386975402454,2.5032583347756456,0.05263157894736842,0.8197150111482523,0.5,0.3197150111482523,0.1759700336566271,0.2637305439717538,0.65,0.0,1.7438621880826885e-08,0.34703490944435145,0.3291477181646189,0.8848497839037521,0.0,107.0,110.8,16.0,3.083125,69.0,-31.0,116.875,10.625,16.0,5.375,0.0,1.0,28054,2026-07-12 04:59:05.281728,asset
7222.201995665717,0.0008122000144794583,98.9896011352539,217.85169982910156,14.144849,-0.0001804080611691461,0.00013956094699096866,0.00099945068359375,3.0,2.794788541104806,2.4193819456463714,0.05263157894736842,0.850057166036877,0.5,0.350057166036877,0.0,1.0,0.65,0.0,2.615793282106836e-08,0.34703489162201184,0.3290668982113641,0.8851395845812532,0.0,107.0,110.8,16.0,3.083125,69.0,-31.0,116.875,10.625,16.0,5.375,0.0,1.0,28054,2026-07-12 20:30:21.151872,asset
7222.202162458075,0.0008111000061035156,98.9896011352539,218.5,14.14484851,-2.042355390585726e-05,0.00037783573588967556,0.00099945068359375,4.0,2.655050539417775,2.113283334294875,0.05263157894736842,0.7882667103214573,0.5,0.28826671032145734,0.0,0.06853141052054498,0.65,0.0,3.1106730532647466e-08,0.3470348900617809,0.3292474109869548,0.8845391245252352,0.0,100.0,106.4,7.0,1.70825,44.0,-28.0,112.125,9.5,16.0,-2.5,0.0,1.0,28054,2026-07-13 11:57:45.520128,asset
7222.202138630594,0.0008107000030577183,98.9896011352539,219.1927032470703,14.14484858,0.00014296487734100083,0.0001701962828519754,0.00099945068359375,5.0,2.6550505394177746,2.058813890331201,0.05263157894736842,0.749247452469985,0.5,0.24924745246998503,0.0,0.6132610668415885,0.65,0.0,1.8381250507850096e-08,0.34703487518875387,0.3292138675271081,0.8839545559338602,0.0,100.0,103.1,7.0,1.7915,39.0,-13.0,108.625,9.625,16.0,-2.625,0.0,1.0,28054,2026-07-14 04:28:48.359712,asset
7222.202257767997,0.0008091999916359782,98.98970031738281,220.19400024414062,14.14484823,9.53099224716425e-05,0.00017700413991406094,0.00099945068359375,5.0,2.6048074635028686,2.4193819456463714,0.05263157894736842,0.7178633673497735,0.5,0.21786336734977352,0.6620122812728817,0.7653725862570839,0.65,0.0,1.2254167058474341e-08,0.3470348913900383,0.3291526171296303,0.8842203708026986,0.0,107.0,103.0,11.0,2.333375,29.0,-7.0,107.875,10.625,16.0,0.375,0.0,1.0,28054,2026-07-15 04:21:18.866304,asset
7222.202387117185,0.0008084999863058329,98.98970031738281,220.81590270996094,14.14484785,0.00024848659086273983,0.00028933370049344376,0.00099945068359375,4.0,2.1942669866723286,2.5032583347756456,0.05263157894736842,0.7162431693348222,0.5,0.21624316933482224,0.8137142261338978,0.9148082506117897,0.65,0.0,2.003085029751397e-08,0.3470349024249505,0.329196653291274,0.8840953195273412,0.0,107.0,103.0,11.0,2.333375,29.0,-7.0,107.875,10.625,16.0,0.375,0.0,1.0,28054,2026-07-15 19:10:55.000416,asset
7222.202376905407,0.0008078999817371368,98.98970031738281,221.3280029296875,14.14484788,0.00011913740945601603,0.00025529444155836245,0.00099945068359375,2.0,2.0182155146751497,2.197159723424149,0.05263157894736842,0.8248333892561323,0.5,0.32483338925613225,0.5628969040340425,0.6596815084525988,0.65,0.0,1.8381250890053808e-08,0.34703489970796386,0.32905427136910664,0.8839701543619486,0.0,101.0,104.6,7.0,1.708375,52.0,-10.0,106.25,10.125,16.0,-3.125,0.0,1.0,28054,2026-07-16 07:23:38.230368,asset
7222.202438176076,0.000806200027000159,98.98970031738281,222.18600463867188,14.1448477,5.1058890676358715e-05,0.0004663378385885153,9.918212890625e-05,0.0,2.984769618706743,2.6416041678685938,0.05263157894736842,0.7980183867592815,0.5,0.2980183867592815,0.7192442813860542,0.9742343914879277,0.65,0.0,3.2285017040443034e-08,0.3470349030621317,0.3291653802459872,0.8842208720557746,0.0,105.0,108.2,4.0,0.875,36.0,-8.0,105.5,8.75,16.0,-4.75,0.0,1.0,28054,2026-07-17 03:51:06.184800,asset
7222.202489234967,0.0008054000209085643,98.98970031738281,222.68919372558594,14.14484755,0.00011232956057938281,0.0003914514827556559,9.918212890625e-05,0.0,2.905307776373747,2.6416041678685938,0.05263157894736842,0.8065407387484043,0.5,0.30654073874840426,0.6964799793450739,0.9773246683225723,0.65,0.0,2.7100562396579415e-08,0.3470348964116543,0.32922076429763764,0.8841877348129464,0.0,105.0,108.2,4.0,0.875,36.0,-8.0,105.5,8.75,16.0,-4.75,0.0,1.0,28054,2026-07-17 15:50:53.268000,asset
7222.202516466376,0.0008019999950192869,98.98970031738281,223.6800994873047,14.14484747,7.82903007348068e-05,0.00031656511964683887,9.918212890625e-05,0.0,3.1158340921632206,2.4193819456463714,0.05263157894736842,0.7901856805481071,0.5,0.2901856805481071,0.0,0.5619106199994596,0.65,0.0,2.333004940712404e-08,0.347034896959583,0.3290953530380176,0.8840142109147885,0.0,110.0,114.0,3.0,0.791625,29.0,-1.0,105.125,7.625,16.0,-4.625,0.0,1.0,28054,2026-07-18 15:28:28.085664,asset
7222.202557313492,0.0007994999759830534,98.9896011352539,224.31759643554688,14.14484735,6.807852514612023e-05,0.00030294942007458303,-9.918212890625e-05,0.0,2.7205827761460135,2.9477027792200907,0.05263157894736842,0.8121825842193741,0.5,0.31218258421937406,0.950212931632136,0.13041180174589162,0.65,0.0,2.0973479290638523e-08,0.3470348979958249,0.32917311144422057,0.8839383320148009,0.0,120.0,123.2,2.0,0.45825,46.0,13.0,106.25,7.125,16.0,-5.125,0.0,1.0,28054,2026-07-19 06:40:25.466592,asset
7222.202679854839,0.0007972000166773796,98.9896011352539,225.33990478515625,14.14484699,0.00016338846216967795,0.00037102795158716617,-9.918212890625e-05,0.0,2.865576855207249,2.9477027792200907,0.05263157894736842,0.7435298336099331,0.5,0.24352983360993308,0.6509819267092534,0.632447194493867,0.65,0.0,2.5686620647638743e-08,0.3470348973447578,0.3292764198079879,0.8840893516914712,0.0,141.0,141.3,3.0,0.66675,83.0,41.0,110.5,5.5,11.0,-2.5,0.0,1.0,28054,2026-07-20 07:02:59.000352,asset
7222.202768356927,0.0007953000022098422,98.9896011352539,226.0366973876953,14.14484673,0.00021104343431943562,0.00041868292828439735,-9.918212890625e-05,0.0,2.549787381523038,2.7254805569978684,0.05263157894736842,0.8967085408877677,0.5,0.39670854088776775,0.0,0.008137643512049231,0.65,0.0,3.110673415557028e-08,0.3470348940691289,0.32921693909865896,0.8846592199851739,0.0,141.0,141.3,3.0,0.66675,83.0,41.0,110.5,5.5,11.0,-2.5,0.0,1.0,28054,2026-07-20 23:39:52.159968,asset
7222.202233940517,0.0007933999877423048,98.98870086669922,227.3701934814453,14.1448483,-0.0004459143219719408,-0.00018721592823567335,-0.00099945068359375,2.0,1.8282344370732122,2.1971597234241496,0.05263157894736842,0.8149839165339434,0.5,0.3149839165339434,0.0,6.230886036694607e-11,0.65,0.0,2.6157935913926184e-08,0.34703490407052984,0.32922943262870047,0.8847403950824031,0.0,149.0,155.0,10.0,2.333375,88.0,42.0,123.375,6.75,14.0,3.25,0.0,1.0,28054,2026-07-22 07:27:29.504160,asset
7222.201648465328,0.0007897000177763402,98.98870086669922,228.37680053710938,14.14485002,-0.001119891599046241,-0.0008305578612635145,-0.00099945068359375,2.0,2.4370658315190226,2.5032583347756456,0.05263157894736842,0.8403713125654956,0.5,0.3403713125654956,0.0,0.9927766374684323,0.65,0.0,5.7500318423945364e-08,0.3470349082898899,0.3290698162651601,0.885424126473383,0.0,148.0,152.3,24.0,3.2917499999999995,100.0,47.0,128.5,8.375,24.0,15.625,0.0,1.0,28054,2026-07-23 07:27:29.308896,asset
7222.201559963275,0.0007880000048317015,98.98870086669922,228.9542999267578,14.14485028,-0.0006739772416040068,-0.0009565031014062697,-0.00099945068359375,2.0,2.5100564603565396,2.5032583347756456,0.05263157894736842,0.8330967968265333,0.5,0.33309679682653326,0.0,0.3562049945692266,0.65,0.0,6.621962852529335e-08,0.34703488325570164,0.32909100874007197,0.8852868481342299,0.0,148.0,152.3,24.0,3.2917499999999995,100.0,47.0,128.5,8.375,24.0,15.625,0.0,1.0,28054,2026-07-23 21:13:49.477152,asset
7222.201328496381,0.0007859999896027148,98.98880004882812,229.67759704589844,14.14485096,-0.00031996894631447503,-0.0012015857000733376,-0.00080108642578125,0.0,2.544531304148834,2.5032583347756456,0.05263157894736842,0.8394215210551209,0.5,0.3394215210551209,0.0,0.03568641644529392,0.65,0.0,8.318693263268813e-08,0.3470348264404429,0.32900791838504256,0.8851571437341396,0.0,153.0,154.9,7.0,1.41675,109.0,48.0,135.0,8.375,24.0,-1.375,0.0,1.0,28054,2026-07-24 14:28:34.675104,asset
7230.912271010718,0.00136160000693053,99.13089752197266,357.19390869140625,14.11929861,-0.010324553336431563,-0.03127422323268547,0.0023956298828125,1.0,2.6100635408770727,2.4193819456463714,0.05263157894736842,0.7710443955518219,0.5,0.2710443955518219,0.0,0.2397657550357224,0.2,0.0,2.271127619791122e-06,0.34703472519442824,0.33470269724695634,0.8948404091280215,0.0,137.4,133.0,2.0,0.375,133.0,-5.900000000000006,131.35,3.25,10.0,-1.25,0.0,1.0,28654,2014-01-20 12:19:34.540608,baseline
7230.242984684064,0.0015239999629557133,99.1697998046875,347.1129150390625,14.12125914,-0.011742147594304697,-0.0423845985733351,0.00139617919921875,1.0,2.8397755396455087,2.5032583347756456,0.05263157894736842,0.845666756746121,0.5,0.345666756746121,0.0,0.6311925466944454,0.2,0.0,3.0193330271692314e-06,0.34703436472965665,0.3403658692718897,0.8948564667789111,0.0,131.5,127.1,21.0,3.375,94.0,-47.69999999999999,147.125,13.5,21.0,7.5,0.0,1.0,28654,2014-12-29 11:19:50.811168,baseline
7229.856523964302,0.001410400029271841,99.19210052490234,284.56878662109375,14.1223914,-0.0021774641745651024,-0.006017040575898136,0.00029754638671875,0.0,2.6550505394177746,2.725480556997868,0.05263157894736842,0.8588980337618229,0.5,0.35889803376182294,0.0,0.9891215923991472,0.2,0.0,4.1612422052555854e-07,0.34703479462667874,0.3285107971838882,0.8888734608277118,0.0,106.8,106.1,8.0,2.0,55.0,27.099999999999994,89.88749999999999,21.125,45.0,-13.125,1.0,1.0,28654,2015-10-15 22:21:01.789344,baseline
7229.728913092901,0.0013551999581977725,99.19850158691406,97.48480224609375,14.12276531,-0.0013480568550221506,-0.0048461820024385815,0.0001983642578125,0.0,2.839775539645508,2.7254805569978684,0.05263157894736842,0.7765547156411989,0.5,0.27655471564119893,0.0,0.6366504893855534,0.2,0.0,3.3515638158738055e-07,0.34703482109106054,0.32881459637620447,0.8878569928503947,0.0,82.1,82.0,2.0,0.45825000000000005,12.0,-3.4000000000000057,85.2875,7.125,11.0,-5.125,0.0,1.0,28654,2016-04-01 13:09:48.877632,baseline
7229.6303360055645,0.001520100049674511,99.197998046875,276.44781494140625,14.12305416,-0.0003617446373027633,-0.003982606177487469,-9.918212890625e-05,1.0,2.194266986672329,2.4193819456463714,0.05263157894736842,0.8042847256350383,0.5,0.3042847256350383,0.0,9.271488816133374e-05,0.2,0.0,3.1980812783955474e-07,0.3470347675164511,0.3289398352579594,0.8874394725648546,0.0,85.1,85.7,3.0,0.7501249999999999,36.0,0.6999999999999886,83.6375,6.75,18.0,-3.75,0.0,1.0,28654,2016-09-22 23:18:45.614592,baseline
7229.552053483127,0.0013973000459372997,99.19010162353516,91.30999755859375,14.12328355,-0.001774548723915359,-0.004508038409767323,-0.0005950927734375,0.0,3.155565013329719,2.7254805569978684,0.05263157894736842,0.8216166574433401,0.5,0.3216166574433401,0.0,0.9927081388464011,0.2,0.0,3.1177839723902996e-07,0.3470348209550661,0.328782162281837,0.888752701488277,0.0,70.1,69.2,8.0,1.66675,0.0,-2.700000000000003,71.225,12.875,23.0,-4.875,0.0,1.0,28654,2017-03-12 11:51:52.045632,baseline
7229.483181358333,0.0014316999586299062,99.17839813232422,279.9497985839844,14.12348537,-0.0007848777231629356,-0.004156441847044334,-0.000701904296875,0.0,3.0053148568942794,2.5032583347756456,0.05263157894736842,0.8310892385849603,0.5,0.3310892385849603,0.0,0.3445159129900681,0.2,0.0,2.8746453570356335e-07,0.34703482483271075,0.3288726007665758,0.8875752058452211,0.0,75.5,76.4,17.0,2.791625,11.0,-45.0,107.6875,24.5,106.0,-7.5,1.0,1.0,28654,2017-09-12 14:48:18.205632,baseline
7229.427486296449,0.0014776999596506357,99.1626968383789,60.025901794433594,14.12364858,-0.0008565239859308349,-0.003037078228771861,-0.0009002685546875,0.0,2.6689801450225334,2.0588138903312014,0.05263157894736842,0.7772146139618501,0.5,0.2772146139618501,0.0,0.4931398592819434,0.2,0.0,2.1004963943546725e-07,0.3470348613545937,0.32874846360435117,0.8891446434441147,0.0,68.8,66.7,6.0,1.41675,0.0,-0.7999999999999972,69.6625,7.75,11.0,-1.75,0.0,1.0,28654,2018-01-27 13:20:22.820352,baseline
7229.37956913155,0.0015457000117748976,99.14420318603516,210.49710083007812,14.123789,-0.0012011612170681474,-0.0024330344604095444,-0.00069427490234375,0.0,2.4767967526855212,2.0588138903312014,0.05263157894736842,0.8658632629630587,0.5,0.3658632629630587,0.0,0.9969446880089844,0.2,0.0,1.682740422619103e-07,0.3470348651807489,0.3287306132624016,0.888667934083234,0.0,77.1,79.7,18.0,3.166625,37.0,6.599999999999994,76.7625,7.0,18.0,11.0,0.0,1.0,28654,2018-06-23 21:46:18.232608,baseline
7229.3373342999475,0.0014450999442487955,99.12570190429688,15.353599548339844,14.12391277,-0.0010953611144941533,-0.0021873102996323723,-0.00119781494140625,0.0,2.5048003829823355,2.6416041678685938,0.05263157894736842,0.7807854683028528,0.5,0.2807854683028528,0.0,0.8755665163690438,0.2,0.0,1.5128010354247838e-07,0.34703487444034753,0.3291041998209228,0.887526952376136,0.0,69.0,67.0,11.0,2.3751249999999997,0.0,-0.5999999999999943,68.525,4.125,11.0,6.875,0.0,1.0,28654,2018-12-02 15:18:38.647584,baseline
7229.2277729861335,0.0013160000089555979,99.0990982055664,182.37399291992188,14.12423385,-0.002583044114544464,-0.008397460973355919,-0.00140380859375,0.0,3.00531485689428,2.7254805569978684,0.05263157894736842,0.844546710193483,0.5,0.34454671019348304,0.0,0.4495456493286896,0.2,0.0,5.807988017748716e-07,0.3470346967380924,0.3288642940456664,0.8887266524113,0.0,74.0,75.6,5.0,1.29175,18.0,-1.2999999999999972,75.61250000000001,10.75,32.0,-5.75,1.0,1.0,28654,2019-05-15 21:59:57.731424,baseline
7229.091253687171,0.001482799998484552,99.07949829101562,354.8324890136719,14.12463395,-0.0028422381283235154,-0.008315175117786566,-0.00170135498046875,0.0,3.036372249830224,2.4193819456463714,0.05263157894736842,0.8994065315994249,0.5,0.39940653159942485,0.0,0.5961807869022951,0.2,0.0,5.751184797672428e-07,0.3470347060121124,0.3289370447112917,0.8881398210635019,0.0,70.7,69.6,3.0,0.666625,7.0,2.1000000000000085,69.525,12.125,25.0,-9.125,0.0,1.0,28654,2019-11-01 22:17:49.095744,baseline
7228.962683718973,0.0015184000367298722,99.05220031738281,154.27969360351562,14.12501077,-0.0020573747387970798,-0.006424609547138971,-0.00150299072265625,0.0,2.8913781707689887,2.9477027792200907,0.05263157894736842,0.8461208439831457,0.5,0.3461208439831457,0.0,0.6332268287554584,0.2,0.0,4.4436564039341135e-07,0.34703480900602934,0.3291102598220993,0.8871457252504517,0.0,69.9,70.1,2.0,0.58325,0.0,0.0,69.98750000000001,5.625,14.0,-3.625,0.0,1.0,28654,2020-04-07 12:58:08.433696,baseline
7228.853262834527,0.0015024000313133001,99.03890228271484,289.8485107421875,14.12533148,-0.001729766933749488,-0.005107421329739736,-0.00069427490234375,0.0,2.9258530145612833,2.4193819456463714,0.05263157894736842,0.8256480341830822,0.5,0.3256480341830822,0.0,0.6559301909205717,0.2,0.0,3.532661710139006e-07,0.3470348068908793,0.3290248640371119,0.8865216388397767,0.0,70.5,72.2,5.0,1.041625,16.0,-2.5999999999999943,71.2875,3.5,6.0,1.5,0.0,1.0,28654,2020-08-19 20:14:12.245856,baseline
7228.762050653508,0.0015116999857127666,99.02349853515625,32.71849822998047,14.12559883,-0.0014192510989232687,-0.004158817091592937,-0.000701904296875,0.0,2.694781460584273,2.4193819456463714,0.05263157894736842,0.8327572290686241,0.5,0.33275722906862415,0.0,0.819941689732417,0.2,0.0,2.87657503895408e-07,0.3470348031100635,0.3292916854499356,0.8833692219717331,0.0,116.3,113.1,3.0,0.8748750000000001,96.0,28.599999999999994,103.1625,8.0,24.0,-5.0,0.0,1.0,28654,2020-11-29 21:56:22.877952,baseline
7228.678302425371,0.0013598999939858913,99.00869750976562,121.81159973144531,14.12584431,-0.002770189385046251,-0.007720374314885703,-0.00170135498046875,0.0,3.050301855434982,2.9477027792200907,0.05263157894736842,0.8796868123288901,0.5,0.3796868123288901,0.0,0.08257313741357264,0.2,0.0,5.340096628828818e-07,0.34703479291808836,0.32939140034393855,0.8874113499988692,0.0,79.6,78.1,9.0,2.2498750000000003,18.0,8.0,75.6875,15.875,21.0,-6.875,0.0,1.0,28654,2021-02-26 10:54:05.055552,baseline
7228.585751650657,0.0013379999436438084,98.99430084228516,221.29220581054688,14.1261156,-0.0008665090517752105,-0.00369801682063553,-0.0001983642578125,0.0,3.0105709342684834,2.5032583347756456,0.05263157894736842,0.862328779055097,0.5,0.362328779055097,0.0,0.9390722886038653,0.2,0.0,2.5579107232913293e-07,0.3470348141263272,0.3294042391518523,0.8836963264121599,0.0,74.4,76.6,4.0,0.8331250000000001,38.0,-1.5999999999999943,76.325,3.75,5.0,0.25,0.0,1.0,28654,2021-06-05 11:25:03.484992,baseline
7228.517349426675,0.0015344000421464443,98.9896011352539,299.57159423828125,14.12631611,-0.0012144485963290208,-0.003343146243423689,-0.00029754638671875,0.0,2.5423289894137593,2.113283334294875,0.05263157894736842,0.8336687617117511,0.5,0.3336687617117511,0.0,0.0005350949097372381,0.2,0.0,2.3124694328522756e-07,0.3470348359252097,0.32930285214944915,0.8840666386200448,0.0,77.1,78.8,2.0,0.458375,19.0,2.5,75.525,5.0,8.0,-3.0,0.0,1.0,28654,2021-08-22 11:01:18.506208,baseline
7228.437005915563,0.0013604999985545874,98.97840118408203,18.4778995513916,14.12655163,-0.0018147999098800938,-0.004219752673634503,-0.00049591064453125,0.0,2.7550576199383077,2.0588138903312014,0.05263157894736842,0.7815545502362373,0.5,0.2815545502362373,0.0,0.22296081423762348,0.2,0.0,2.918854255751531e-07,0.3470348099343228,0.3294427391320913,0.8830610439818563,0.0,91.4,89.6,6.0,1.4585,44.0,-4.599999999999994,91.3875,18.875,72.0,-12.875,1.0,1.0,28654,2021-11-09 03:35:40.919424,baseline
7228.362623978308,0.0014816999901086092,98.9697036743164,85.30760192871094,14.12676968,-0.0016885391478353995,-0.004523240417256602,-0.0005950927734375,0.0,3.036372249830224,2.725480556997868,0.05263157894736842,0.8462653366632107,0.5,0.3462653366632107,0.0,0.0015535367497810403,0.2,0.0,3.128812519344174e-07,0.34703479531741155,0.32946251688325573,0.8832028385281356,0.0,110.2,106.6,15.0,1.958375,98.0,2.9000000000000057,104.1125,6.375,15.0,8.625,0.0,1.0,28654,2022-01-14 20:51:47.436192,baseline
7228.272965671518,0.0014033999759703875,98.956298828125,155.68069458007812,14.12703252,-0.0017737639236656833,-0.00489490885502164,-0.00060272216796875,0.0,3.010570934268484,2.7254805569978684,0.05263157894736842,0.824414009773183,0.5,0.324414009773183,0.0,0.07019703765058558,0.2,0.0,3.3859446034645013e-07,0.34703480393863484,0.32943488512225705,0.8831777898897859,0.0,118.7,118.1,6.0,1.45825,61.0,24.299999999999997,105.15,6.625,10.0,-0.625,0.0,1.0,28654,2022-03-26 04:47:39.355584,baseline
7228.148862886826,0.0013961000367999077,98.9490966796875,231.99009704589844,14.12739635,-0.0013848407579644118,-0.0055700655038890545,-0.0001068115234375,0.0,3.0761031709967224,2.7254805569978684,0.05263157894736842,0.8352729571661488,0.5,0.3352729571661488,0.0,0.04022123942441003,0.2,0.0,3.853035119611931e-07,0.3470348009742683,0.32918186054675147,0.8843877998769529,0.0,110.5,113.9,4.0,0.916625,46.0,9.799999999999997,101.48750000000001,4.75,9.0,-0.75,0.0,1.0,28654,2022-06-10 13:10:15.115584,baseline
7228.053399157785,0.00151269999332726,98.94509887695312,307.6982116699219,14.12767623,-0.0008151871434165514,-0.0035881894846170326,-0.00029754638671875,0.0,3.010570934268484,2.7254805569978684,0.05263157894736842,0.8604580985920011,0.5,0.36045809859200106,0.0,0.6582721503748044,0.2,0.0,2.482126204485772e-07,0.34703481769915345,0.32930608208255596,0.8834130355907011,0.0,117.8,120.3,3.0,0.666625,93.0,1.2999999999999972,106.1875,11.0,28.0,-8.0,0.0,1.0,28654,2022-08-25 07:54:28.941696,baseline
7227.934067107546,0.0013268999755382538,98.93599700927734,21.708900451660156,14.1280261,-0.0027217268052481813,-0.008110617010061105,-0.00030517578125,0.0,2.7345123817507715,2.725480556997868,0.05263157894736842,0.7583669324313518,0.5,0.2583669324313518,0.0,0.000780922258022803,0.2,0.0,5.610600560404733e-07,0.3470347492618019,0.3293543839739348,0.8836672708800097,0.0,134.6,132.1,19.0,2.8751249999999997,100.0,6.699999999999989,128.15,12.75,26.0,6.25,0.0,1.0,28654,2022-11-07 11:30:43.621920,baseline
7227.791480173839,0.0015155000146478415,98.9269027709961,95.50980377197266,14.12844417,-0.003901632259839971,-0.010470301261193526,-0.00069427490234375,0.0,2.2684727516311223,2.4193819456463714,0.05263157894736842,0.8345288112285644,0.5,0.33452881122856437,0.0,0.7250540913008786,0.2,0.0,7.243076889224031e-07,0.347034649891066,0.32948621736965633,0.8833871988911293,0.0,217.5,210.6,5.0,1.291625,206.0,9.0,223.03750000000002,11.5,28.0,-6.5,0.0,1.0,28654,2023-01-20 11:40:17.387040,baseline
7227.571581913863,0.0013964000390842557,98.91259765625,175.57359313964844,14.12908896,-0.0028305138748692116,-0.010653659406671068,-0.00040435791015625,0.0,3.1158340921632206,2.4193819456463714,0.05263157894736842,0.8628142017813413,0.5,0.3628142017813413,0.0,0.0019647238125475378,0.2,0.0,7.370143282798991e-07,0.3470347148338999,0.3293812439023735,0.8836464335599578,0.0,139.8,140.3,12.0,2.541625,90.0,6.200000000000017,136.91250000000002,9.25,13.0,2.75,0.0,1.0,28654,2023-04-10 20:43:34.269312,baseline
7227.381473212591,0.0013517000479623675,98.9094009399414,261.7658996582031,14.12964644,-0.0035191549204682815,-0.012555764215903764,9.918212890625e-05,0.0,2.259799223400568,2.6416041678685938,0.05263157894736842,0.88345246049304,0.5,0.38345246049304005,0.0,0.08980525837136771,0.2,0.0,8.686235743054232e-07,0.3470346879195232,0.329076606597982,0.8858227109233839,0.0,157.6,162.9,10.0,2.333375,145.0,-4.599999999999994,163.6375,6.625,16.0,3.375,0.0,1.0,28654,2023-07-06 11:15:18.465408,baseline
7227.171474033934,0.001498199999332428,98.9009017944336,357.62799072265625,14.13026229,-0.0033995567091551493,-0.011313685658024042,-0.0001983642578125,0.0,3.1416354077249604,2.6416041678685938,0.05263157894736842,0.8303965225996699,0.5,0.3303965225996699,0.0,0.0005099392643314551,0.2,0.0,7.827178595618324e-07,0.3470346943461793,0.32947237366701276,0.8831902766235329,0.0,164.4,163.9,3.0,0.708375,132.0,10.700000000000017,158.03749999999997,7.25,15.0,-4.25,0.0,1.0,28654,2023-10-10 20:13:56.678304,baseline
7226.966120263108,0.0014199999859556556,98.89330291748047,73.76309967041016,14.13086456,-0.0036788980005439953,-0.011998202679023962,-0.00049591064453125,0.0,2.9450386975402454,2.7254805569978684,0.05263157894736842,0.8318564358315298,0.5,0.3318564358315298,0.0,0.5405947781170685,0.2,0.0,8.300985185853928e-07,0.3470346966010741,0.32938002049515464,0.8833874559550288,0.0,154.2,149.1,5.0,1.208375,110.0,-25.100000000000023,179.175,6.125,11.0,-1.125,0.0,1.0,28654,2023-12-26 10:58:22.283904,baseline
7226.784203062655,0.0013804000336676836,98.88059997558594,147.2982940673828,14.13139813,-0.002066053079033736,-0.011888348722095543,-0.00080108642578125,0.0,2.6550505394177746,2.7254805569978684,0.05263157894736842,0.8407942498717358,0.5,0.3407942498717358,0.0,1.0,0.2,0.0,8.534193900541364e-07,0.3470346119376968,0.3293574914371418,0.8843643033922371,0.0,134.5,132.6,11.0,2.333375,96.0,-17.80000000000001,139.41250000000002,11.125,34.0,-0.125,1.0,1.0,28654,2024-03-09 12:27:56.881440,baseline
7226.525664879938,0.00152749998960644,98.87429809570312,224.61740112304688,14.13215649,-0.00402605823455815,-0.013796346499475476,0.0,0.0,2.6292492238560343,2.5032583347756456,0.05263157894736842,0.8573526712057445,0.5,0.35735267120574454,0.0,0.0,0.2,0.0,9.545615268470672e-07,0.3470346683047054,0.32948981190909626,0.8833925097041733,0.0,155.6,159.7,8.0,1.958375,130.0,-45.099999999999994,179.2375,6.75,9.0,1.25,0.0,1.0,28654,2024-05-26 11:20:33.242208,baseline
7226.293867470315,0.0013201000401750207,98.87200164794922,304.0220031738281,14.13283647,-0.007799228277690418,-0.02394996982820885,-0.000396728515625,2.0,2.285600538962308,2.281036112553424,0.05263157894736842,0.8435319012630962,0.5,0.3435319012630962,0.0,8.95713392669745e-16,0.2,0.0,1.754781236234497e-06,0.34703474859716177,0.3294123560635523,0.8836858992571942,0.0,248.2,254.6,10.0,2.1248750000000003,178.0,-55.0,287.225,25.25,127.0,-15.25,1.0,1.0,28654,2024-08-14 13:05:44.623968,baseline
7225.887603818167,0.0014569000340998173,98.86430358886719,24.211299896240234,14.13402838,-0.011584732734263525,-0.03256961102670175,-0.0005950927734375,0.0,2.865576855207249,2.5032583347756456,0.05263157894736842,0.8347193208652233,0.5,0.33471932086522327,0.0,0.2582368569928182,0.2,0.0,2.2536678336663284e-06,0.3470344483340895,0.32948359520656995,0.8839026970724752,0.0,240.6,236.7,10.0,1.791625,207.0,-5.599999999999994,256.8,11.0,16.0,-1.0,0.0,1.0,28654,2024-11-03 11:06:46.224864,baseline
7225.590452037834,0.0014527000021189451,98.85600280761719,99.92990112304688,14.13490028,-0.003932741837161302,-0.012735423420053849,-0.00079345703125,0.0,2.7603136973125117,2.6416041678685938,0.05263157894736842,0.8681559313572801,0.5,0.3681559313572801,0.0,0.9887116752031267,0.2,0.0,8.81270995758867e-07,0.34703465801810507,0.3294547586926239,0.883412144262385,0.0,222.4,215.3,8.0,2.08325,141.0,66.4,183.925,11.375,21.0,-3.375,0.0,1.0,28654,2025-01-18 21:56:50.364384,baseline
7225.3314481258885,0.0013253999641165137,98.84380340576172,175.42869567871094,14.13566032,-0.005707759361030185,-0.015259336508279375,-0.000396728515625,0.0,2.5423289894137597,2.1971597234241496,0.05263157894736842,0.8262187707014544,0.5,0.32621877070145444,0.0,1.0731209821242436e-09,0.2,0.0,1.0559593320333062e-06,0.3470345515694625,0.32942042675216165,0.8836542153904775,0.0,184.4,184.6,40.0,4.625,187.0,27.80000000000001,175.575,16.5,40.0,23.5,1.0,1.0,28654,2025-04-05 05:17:00.034656,baseline
7225.164895559966,0.001531900023110211,98.84249877929688,257.1741943359375,14.1361491,-0.0005758536644862033,-0.002834972994605778,0.0001983642578125,0.0,3.010570934268484,2.7254805569978684,0.05263157894736842,0.819286498259996,0.5,0.319286498259996,0.0,0.02920915946289329,0.2,0.0,1.961873675597543e-07,0.3470348385609915,0.3294943896720801,0.8830803087346828,0.0,117.3,121.2,29.0,4.0415,104.0,-18.89999999999999,123.3625,11.75,29.0,17.25,0.0,1.0,28654,2025-06-26 21:25:09.795072,baseline
7225.0542145272075,0.001475399942137301,98.83509826660156,355.9518127441406,14.13647393,-0.004027416394819738,-0.012283296821806289,-0.0001983642578125,0.0,3.1555650133297184,2.5032583347756456,0.05263157894736842,0.8909573239049824,0.5,0.3909573239049824,0.0,0.43528825974419877,0.2,0.0,8.500476808882255e-07,0.347034706279699,0.32957721245840754,0.8837564693186913,0.0,157.6,157.7,19.0,3.333375,153.0,-5.900000000000006,173.3125,31.875,74.0,-12.875,1.0,1.0,28654,2025-10-04 19:59:34.113408,baseline
7224.898618126747,0.0013303000014275312,98.82659912109375,86.87960052490234,14.1369306,-0.0012572215964610223,-0.005263980254312628,-0.00060272216796875,0.0,2.8258459340407502,2.4193819456463714,0.05263157894736842,0.7446704604443274,0.5,0.2446704604443274,0.0,0.6757142650981166,0.2,0.0,3.87165731392732e-07,0.34703478865115145,0.32927207642048334,0.882925559130664,0.0,157.4,152.2,4.0,0.833375,118.0,-30.299999999999983,174.2375,9.75,23.0,-5.75,0.0,1.0,28654,2026-01-04 21:56:41.413344,baseline
7224.82287579345,0.0014383000088855624,98.81269836425781,171.9788055419922,14.13715291,-0.0005723785025111283,-0.0031106059686862864,-0.00060272216796875,0.0,2.649794462043571,2.9477027792200907,0.05263157894736842,0.8415208439079521,0.5,0.3415208439079521,0.0,0.993959953544139,0.2,0.0,2.1833726578736142e-07,0.3470348068907638,0.32945686523640344,0.8844918937136694,0.0,141.9,141.7,8.0,1.999875,129.0,1.8000000000000114,150.3625,9.5,15.0,-1.5,0.0,1.0,28654,2026-04-01 04:33:23.649984,baseline
7224.773869711495,0.0014987000031396747,98.8114013671875,249.8925018310547,14.13729675,-0.0007870071267461753,-0.0027494154364831047,0.0,0.0,3.036372249830224,2.4193819456463714,0.05263157894736842,0.9020107835390617,0.5,0.4020107835390617,0.0,0.16843184851841808,0.2,0.0,1.902768655188246e-07,0.34703484301030985,0.3295057648897884,0.8831047303460093,0.0,108.0,114.3,6.0,1.5,61.0,-20.30000000000001,117.175,7.25,12.0,-1.25,0.0,1.0,28654,2026-06-19 05:53:12.552288,baseline
7224.773491539317,0.0015018000267446041,98.8114013671875,250.58999633789062,14.13729786,-0.0007495304926123936,-0.002654020209774899,0.0,0.0,3.010570934268484,2.4193819456463714,0.05263157894736842,0.8447249146615863,0.5,0.3447249146615863,0.0,0.3031996904355099,0.2,0.0,1.8367492654016006e-07,0.3470348281746122,0.329482663653768,0.8833556527216031,0.0,108.0,114.3,6.0,1.5,61.0,-20.30000000000001,117.175,7.25,12.0,-1.25,0.0,1.0,28654,2026-06-19 22:52:21.715968,baseline
7224.772472859549,0.0015116999857127666,98.8113021850586,253.44970703125,14.13730085,-0.0013968519451736938,-0.0034614684964253684,-9.918212890625e-05,0.0,1.9526832779469114,2.0588138903312014,0.05263157894736842,0.847000727655699,0.5,0.347000727655699,0.0,0.8874877899101865,0.2,0.0,2.3955545087131206e-07,0.3470348491164079,0.32949177027370996,0.8834459921262472,0.0,122.0,125.5,4.0,1.166625,70.0,5.0,114.0,5.25,6.0,-1.25,0.0,1.0,28654,2026-06-22 20:30:53.214048,baseline
7224.770878404983,0.0015190000412985682,98.8113021850586,255.6815948486328,14.13730553,-0.0026131343338420265,-0.004384752174701134,-0.0001983642578125,0.0,2.208196592277087,1.8910611120726528,0.05263157894736842,0.8075339596401999,0.5,0.3075339596401999,0.0,0.9764790964648062,0.2,0.0,3.0345254218446333e-07,0.3470348422408468,0.3295087769657747,0.8838023099719589,0.0,156.0,161.1,24.0,3.625,87.0,45.0,124.875,8.625,24.0,15.375,0.0,1.0,28654,2026-06-25 02:52:10.407360,baseline
7224.770466163668,0.001521000056527555,98.8113021850586,256.2395935058594,14.13730674,-0.0020066958813913516,-0.004503995079176093,-9.918212890625e-05,0.0,2.3318026736242854,2.197159723424149,0.05263157894736842,0.8176548208126009,0.5,0.3176548208126009,0.0,0.9911848042811999,0.2,0.0,3.117049180648664e-07,0.34703484214963576,0.32933803771461834,0.887267311062893,0.0,156.0,161.1,24.0,3.625,87.0,45.0,124.875,8.625,24.0,15.375,0.0,1.0,28654,2026-06-25 16:27:29.691648,baseline
7224.769958527749,0.0015226999530568719,98.8113021850586,256.7974853515625,14.13730823,-0.000919877234082378,-0.0043166116329302895,-0.0001983642578125,0.0,2.4767967526855212,2.4193819456463714,0.05263157894736842,0.9069601655858499,0.5,0.4069601655858499,0.0,0.3567223173703369,0.2,0.0,2.9873682650976726e-07,0.3470347477281598,0.3292954727014235,0.8867308854987956,0.0,164.0,168.1,11.0,2.5,104.0,56.0,131.5,9.25,24.0,1.75,0.0,1.0,28654,2026-06-26 06:02:48.971616,baseline
7224.769236253977,0.0015251999720931053,98.8114013671875,257.7043151855469,14.13731035,-0.001229909690664499,-0.00469478274044377,0.0,0.0,2.5650765423363704,2.725480556997868,0.05263157894736842,0.8839409188911297,0.5,0.3839409188911297,0.0,0.1260564944693749,0.2,0.0,3.249086787053792e-07,0.3470347874142071,0.3292939702109483,0.8873474991696455,0.0,187.0,194.1,6.0,1.54175,112.0,74.0,141.375,9.25,24.0,-3.25,0.0,1.0,28654,2026-06-27 04:07:42.786336,baseline
7224.768898965816,0.001527199987322092,98.8114013671875,258.3320007324219,14.13731134,-0.001059561932379438,-0.004636863932319102,0.0,0.0,2.4842551447947994,2.4193819456463714,0.05263157894736842,0.8421098021012448,0.5,0.34210980210124475,0.0,0.6020710318217393,0.2,0.0,3.2090034747813454e-07,0.3470348315600168,0.32931846749280314,0.8847035501111036,0.0,187.0,194.1,6.0,1.54175,112.0,74.0,141.375,9.25,24.0,-3.25,0.0,1.0,28654,2026-06-27 19:24:56.958048,baseline
7224.768674107064,0.0015279999934136868,98.8114013671875,258.75048828125,14.137312,-0.0005621469135803636,-0.004582352275065205,0.0,0.0,2.4842551447947994,2.7254805569978684,0.05263157894736842,0.7913903743141671,0.5,0.29139037431416714,0.0,0.9941536095849555,0.2,0.0,3.1712780724570406e-07,0.3470348152774043,0.32949817596048336,0.8838432352866568,0.0,190.0,192.3,4.0,0.9585,130.0,73.0,151.0,9.0,24.0,-5.0,0.0,1.0,28654,2026-06-28 05:36:26.403552,baseline
7224.767979089212,0.0015303000109270215,98.8114013671875,260.0058898925781,14.13731404,-0.0009198766047120444,-0.0036761012197530363,9.918212890625e-05,0.0,2.365062381295304,2.7254805569978684,0.05263157894736842,0.784145396062048,0.5,0.28414539606204803,0.0,0.0005092322404650916,0.2,0.0,2.5440954127637657e-07,0.34703483994984263,0.3294808940199874,0.8834798900814702,0.0,200.0,201.9,3.0,0.541625,125.0,78.0,161.375,8.875,24.0,-5.875,0.0,1.0,28654,2026-06-29 12:10:54.716736,baseline
7224.766963818337,0.0015332000330090523,98.8114013671875,261.4007873535156,14.13731702,-0.0017102887268265476,-0.0037408320349641144,9.918212890625e-05,0.0,2.655050539417775,2.058813890331201,0.05263157894736842,0.8794208628098454,0.5,0.37942086280984544,0.0,0.12541483491690725,0.2,0.0,2.588893594911666e-07,0.34703485667813216,0.32941277974387323,0.8842188286970247,0.0,203.0,209.3,18.0,2.666625,126.0,68.0,171.5,10.625,24.0,7.375,0.0,1.0,28654,2026-06-30 22:09:12.809088,baseline
7224.766694669405,0.0015339000383391976,98.8114013671875,261.95880126953125,14.13731781,-0.0012844198063248768,-0.003308148721771431,9.918212890625e-05,0.0,2.502598068247261,2.0588138903312014,0.05263157894736842,0.855269824480137,0.5,0.355269824480137,0.0,0.142975877405293,0.2,0.0,2.331890276675682e-07,0.3470348475947589,0.3295000978842625,0.8850845786732292,0.0,216.0,258.1,12.0,2.45825,150.0,79.0,181.625,11.375,24.0,0.625,0.0,1.0,28654,2026-07-01 11:44:32.038080,baseline
7224.765979210346,0.001534300041384995,98.8113021850586,262.72601318359375,14.13731991,-0.0009846079910857952,-0.003461460718426679,-9.918212890625e-05,0.0,2.2479275134435857,2.0588138903312014,0.05263157894736842,0.7972049167655599,0.5,0.29720491676555993,0.0,0.5951616969611997,0.2,0.0,2.3955512775191857e-07,0.34703477377159875,0.3292840608097754,0.8848362446785987,0.0,202.0,209.7,3.0,0.75,127.0,46.0,189.75,10.125,24.0,-7.125,0.0,1.0,28654,2026-07-02 06:25:35.965632,baseline
7224.765403436278,0.0015350000467151403,98.8113021850586,263.28399658203125,14.1373216,-0.0012912331276311306,-0.0036965396502637304,-9.918212890625e-05,0.0,2.3920788329783202,2.4193819456463714,0.05263157894736842,0.8162378812207771,0.5,0.3162378812207771,0.0,0.9943760689981708,0.2,0.0,2.55824101327931e-07,0.3470348187984129,0.3293416799139003,0.8851083705817492,0.0,202.0,209.7,3.0,0.75,127.0,46.0,189.75,10.125,24.0,-7.125,0.0,1.0,28654,2026-07-02 20:00:55.175616,baseline
7224.762875482852,0.0015370999462902546,98.81120300292969,265.097412109375,14.13732902,-0.0031037274939080817,-0.005842914571076108,-0.0001983642578125,0.0,2.1837548319239213,2.058813890331201,0.05263157894736842,0.8268061256923183,0.5,0.32680612569231826,0.0,0.9938309849409892,0.2,0.0,4.043669755339936e-07,0.3470348515784397,0.3293249486597411,0.8864942990493939,0.0,163.0,166.0,77.0,5.70825,99.0,-24.0,192.5,16.375,77.0,60.625,1.0,1.0,28654,2026-07-04 16:10:42.548448,baseline
7224.762749425934,0.0015379999531432986,98.81120300292969,265.7947998046875,14.13732939,-0.002654010343576374,-0.005618055585728143,-0.0001983642578125,0.0,2.4650694618158373,2.4193819456463714,0.05263157894736842,0.8111384066340309,0.5,0.3111384066340309,0.0,0.40123978571364677,0.2,0.0,3.888053147381606e-07,0.3470348056958612,0.32929789990211145,0.885341985951712,0.0,138.0,143.4,16.0,3.0835,101.0,-52.0,186.375,17.625,77.0,-1.625,1.0,1.0,28654,2026-07-05 09:09:51.524640,baseline
7224.762626775963,0.0015384999569505453,98.81109619140625,266.7015075683594,14.13732975,-0.00024870688866940327,-0.004503982862843259,-0.00030517578125,1.0,2.294274067192862,2.113283334294875,0.05263157894736842,0.7641681520886155,0.5,0.26416815208861555,0.0,0.30832136044344677,0.2,0.0,3.1170441099032506e-07,0.34703471050293033,0.32951076650063765,0.8847336079095621,0.0,128.0,129.5,6.0,1.583375,72.0,-72.0,178.625,17.875,77.0,-11.875,1.0,1.0,28654,2026-07-06 07:14:45.178656,baseline
7224.76239169687,0.001538099953904748,98.81099700927734,267.53851318359375,14.13733044,-0.0003577290644898312,-0.004241647467097209,-0.00040435791015625,1.0,2.3095632280061946,2.5032583347756456,0.05263157894736842,0.8345801744386804,0.5,0.3345801744386804,0.0,0.8731000320741615,0.2,0.0,2.9354914193736624e-07,0.34703477168583596,0.32933341633106183,0.8854001537364403,0.0,113.0,114.1,3.0,0.7498750000000001,59.0,-90.0,167.75,17.875,77.0,-14.875,1.0,1.0,28654,2026-07-07 03:37:43.915872,baseline
7224.762238384427,0.0015382999554276466,98.81099700927734,267.9569091796875,14.13733089,-0.00038839153603476007,-0.004149659645008796,-0.00030517578125,1.0,2.2662704368960473,2.4193819456463714,0.05263157894736842,0.8612391644914802,0.5,0.3612391644914802,0.0,0.0,0.2,0.0,2.8718300484053763e-07,0.34703488586260256,0.329653496520323,0.8845082354286535,0.0,113.0,114.1,3.0,0.7498750000000001,59.0,-90.0,167.75,17.875,77.0,-14.875,1.0,1.0,28654,2026-07-07 13:49:13.282752,baseline
7224.761948794279,0.001538099953904748,98.81099700927734,268.86358642578125,14.13733174,-0.0004429025902936701,-0.0035534434573492035,-0.00030517578125,0.0,1.9042788285498586,2.4193819456463714,0.05263157894736842,0.8762755346531573,0.5,0.37627553465315733,0.0,0.005609746652585524,0.2,0.0,2.459210539087614e-07,0.34703487601823846,0.3295980577237525,0.8841504743395988,0.0,114.0,119.8,11.0,2.4998750000000003,85.0,-102.0,156.625,17.0,77.0,-6.0,1.0,1.0,28654,2026-07-08 11:54:06.897888,baseline
7224.7616217277955,0.001536899944767356,98.81099700927734,269.63079833984375,14.1373327,-0.0006166566317915567,-0.002173630036850227,-0.00020599365234375,0.0,1.8679653582397104,2.113283334294875,0.05263157894736842,0.7869149839703867,0.5,0.2869149839703867,0.0,1.168236352103929e-19,0.2,0.0,1.5042915333420855e-07,0.34703486732102506,0.3294159472563021,0.8841186137939623,0.0,111.0,113.4,15.0,2.75,82.0,-91.0,143.5,17.375,77.0,-2.375,1.0,1.0,28654,2026-07-09 06:35:10.718304,baseline
7224.760933525523,0.0015359000535681844,98.81099700927734,270.9559020996094,14.13733472,-0.0010152687564186635,-0.001993061487155501,-9.918212890625e-05,0.0,2.970840013101985,2.4193819456463714,0.05263157894736842,0.8049910679084054,0.5,0.30499106790840536,0.0,0.9936072230069151,0.2,0.0,1.3793266593882572e-07,0.3470348696842418,0.32950366079035454,0.8847042226305051,0.0,113.0,110.7,12.0,2.583375,81.0,-66.0,132.375,18.5,77.0,-6.5,1.0,1.0,28654,2026-07-10 14:51:33.662304,baseline
7224.760340717756,0.001534000039100647,98.81089782714844,272.0718078613281,14.13733646,-0.0012810100397473434,-0.002514323433388199,-0.0001983642578125,0.0,2.7205827761460135,2.4193819456463714,0.05263157894736842,0.8486088551319886,0.5,0.3486088551319886,0.0,0.00044057785379692763,0.2,0.0,1.7400734823115402e-07,0.347034863771176,0.3294845434933154,0.885136215371807,0.0,111.0,115.3,6.0,1.749875,76.0,-52.0,123.875,18.25,77.0,-12.25,1.0,1.0,28654,2026-07-11 18:02:11.912064,baseline
7224.760040906978,0.0015335000352934003,98.81089782714844,272.49029541015625,14.13733734,-0.0008926185446398449,-0.0025415787195015582,-0.0001983642578125,0.0,2.794788541104806,2.7254805569978684,0.05263157894736842,0.8197763513789006,0.5,0.3197763513789006,0.0,0.15614833206979278,0.2,0.0,1.7589359605622667e-07,0.34703482622801785,0.32936775021026826,0.8844163569283321,0.0,107.0,110.8,16.0,3.083125,69.0,-31.0,116.875,10.625,16.0,5.375,0.0,1.0,28654,2026-07-12 04:13:41.249568,baseline
7224.759853525258,0.0015335000352934003,98.81099700927734,272.9088134765625,14.13733789,-0.00048719249753048643,-0.002429149430099642,0.0,0.0,2.7550576199383077,2.1971597234241496,0.05263157894736842,0.8461048840539668,0.5,0.3461048840539668,0.0,0.00101053112115118,0.2,0.0,1.681127725923438e-07,0.347034813862906,0.32915247398013087,0.8846287658486197,0.0,107.0,110.8,16.0,3.083125,69.0,-31.0,116.875,10.625,16.0,5.375,0.0,1.0,28654,2026-07-12 14:25:10.587072,baseline
7224.759550307589,0.0015323000261560082,98.81089782714844,273.606201171875,14.13733878,-0.0004905993891952676,-0.0025347644032081007,-9.918212890625e-05,0.0,2.820589856666546,2.197159723424149,0.05263157894736842,0.8255999378527984,0.5,0.3255999378527984,0.0,0.9032122248797834,0.2,0.0,1.754220136727022e-07,0.34703485492563846,0.3294956530133835,0.8845589817793862,0.0,100.0,106.4,7.0,1.70825,44.0,-28.0,112.125,9.5,16.0,-2.5,0.0,1.0,28654,2026-07-13 07:24:19.475136,baseline
7224.759441285514,0.0015318000223487616,98.81089782714844,274.0943908691406,14.1373391,-0.0004122397440369241,-0.002401893542810285,-9.918212890625e-05,0.0,2.7603136973125113,2.1971597234241496,0.05263157894736842,0.8330482409376191,0.5,0.3330482409376191,0.0,0.7777362357586307,0.2,0.0,1.662264995596119e-07,0.34703485994042593,0.3294958406107888,0.8837582031022831,0.0,100.0,106.4,7.0,1.70825,44.0,-28.0,112.125,9.5,16.0,-2.5,0.0,1.0,28654,2026-07-13 19:17:43.694016,baseline
7224.759195985861,0.0015302000101655722,98.81089782714844,275.1405029296875,14.13733982,-0.0003543217280821409,-0.0019181075695087202,0.0,0.0,2.4370658315190226,2.0588138903312014,0.05263157894736842,0.8877200135162434,0.5,0.3877200135162434,0.0,1.0,0.2,0.0,1.327454062140576e-07,0.3470348576265295,0.3295018970098032,0.883784259216046,0.0,100.0,103.1,7.0,1.7915,39.0,-13.0,108.625,9.625,16.0,-2.625,0.0,1.0,28654,2026-07-14 20:46:27.011424,baseline
7224.758937058472,0.0015286999987438321,98.81089782714844,275.837890625,14.13734058,-0.0005042270422563888,-0.0014956466884541442,-9.918212890625e-05,0.0,2.354550226546897,2.4193819456463714,0.05263157894736842,0.8280919899788703,0.5,0.32809198997887035,0.0,2.178181957910956e-09,0.2,0.0,1.035083986826093e-07,0.34703487229227836,0.3294172045902168,0.8832142312373501,0.0,107.0,103.0,11.0,2.333375,29.0,-7.0,107.875,10.625,16.0,0.375,0.0,1.0,28654,2026-07-15 13:45:35.878752,baseline
7224.75882462948,0.0015267999842762947,98.81089782714844,276.4656066894531,14.13734091,-0.0003713563810379128,-0.0015126813359529478,0.0,0.0,2.439268146254097,2.5032583347756456,0.05263157894736842,0.7489931515898467,0.5,0.2489931515898467,0.0,1.3844373117272799e-07,0.2,0.0,1.0468730740157179e-07,0.3470348662302555,0.3294705478575534,0.8835003982393612,0.0,101.0,104.6,7.0,1.708375,52.0,-10.0,106.25,10.125,16.0,-3.125,0.0,1.0,28654,2026-07-16 05:02:49.856064,baseline
7224.758565702125,0.0015258999774232507,98.81079864501953,277.09320068359375,14.13734167,-0.00037135634647711413,-0.0013457411168928957,-0.0001983642578125,0.0,3.2210972500579573,2.5032583347756456,0.05263157894736842,0.8745413228729274,0.5,0.3745413228729274,0.0,0.16871351311980654,0.2,0.0,9.313397239677057e-08,0.3470348634934398,0.3292873361530007,0.8837315356110881,0.0,101.0,104.6,7.0,1.708375,52.0,-10.0,106.25,10.125,16.0,-3.125,0.0,1.0,28654,2026-07-16 20:20:03.827328,baseline
7224.758344251114,0.001523299957625568,98.81079864501953,277.79058837890625,14.13734232,-0.00048037836586445337,-0.0012367189356154995,-9.918212890625e-05,0.0,3.010570934268484,2.2810361125534233,0.05263157894736842,0.8532880256136289,0.5,0.35328802561362893,0.0,0.10456901134030433,0.2,0.0,8.558893714671525e-08,0.3470348785369759,0.32951827991402277,0.8838608128114468,0.0,105.0,108.2,4.0,0.875,36.0,-8.0,105.5,8.75,16.0,-4.75,0.0,1.0,28654,2026-07-17 13:19:12.677376,baseline
7224.757942232402,0.0015211000572890043,98.81069946289062,278.4880065917969,14.1373435,-0.0006234697239051457,-0.001553564150526654,-0.00029754638671875,0.0,3.036372249830224,2.5032583347756456,0.05263157894736842,0.8706431519508632,0.5,0.37064315195086317,0.0,1.0,0.2,0.0,1.075166747959902e-07,0.3470348681381781,0.32950136139848946,0.883914294606256,0.0,110.0,114.0,3.0,0.791625,29.0,-1.0,105.125,7.625,16.0,-4.625,0.0,1.0,28654,2026-07-18 06:18:21.519648,baseline
7224.75760153862,0.0015190000412985682,98.81069946289062,279.1156921386719,14.1373445,-0.0007427124937748886,-0.0016182958179342677,-0.0001983642578125,0.0,3.155565013329719,2.725480556997868,0.05263157894736842,0.8087413696601714,0.5,0.3087413696601714,0.0,1.0,0.2,0.0,1.1199652891485702e-07,0.3470348624092948,0.32942285806065447,0.8838880874858634,0.0,110.0,114.0,3.0,0.791625,29.0,-1.0,105.125,7.625,16.0,-4.625,0.0,1.0,28654,2026-07-18 21:35:35.470176,baseline
7224.756974662168,0.0015161000192165375,98.81060028076172,280.0223083496094,14.13734634,-0.0009675702331151115,-0.002033942027082958,-0.00029754638671875,0.0,2.7550576199383077,2.6416041678685938,0.05263157894736842,0.8311227579677414,0.5,0.3311227579677414,0.0,0.9134445523481193,0.2,0.0,1.407619385928946e-07,0.3470348641521852,0.3294823841839393,0.8835515097314307,0.0,120.0,123.2,2.0,0.45825,46.0,13.0,106.25,7.125,16.0,-5.125,0.0,1.0,28654,2026-07-19 19:40:28.941024,baseline
7224.756470435555,0.0015131999971345067,98.81050109863281,280.99859619140625,14.13734782,-0.0011311030657452648,-0.002483657613993273,-0.000396728515625,0.0,2.4842551447947994,2.4193819456463714,0.05263157894736842,0.8416647300871598,0.5,0.3416647300871598,0.0,0.7283840187049181,0.2,0.0,1.7212095104015393e-07,0.3470348390571407,0.3292945338611426,0.8843989296591592,0.0,141.0,141.3,3.0,0.66675,83.0,41.0,110.5,5.5,11.0,-2.5,0.0,1.0,28654,2026-07-20 19:27:17.282016,baseline
7224.756030940808,0.001510599977336824,98.8104019165039,281.76568603515625,14.13734911,-0.0009437213602723205,-0.002609713969832228,-0.00049591064453125,0.0,2.4650694618158377,2.4193819456463714,0.05263157894736842,0.8427801148452908,0.5,0.3427801148452908,0.0,0.4173779517324396,0.2,0.0,1.806090927326438e-07,0.3470348304993198,0.32947058188507533,0.8841528669517313,0.0,154.0,153.8,14.0,2.8335,95.0,54.0,117.25,6.375,14.0,7.625,0.0,1.0,28654,2026-07-21 14:08:20.967648,baseline
7224.755414285502,0.0015063999453559518,98.8104019165039,283.02099609375,14.13735092,-0.0010561500521362177,-0.003004918259648548,-0.000396728515625,0.0,2.755057619938308,2.725480556997868,0.05263157894736842,0.8208037272308334,0.5,0.3208037272308334,0.0,0.19581004028629034,0.2,0.0,2.0795979604290896e-07,0.34703481684601956,0.3292877112897516,0.884614886419482,0.0,149.0,155.0,10.0,2.333375,88.0,42.0,123.375,6.75,14.0,3.25,0.0,1.0,28654,2026-07-22 20:42:48.799584,baseline
7224.7551008474975,0.0015035000396892428,98.810302734375,283.7880859375,14.13735184,-0.0009300933106715092,-0.003066242820750631,-0.00049591064453125,0.0,2.9258530145612833,2.2810361125534233,0.05263157894736842,0.8478113521491216,0.5,0.3478113521491216,0.0,0.6575366662502053,0.2,0.0,2.122038601411502e-07,0.3470348519890206,0.3294641898657076,0.8852643541768745,0.0,148.0,152.3,24.0,3.2917499999999995,100.0,47.0,128.5,8.375,24.0,15.625,0.0,1.0,28654,2026-07-23 15:23:52.466208,baseline
7224.754736305511,0.0015014000236988068,98.810302734375,284.41571044921875,14.13735291,-0.0006779799914511386,-0.002872046985430643,-0.000396728515625,0.0,3.050301855434982,2.725480556997868,0.05263157894736842,0.8022087396257664,0.5,0.30220873962576644,0.0,0.9965217741138787,0.2,0.0,1.987642648197111e-07,0.34703482780975126,0.3293707248958843,0.8847432380221236,0.0,153.0,154.9,7.0,1.41675,109.0,48.0,135.0,8.375,24.0,-1.375,0.0,1.0,28654,2026-07-24 06:41:06.368352,baseline
7224.752276500043,0.00148562,98.8103,287.6933,14.13736013,-0.0028243474544069613,-0.004831032666515966,-0.00030028076172072815,0.0,1.8452178053170998,1.7527152789797051,0.05263157894736842,0.8756703809410153,0.5,0.37567038094101535,0.0,1.0,0.2,0.0,3.3433881595884824e-07,0.347034839767723,0.32926797919374023,0.8849111019802556,0.0,144.0,149.2,6.0,1.3751250000000002,103.0,3.0,148.16666666666666,10.666666666666666,24.0,-4.666666666666666,0.0,1.0,28654,2026-07-27 14:31:05.533824,baseline
26561.000622081847,0.009258599951863289,55.432899475097656,92.535400390625,2.0055621,0.05067898585184594,0.09376476280158386,0.0092010498046875,0.0,2.7205827761460135,2.5032583347756456,0.05263157894736842,0.8253554535648582,0.5,0.3253554535648582,0.7311782191257704,0.04344875244333678,0.0,0.0,1.7650880775959797e-06,0.3470354831275605,0.3319854520082294,0.8867902797518382,0.0,137.4,133.0,2.0,0.375,133.0,-5.900000000000006,131.35,3.25,10.0,-1.25,0.0,1.0,28874,2014-01-20 11:00:07.639200,asset
26559.68445949353,0.00950739998370409,55.515201568603516,86.50990295410156,2.00571118,0.010152216942515224,0.08413068747904617,0.009403228759765625,0.0,2.4767967526855212,2.0588138903312014,0.05263157894736842,0.8653364427672432,0.5,0.3653364427672432,0.7128291775095572,0.4816520305413967,0.0,0.0,1.5838081113747336e-06,0.347035130384005,0.3319344285482762,0.8871472176527265,0.0,102.2,105.5,8.0,1.95825,80.0,-50.499999999999986,122.7,7.25,16.0,0.75,0.0,1.0,28874,2014-06-20 17:09:22.883616,asset
26560.39275506429,0.0099804000928998,55.60390090942383,80.57369995117188,2.00563095,0.05747407954186201,0.09261168931334396,0.01200103759765625,0.0,2.294274067192862,1.7527152789797051,0.15789473684210525,0.8779608107989881,0.5,0.37796081079898813,0.7131133129977939,1.0,0.0,0.0,1.7434217250295789e-06,0.3470352642341644,0.33217014948025836,0.887689205050388,0.0,171.5,167.7,20.0,3.41675,103.0,39.80000000000001,151.2,12.5,20.0,7.5,0.0,1.0,28874,2014-11-16 20:22:56.819136,asset
26561.263291430765,0.010322400368750095,55.7135009765625,73.37439727783203,2.00553235,0.02560502891356009,0.10639290530889411,0.009502410888671875,0.0,1.163540201121071,2.113283334294875,0.2631578947368421,0.8348038560259012,0.5,0.33480385602590124,0.6643690650842697,0.0689959590255149,0.0,0.0,2.0027892456093025e-06,0.347035307842272,0.332449701385119,0.887895181492919,0.0,131.0,134.0,5.0,1.20825,103.0,-23.5,151.27499999999998,13.75,46.0,-8.75,1.0,1.0,28874,2015-05-16 18:20:49.648992,asset
26559.276436293098,0.010606800206005573,55.792198181152344,68.32430267333984,2.0057574,0.03266236543277046,0.06912050878599985,0.012798309326171875,0.0,3.0761031709967224,2.5032583347756456,0.05263157894736842,0.8627484418489878,0.5,0.3627484418489878,0.7441409529334762,1.0,0.0,0.0,1.3012523868410078e-06,0.34703518803186717,0.3323323742721648,0.8876663962196975,0.0,110.4,111.3,44.0,4.375,65.0,11.600000000000009,103.9375,16.75,44.0,27.25,1.0,1.0,28874,2015-09-20 21:32:47.612256,asset
26559.73892851009,0.011084199883043766,55.85499954223633,64.17559814453125,2.00570501,0.02595447708517895,0.062414230644208146,0.01020050048828125,0.0,2.140606459901073,1.6577427265048892,0.05263157894736842,0.81537849909492,0.5,0.31537849909492,0.8217916469057829,0.1543672358164671,0.0,0.0,1.1749803117306091e-06,0.34703512410088044,0.3321918530004233,0.8884319807567407,0.0,101.9,98.5,6.0,1.583375,51.0,-8.399999999999991,103.225,12.375,35.0,-6.375,1.0,1.0,28874,2016-01-03 09:52:20.650368,asset
26560.29828938372,0.011209400370717049,55.918800354003906,60.25410079956055,2.00564165,0.013331070465937955,0.0715108444528596,0.0066986083984375,0.0,0.8795064608120067,1.4466166676282084,0.21052631578947367,0.8487725984749769,0.5,0.3487725984749769,0.09817525587822051,0.0599341354259025,0.0,0.0,1.8913310672852827e-06,0.34703534571488137,0.33255365015663535,0.89045188398722,0.0,116.6,117.2,4.0,1.000125,43.0,33.19999999999999,97.15,6.75,17.0,-2.75,0.0,1.0,28874,2016-04-11 06:03:08.407296,asset
26560.735133980972,0.011196999810636044,55.96590042114258,56.95009994506836,2.00559217,0.016421726511907764,0.06171377615464735,0.006801605224609375,0.0,1.465255650113225,1.7527152789797047,0.21052631578947367,0.8273300249270088,0.5,0.3273300249270088,0.04154031702364713,0.21016524616408977,0.0,0.0,1.7019078485219807e-06,0.3470360119574263,0.3326523693044891,0.890131562075383,0.0,72.3,74.8,8.0,1.916625,19.0,-4.299999999999997,73.35,6.75,10.0,1.25,0.0,1.0,28874,2016-07-03 16:23:40.366176,asset
26561.166963866715,0.011504700407385826,56.02560043334961,53.08509826660156,2.00554326,0.020748719362018164,0.0521807447039464,0.0072021484375,0.0,2.8913781707689887,2.197159723424149,0.05263157894736842,0.8629856264869766,0.5,0.36298562648697663,0.7469913495121954,0.9968408145652532,0.0,0.0,9.822765252734614e-07,0.34703509019479384,0.3326533815274087,0.8904441249944164,0.0,104.5,104.2,5.0,1.25,68.0,22.200000000000003,97.125,10.625,23.0,-5.625,0.0,1.0,28874,2016-10-09 10:20:20.324256,asset
26559.142432957306,0.011815600097179413,56.072898864746094,49.64929962158203,2.00577258,0.050052195801981725,0.0820077953467262,0.008697509765625,0.0,2.147077673396552,2.197159723424149,0.05263157894736842,0.8885816961652955,0.5,0.3885816961652955,0.6845682434919691,1.0,0.0,0.0,1.5438748723235008e-06,0.3470351626008481,0.3327557885219787,0.889829119934977,0.0,72.4,70.0,10.0,2.20825,0.0,-0.8999999999999915,73.13749999999999,7.75,12.0,2.25,0.0,1.0,28874,2017-01-04 07:05:56.168736,asset
26559.65303179255,0.01187789998948574,56.12860107421875,45.759300231933594,2.00571474,0.0195981260148983,0.09207556626643054,0.0093994140625,0.0,3.2210972500579573,2.5032583347756456,0.05263157894736842,0.8572981233439873,0.5,0.35729812334398725,0.7596194445007647,0.13223394485387502,0.0,0.0,1.7333774194592834e-06,0.3470352695134201,0.33264848813533643,0.8890403386276395,0.0,71.4,71.8,5.0,1.0415,22.0,-13.199999999999989,75.1625,9.0,15.0,-4.0,0.0,1.0,28874,2017-04-12 18:22:37.382880,asset
26560.14529207733,0.011873399838805199,56.174598693847656,42.05839920043945,2.00565898,0.021188143404287985,0.06497683920315467,0.005199432373046875,0.0,3.076103170996722,2.5032583347756456,0.05263157894736842,0.7761462099640417,0.5,0.2761462099640417,0.8552628347149674,0.6511658149963302,0.0,0.0,1.2232041222633151e-06,0.3470352132431056,0.3326996335101507,0.8915932604541996,0.0,91.6,94.6,3.0,0.66675,33.0,5.0,91.4625,6.5,24.0,-3.5,0.0,1.0,28874,2017-07-15 14:06:56.249856,asset
26560.588487096185,0.012231100350618362,56.21889877319336,38.389801025390625,2.00560878,0.008917054135963554,0.04564464378199773,0.004199981689453125,0.0,3.0503018554349817,2.2810361125534238,0.05263157894736842,0.8312526295285582,0.5,0.33125262952855816,0.687744786676415,0.9544755192390314,0.0,0.0,8.592562367943394e-07,0.34703510152137573,0.3327580865980429,0.8916353883200691,0.0,70.9,70.4,8.0,1.958375,0.0,-1.3999999999999915,70.3625,19.625,37.0,-11.625,1.0,1.0,28874,2017-10-16 18:44:29.085216,asset
26561.036026882648,0.012559199705719948,56.25740051269531,34.8291015625,2.00555809,0.015450987430085661,0.04520511134251137,0.006000518798828125,0.0,2.80004461847901,2.1132833342948754,0.05263157894736842,0.8824321183671802,0.5,0.38243211836718016,0.7301083145455561,0.8222304583289071,0.0,0.0,8.50967729553619e-07,0.3470350245823769,0.3330128507605769,0.8913916368442122,0.0,70.2,67.9,9.0,2.0001249999999997,13.0,-0.09999999999999432,70.58749999999999,6.75,13.0,2.25,0.0,1.0,28874,2018-01-15 03:21:13.806432,asset
26561.54486252601,0.012514200061559677,56.29330062866211,31.187299728393555,2.00550046,0.023221730451041367,0.06842890802727197,0.003200531005859375,0.0,2.860320777833045,2.2810361125534233,0.05263157894736842,0.8115075634858475,0.5,0.3115075634858475,0.7486831886200211,0.2693126868676565,0.0,0.0,1.2881223703418875e-06,0.34703524463015245,0.33297048014026365,0.8923410205190743,0.0,69.3,69.8,3.0,0.5835,11.0,0.7999999999999972,69.3875,7.5,17.0,-4.5,0.0,1.0,28874,2018-04-17 18:28:36.590880,asset
26559.331874267536,0.01258269976824522,56.31890106201172,28.168899536132812,2.00575112,0.02065685868365108,0.040960569531307556,0.0037994384765625,0.0,2.5637169871277967,2.9477027792200907,0.05263157894736842,0.8615682490079222,0.5,0.36156824900792217,0.6912434489804946,0.9966005422910876,0.0,0.0,7.711153483415309e-07,0.34703514052931606,0.33293640486638937,0.8919631126339158,0.0,68.2,70.5,2.0,0.625125,0.0,-2.8999999999999915,68.8625,5.375,20.0,-3.375,0.0,1.0,28874,2018-07-03 13:39:43.335648,asset
26559.815026696135,0.012939799576997757,56.3474006652832,24.200300216674805,2.00569639,0.010858591205760604,0.08678013837561593,0.0037994384765625,0.0,2.3920788329783202,2.197159723424149,0.05263157894736842,0.7985856512666474,0.5,0.2985856512666474,0.6643690641574229,0.9943542700906588,0.0,0.0,1.633677624373664e-06,0.34703533868643854,0.33252205070304613,0.8901439922578062,0.0,71.6,71.3,5.0,1.291625,13.0,2.8999999999999915,69.67500000000001,12.5,24.0,-7.5,0.0,1.0,28874,2018-10-12 17:27:40.250880,asset
26560.422948944946,0.013225900009274483,56.372798919677734,19.861400604248047,2.00562753,0.015450095848791534,0.11724359425352304,0.004497528076171875,0.0,2.589518302689536,2.1971597234241496,0.05263157894736842,0.8889105280606467,0.5,0.38891052806064674,0.6620123027390399,0.9154519648024769,0.0,0.0,2.2071181365447444e-06,0.34703556767219024,0.33298657975274776,0.8903463633825426,0.0,72.1,70.0,14.0,2.20825,0.0,-0.30000000000001137,74.2,7.25,17.0,6.75,0.0,1.0,28874,2019-01-31 04:42:09.311904,asset
26561.0000923351,0.013070999644696712,56.38629913330078,15.843199729919434,2.00556216,0.022514212327223504,0.08131581245470443,0.001399993896484375,0.0,2.7345123817507715,1.8910611120726528,0.05263157894736842,0.854272120655573,0.5,0.354272120655573,0.7493158944728776,1.4440363720834825e-10,0.0,0.0,1.5307405384313762e-06,0.34703542192259673,0.3328601811099028,0.8920285908003163,0.0,74.7,76.2,6.0,1.375125,24.0,-1.2999999999999972,76.4,7.125,24.0,-1.125,0.0,1.0,28874,2019-05-13 16:43:59.157408,asset
26559.30194831865,0.013406200334429741,56.39619827270508,10.493800163269043,2.00575451,0.03990113405234297,0.10752085532658384,-0.000102996826171875,0.0,2.149279988131627,2.4193819456463714,0.05263157894736842,0.8062526092788476,0.5,0.30625260927884757,0.7285201804403303,0.08060419641891381,0.0,0.0,2.024171832249062e-06,0.34703574473051557,0.3324537496399566,0.8900003056567269,0.0,66.4,66.8,22.0,2.8748750000000003,0.0,-0.7999999999999972,67.175,6.875,22.0,15.125,0.0,1.0,28874,2019-09-27 07:49:16.928832,asset
26560.322744437275,0.013515600003302097,56.38679885864258,3.2304000854492188,2.00563888,0.07027502039636602,0.18266111578486743,-0.00440216064453125,0.0,2.780858935500048,2.4193819456463714,0.15789473684210525,0.8462203153490571,0.5,0.34622031534905706,0.6571664445680823,0.9572691790431418,0.0,0.0,3.4386264750951447e-06,0.3470356167516768,0.33365384393618336,0.8909627410090255,0.0,69.3,69.1,11.0,2.24975,3.0,-1.1000000000000085,69.9625,6.25,11.0,4.75,0.0,1.0,28874,2020-03-30 15:10:51.818880,asset
26561.059247551726,0.01359890028834343,56.362701416015625,357.4013977050781,2.00555546,0.010948154482321115,0.08396499302398297,-0.003597259521484375,0.0,2.8655768552072485,2.7254805569978675,0.05263157894736842,0.86876473910063,0.5,0.36876473910063,0.6321205588285577,0.0,0.0,0.0,1.580606995257608e-06,0.3470353128378145,0.3331787626816316,0.8921274586575154,0.0,70.4,71.9,6.0,1.54175,0.0,-0.09999999999999432,70.4,4.25,7.0,1.75,0.0,1.0,28874,2020-08-26 12:22:37.761312,asset
26558.75799930253,0.01383840013295412,56.3291015625,352.37060546875,2.00581613,0.025863808434223756,0.08076902239918127,-0.003398895263671875,0.0,2.7550576199383077,2.5032583347756456,0.05263157894736842,0.8518604146979347,0.5,0.3518604146979347,0.6835914024418733,0.9906527041095762,0.0,0.0,1.5205757481472588e-06,0.3470353440542081,0.3333544803089932,0.8929042804353504,0.0,80.4,77.7,2.0,0.541625,24.0,-7.299999999999997,84.9,4.75,8.0,-2.75,0.0,1.0,28874,2021-01-01 18:55:02.749728,asset
26559.449018837004,0.01356580015271902,56.283199310302734,347.5581970214844,2.00573785,0.0202156961458968,0.11326036932587158,-0.00820159912109375,0.0,2.905307776373747,2.725480556997868,0.05263157894736842,0.8583394701310031,0.5,0.3583394701310031,0.7603489708587337,0.9880386316599807,0.0,0.0,2.1322116188093333e-06,0.34703551262091725,0.3331657115787068,0.890581797549844,0.0,70.6,71.8,3.0,0.791625,0.0,-7.800000000000011,73.85,4.625,8.0,-1.625,0.0,1.0,28874,2021-05-04 10:23:35.308320,asset
26560.206826216698,0.013801299966871738,56.224300384521484,342.2908935546875,2.00565201,0.025514198598102666,0.13842924154232605,-0.010898590087890625,0.0,1.7002237262558648,2.4193819456463714,0.21052631578947367,0.8440739015055644,0.5,0.3440739015055644,0.6758608226046224,1.0,0.0,0.0,2.605962061048457e-06,0.3470355574270042,0.33321037958742655,0.8913630367960756,0.0,75.2,76.1,5.0,1.29175,10.0,-25.200000000000003,89.0625,6.875,14.0,-1.875,0.0,1.0,28874,2021-09-15 17:03:23.717088,asset
26560.840463185188,0.01397740002721548,56.17539978027344,338.39300537109375,2.00558024,0.025604009919334203,0.06754147906394792,-0.005199432373046875,0.0,2.905307776373747,2.197159723424149,0.05263157894736842,0.8659790073466892,0.5,0.3659790073466892,0.7536267892584421,1.806572857276597e-05,0.0,0.0,1.2714508783942919e-06,0.34703532271894333,0.3333924691310346,0.8937201540790098,0.0,129.8,125.6,4.0,0.83325,145.0,11.900000000000006,125.6125,7.875,14.0,-3.875,0.0,1.0,28874,2021-12-23 19:01:20.887104,asset
26561.336928306122,0.013780299574136734,56.126399993896484,335.1701965332031,2.00552401,0.033021875333361095,0.057655774307932006,-0.0074005126953125,0.0,1.4287947340047853,1.6577427265048892,0.05263157894736842,0.8218306782819673,0.5,0.3218306782819673,0.8313309242461536,1.0,0.0,0.0,1.0853344530021448e-06,0.3470351429010933,0.33327833860281153,0.8937141913680696,0.0,110.4,109.2,6.0,1.416625,75.0,-4.8999999999999915,119.575,13.75,40.0,-7.75,1.0,1.0,28874,2022-03-15 16:52:48.263232,asset
26559.246510500376,0.013738499954342842,56.066200256347656,331.1860046386719,2.00576079,0.014918726537871407,0.08915894174060668,-0.0113983154296875,0.0,2.5650765423363704,1.7527152789797051,0.05263157894736842,0.8482335382251623,0.5,0.34823353822516234,0.6638684623412363,0.3809576147366868,0.0,0.0,1.6784957773346402e-06,0.3470352838124807,0.3333122231663535,0.8911148386563821,0.0,115.4,119.2,6.0,1.374875,61.0,-33.5,134.175,9.625,13.0,-3.625,0.0,1.0,28874,2022-06-24 20:17:25.196928,asset
26559.774152544687,0.01398439984768629,56.00410079956055,327.64190673828125,2.00570102,0.024718632994336076,0.052791867859923514,-0.00679779052734375,0.0,2.6100635408770727,2.0588138903312014,0.05263157894736842,0.8768460580587997,0.5,0.37684605805879967,0.7243859735039733,1.0,0.0,0.0,9.93832746021834e-07,0.3470351364655967,0.3334922149273783,0.8939481716139142,0.0,136.7,137.7,5.0,1.208375,105.0,-3.0,134.6375,6.375,11.0,-1.375,0.0,1.0,28874,2022-09-22 17:42:43.269120,asset
26560.313033037426,0.014074999839067459,55.950199127197266,324.48541259765625,2.00563998,0.020835336985328468,0.056767368765576975,-0.0081024169921875,0.0,2.7550576199383077,2.1971597234241496,0.05263157894736842,0.8647033553406641,0.5,0.3647033553406641,0.7620132195131801,0.9963747057715137,0.0,0.0,1.0686519336592939e-06,0.34703513745951653,0.3334143643325913,0.8938884096568294,0.0,147.7,143.2,9.0,2.125,140.0,4.0,145.9,9.625,16.0,-0.625,0.0,1.0,28874,2022-12-11 14:07:15.775392,asset
26560.981992670448,0.013782000169157982,55.86640167236328,320.1769104003906,2.00556421,0.013596800970844924,0.04608778736292152,-0.0093994140625,0.0,2.3920788329783207,2.113283334294875,0.05263157894736842,0.8384930297807189,0.5,0.33849302978071893,0.7713878103330505,0.2965705227630252,0.0,0.0,8.675855310755804e-07,0.34703500144880595,0.33349411539045615,0.8931324983843398,0.0,140.3,140.0,18.0,3.083375,108.0,-10.699999999999989,154.15,22.375,73.0,-4.375,1.0,1.0,28874,2023-03-30 11:01:58.613952,asset
26559.261605801214,0.013933000154793262,55.748199462890625,314.2394104003906,2.00575908,0.06223487414899864,0.20374061406619148,-0.027301788330078125,0.0,2.649794462043571,2.4193819456463714,0.15789473684210525,0.8738032130868288,0.5,0.37380321308682884,0.7197748204756483,0.034948032219549896,0.0,0.0,3.835607128225894e-06,0.3470359847461272,0.33277014604918864,0.8895035751256103,0.0,141.5,144.5,10.0,2.1665,84.0,-4.800000000000011,144.58749999999998,6.625,10.0,3.375,0.0,1.0,28874,2023-08-27 08:19:29.912736,asset
26559.807346228037,0.014031699858605862,55.67580032348633,310.6039123535156,2.00569726,0.016332011418853654,0.051467821140249725,-0.007598876953125,0.0,2.970840013101985,2.7254805569978675,0.05263157894736842,0.8307657397544502,0.5,0.3307657397544502,0.821592359059184,0.26746554356807317,0.0,0.0,9.68905671225446e-07,0.34703512919652346,0.3333669811479935,0.8940656531350253,0.0,180.2,175.5,9.0,1.833375,171.0,40.099999999999994,173.3,14.25,37.0,-5.25,1.0,1.0,28874,2023-11-26 18:29:10.330944,asset
26560.46064727311,0.013735399581491947,55.584800720214844,306.4751892089844,2.00562326,0.05164755854639225,0.11918629472711473,-0.013401031494140625,0.0,2.0042859090703917,2.0588138903312014,0.15789473684210525,0.8741123011486225,0.5,0.3741123011486225,0.6884152608904188,0.8168654162999329,0.0,0.0,2.24368653536793e-06,0.3470354255791198,0.33324571897172295,0.8917583994402761,0.0,134.5,132.6,11.0,2.333375,96.0,-17.80000000000001,139.41250000000002,11.125,34.0,-0.125,1.0,1.0,28874,2024-03-09 11:20:25.142208,asset
26561.177647265686,0.01363310031592846,55.48500061035156,301.8163146972656,2.00554205,0.02145507961176918,0.11080663244865718,-0.015499114990234375,0.0,2.0890038287775923,2.6416041678685938,0.21052631578947367,0.8694862519549054,0.5,0.36948625195490536,0.7412472252969582,0.8154739331303447,0.0,0.0,2.0858822717370495e-06,0.34703528144664986,0.3333615583075047,0.891382970200507,0.0,173.0,178.8,9.0,2.083375,138.0,-9.5,174.775,14.25,60.0,-5.25,1.0,1.0,28874,2024-07-04 08:47:29.915808,asset
26559.346616580133,0.01371499989181757,55.368099212646484,296.3327941894531,2.00574945,0.04334410623414442,0.13727044245388242,-0.01779937744140625,0.0,2.794788541104806,2.503258334775646,0.05263157894736842,0.8723098382449278,0.5,0.3723098382449278,0.7106349568218407,0.5222810667929628,0.0,0.0,2.5842310154334303e-06,0.3470357200574058,0.33304622122350946,0.8911492220555531,0.0,165.0,161.2,4.0,0.91675,115.0,-17.19999999999999,156.3875,7.25,12.0,-3.25,0.0,1.0,28874,2024-11-18 11:44:42.542592,asset
26560.182018292668,0.013295000419020653,55.247398376464844,290.885986328125,2.00565482,0.05305874627811136,0.14028286479151575,-0.0164031982421875,0.0,2.5100564603565396,2.2810361125534233,0.15789473684210525,0.8532217284210697,0.5,0.3532217284210697,0.7208098338013549,0.6259821835317076,0.0,0.0,2.6408595466983918e-06,0.34703554162038786,0.33317175232383034,0.8903047163242622,0.0,178.4,178.4,21.0,3.45825,164.0,25.80000000000001,169.10000000000002,13.0,30.0,8.0,1.0,1.0,28874,2025-04-03 07:57:39.220416,asset
26561.073727386272,0.013363299891352654,55.120201110839844,284.9700927734375,2.00555382,0.023573866885271855,0.1531850545470661,-0.020298004150390625,0.0,1.744584207688996,1.8910611120726528,0.15789473684210525,0.8442450912809593,0.5,0.34424509128095926,0.6397368370726491,0.9481916855558024,0.0,0.0,2.883650689722832e-06,0.3470362005798674,0.33334655708489414,0.889783027982999,0.0,231.6,236.2,6.0,1.66675,204.0,110.6,173.15,6.125,7.0,-0.125,0.0,1.0,28874,2025-08-28 16:24:27.367776,asset
26559.35517948966,0.01296939980238676,54.9838981628418,278.4945983886719,2.00574848,0.018538249030825682,0.08430463344484451,-0.01290130615234375,0.0,2.4650694618158377,2.7254805569978675,0.05263157894736842,0.842813634365101,0.5,0.34281363436510104,0.6321205588285577,0.9654406094316915,0.0,0.0,1.5871024272208914e-06,0.3470353735888253,0.3328940173714977,0.8908532229374094,0.0,175.9,171.0,21.0,3.0415,138.0,47.20000000000002,156.5875,9.375,21.0,11.625,0.0,1.0,28874,2026-02-05 10:31:25.473792,asset
26559.89977705767,0.012775599956512451,54.91360092163086,274.85980224609375,2.00568679,0.02207047175761545,0.05208623976795934,-0.00859832763671875,0.0,2.694781460584273,2.4193819456463714,0.05263157894736842,0.8761712755274255,0.5,0.37617127552742546,0.6747966470336972,0.32213432444276413,0.0,0.0,9.805442944614417e-07,0.3470351372464765,0.33291496085109873,0.8920294963878571,0.0,120.0,122.2,2.0,0.416625,104.0,-23.099999999999994,139.83749999999998,10.0,23.0,-8.0,0.0,1.0,28874,2026-05-06 11:27:49.304736,asset
26559.907457592595,0.012775099836289883,54.91279983520508,274.8196105957031,2.00568592,0.02268846070364816,0.05261596706259297,-0.007999420166015625,0.0,2.437065831519023,2.4193819456463714,0.05263157894736842,0.8694485798920164,0.5,0.3694485798920164,0.6321205588285577,0.4750350509791773,0.0,0.0,9.905163512445113e-07,0.34703501187777896,0.33309636452959834,0.8923671964288289,0.0,116.5,118.7,7.0,1.374875,70.0,-26.80000000000001,136.5125,10.5,23.0,-3.5,0.0,1.0,28874,2026-05-07 11:23:43.895904,asset
26559.921935857437,0.012774299830198288,54.91130065917969,274.74951171875,2.00568428,0.022158799765747972,0.05976685613859445,-0.008098602294921875,0.0,2.647592147308497,2.197159723424149,0.05263157894736842,0.8572408609161747,0.5,0.3572408609161747,0.950212931632136,0.5263374427946318,0.0,0.0,1.1251342748390379e-06,0.3470353133729259,0.3328985913236359,0.8924198209501469,0.0,119.5,121.8,4.0,1.083375,90.0,-39.19999999999999,130.375,9.125,23.0,-5.125,0.0,1.0,28874,2026-05-09 05:11:22.833600,asset
26559.93041094845,0.012773299589753151,54.910499572753906,274.7091979980469,2.00568332,0.022953355855861446,0.060031749024346936,-0.00730133056640625,0.0,2.582059910580258,2.0588138903312014,0.05263157894736842,0.7604408107676904,0.5,0.26044081076769043,0.950212931632136,0.27273711439249815,0.0,0.0,1.1301206341095551e-06,0.34703525817942016,0.33287917353099505,0.8924220250464269,0.0,125.7,128.2,4.0,0.875125,87.0,-17.60000000000001,126.25,8.875,23.0,-4.875,0.0,1.0,28874,2026-05-10 05:08:44.204928,asset
26559.949126798387,0.012771500274538994,54.908599853515625,274.6202087402344,2.0056812,0.02719094094936736,0.07142021247273078,-0.007900238037109375,0.0,2.6475921473084965,2.4193819456463714,0.05263157894736842,0.7747983150755764,0.5,0.2747983150755764,0.7238267564753955,0.7199121801495796,0.0,0.0,1.3445122986687689e-06,0.34703523613754184,0.3329181989721664,0.8925975874943632,0.0,111.2,113.5,3.0,0.708375,58.0,-16.299999999999997,119.4875,5.875,12.0,-2.875,0.0,1.0,28874,2026-05-12 10:08:10.925952,asset
26559.957337063723,0.012771000154316425,54.90769958496094,274.57989501953125,2.00568027,0.026926115271635354,0.0769820236164378,-0.00839996337890625,0.0,2.4767967526855212,2.0588138903312014,0.05263157894736842,0.8874439339981773,0.5,0.38744393399817734,0.6321205588285577,0.3522884523005133,0.0,0.0,1.44921526011013e-06,0.3470351499240494,0.3332035518713401,0.8925023658991942,0.0,103.2,105.4,10.0,1.999875,63.0,-16.799999999999997,116.45,5.75,12.0,4.25,0.0,1.0,28874,2026-05-13 10:04:05.856672,asset
26559.987000010693,0.012770500034093857,54.904300689697266,274.41729736328125,2.00567691,0.03787321230629459,0.08898859245528001,-0.00949859619140625,0.0,2.437065831519023,2.4193819456463714,0.05263157894736842,0.8989633929681542,0.5,0.3989633929681542,0.7023998606888329,1.0,0.0,0.0,1.6752420863174083e-06,0.34703529546306977,0.3331911345649992,0.8923417227526198,0.0,103.7,106.0,7.0,1.91675,84.0,-22.0,109.525,12.25,33.0,-5.25,1.0,1.0,28874,2026-05-17 10:50:33.818784,asset
26559.993268084494,0.01277059968560934,54.903499603271484,274.37701416015625,2.0056762,0.0359310207713861,0.0858104918988829,-0.00930023193359375,0.0,2.3134597501718246,2.0588138903312014,0.05263157894736842,0.8191702455362865,0.5,0.3191702455362865,0.6321205588285577,0.0011223228496423506,0.0,0.0,1.6154126804755364e-06,0.3470353869512077,0.33281778490002073,0.8916716779284946,0.0,105.3,107.7,8.0,2.16675,80.0,-10.700000000000003,106.975,12.75,33.0,-4.75,1.0,1.0,28874,2026-05-18 10:47:10.912704,asset
26560.004126868982,0.012770500034093857,54.90169906616211,274.29730224609375,2.00567497,0.0171268582889752,0.08845904325789888,-0.01020050048828125,0.0,2.582059910580258,2.1971597234241496,0.05263157894736842,0.7948639406669878,0.5,0.29486394066698784,0.6321205588285577,0.9135241149940798,0.0,0.0,1.6652720346634086e-06,0.3470355657612355,0.3328800074247792,0.8915554373484896,0.0,114.0,116.7,7.0,1.666625,66.0,10.799999999999997,106.0375,14.75,33.0,-7.75,1.0,1.0,28874,2026-05-20 10:16:26.705568,asset
26560.00880586084,0.012770500034093857,54.90079879760742,274.25830078125,2.00567444,0.015537776347628096,0.08510436000506161,-0.0102996826171875,0.0,2.647592147308497,2.0588138903312014,0.05263157894736842,0.851868044254074,0.5,0.35186804425407403,0.6321205588285577,0.991661647060638,0.0,0.0,1.6021185299251155e-06,0.3470354540378392,0.33254229705141924,0.8913491461589744,0.0,117.9,120.8,6.0,1.666625,86.0,11.5,107.875,14.25,33.0,-8.25,1.0,1.0,28874,2026-05-21 09:29:17.427840,asset
26560.02169516983,0.012772699818015099,54.89820098876953,274.13580322265625,2.00567298,0.01756830084923422,0.08042550113896141,-0.011199951171875,0.0,2.7603136973125113,2.5032583347756456,0.05263157894736842,0.8158945399374968,0.5,0.31589453993749683,0.7413068656655886,0.9955975444510838,0.0,0.0,1.5140364852589061e-06,0.3470352431881908,0.33291723349822633,0.8917243590599394,0.0,132.8,136.2,5.0,1.208375,111.0,29.10000000000001,117.61250000000001,6.875,16.0,-1.875,0.0,1.0,28874,2026-05-24 10:23:07.865088,asset
26560.03273054954,0.01277489960193634,54.89569854736328,274.01690673828125,2.00567173,0.023924688699480612,0.07539348581849481,-0.01200103759765625,0.0,2.5650765423363704,2.4193819456463714,0.05263157894736842,0.8269819723943062,0.5,0.32698197239430615,0.7426048705380337,0.7568634308028847,0.0,0.0,1.4193063520616025e-06,0.3470351367863216,0.33289090834126817,0.8910659768895833,0.0,141.7,145.5,9.0,2.208375,174.0,27.69999999999999,130.96249999999998,6.0,9.0,3.0,0.0,1.0,28874,2026-05-27 09:06:13.431168,asset
26560.043765940714,0.012776199728250504,54.89350128173828,273.912109375,2.00567048,0.022070770883146906,0.063563696014171,-0.011699676513671875,0.0,2.582059910580258,2.0588138903312014,0.05263157894736842,0.7939444844182203,0.5,0.2939444844182203,0.7262807182745672,0.8393981144634061,0.0,0.0,1.1966058993561058e-06,0.3470351705241519,0.3328676605465232,0.8913570674295241,0.0,148.1,152.1,14.0,2.791625,138.0,23.69999999999999,138.6,7.625,14.0,6.375,0.0,1.0,28874,2026-05-29 23:31:25.949280,asset
26560.051005163547,0.012777100317180157,54.89229965209961,273.8546142578125,2.00566966,0.018274614005349576,0.057737079052458284,-0.011199951171875,0.0,2.80004461847901,2.4193819456463714,0.05263157894736842,0.8809944157682934,0.5,0.3809944157682934,0.6321205588285577,0.06804890579168155,0.0,0.0,1.0869175886378548e-06,0.34703525908785937,0.33288595835201146,0.890935298374679,0.0,135.6,139.3,9.0,2.20825,113.0,2.799999999999983,140.5625,9.625,14.0,-0.625,0.0,1.0,28874,2026-05-31 09:49:42.795840,asset
26560.063453107028,0.012779000215232372,54.89059829711914,273.7755126953125,2.00566825,0.019687166313815396,0.05932623804619652,-0.01110076904296875,0.0,2.839775539645508,2.5032583347756456,0.05263157894736842,0.8715077446237516,0.5,0.3715077446237516,0.6321205588285577,0.2006640855365548,0.0,0.0,1.1168335035695523e-06,0.34703524829661503,0.3328654365306887,0.8907918131391968,0.0,146.1,150.3,6.0,1.624875,109.0,5.299999999999983,141.3375,9.75,14.0,-3.75,0.0,1.0,28874,2026-06-02 08:52:58.718784,asset
26560.09479373854,0.01278039999306202,54.88719940185547,273.6134033203125,2.0056647,0.043788574992504437,0.08598787769733462,-0.013599395751953125,0.0,2.5025980682472615,2.4193819456463714,0.05263157894736842,0.8574009404760742,0.5,0.3574009404760742,0.7305380091473441,0.9086730528112417,0.0,0.0,1.6187458506499745e-06,0.34703521131323645,0.33289439720105235,0.8902192381391791,0.0,137.9,141.9,21.0,3.333375,131.0,-3.6999999999999886,141.03750000000002,12.875,32.0,8.125,1.0,1.0,28874,2026-06-06 09:22:51.492000,asset
26560.10344553479,0.012780499644577503,54.88639831542969,273.572509765625,2.00566372,0.0399924277626269,0.0857230988513038,-0.012599945068359375,0.0,2.3789919869000626,2.1971597234241496,0.05263157894736842,0.7748600139987667,0.5,0.2748600139987667,0.950212931632136,0.4760345385120247,0.0,0.0,1.613760777179059e-06,0.34703528241856196,0.33289696223681087,0.8905758286758987,0.0,134.2,138.2,7.0,1.75,133.0,-1.4000000000000057,140.1125,12.125,32.0,-5.125,1.0,1.0,28874,2026-06-07 09:41:47.867136,asset
26560.111391068163,0.012780699878931046,54.885501861572266,273.5340881347656,2.00566282,0.016597329624346457,0.08228012443214539,-0.010997772216796875,0.0,2.670339700231107,2.4193819456463714,0.05263157894736842,0.8705119442245711,0.5,0.3705119442245711,0.6321205588285577,0.5621012618539446,0.0,0.0,1.5489452284530674e-06,0.3470356417274334,0.3325060809672946,0.8913640088446042,0.0,130.7,134.7,7.0,1.9165,132.0,-1.200000000000017,139.5,11.875,32.0,-4.875,1.0,1.0,28874,2026-06-08 08:33:59.590944,asset
26560.13213776666,0.012781799770891666,54.88330078125,273.4291076660156,2.00566047,0.02869223187008174,0.09137345348790404,-0.010700225830078125,0.0,2.8655768552072485,1.8365916681089793,0.05263157894736842,0.8222518667577671,0.5,0.32225186675776707,0.950212931632136,0.35101081519237703,0.0,0.0,1.7201286646125014e-06,0.34703542608588056,0.3328938218229315,0.8917746151449556,0.0,124.0,127.8,6.0,1.58325,96.0,-22.80000000000001,136.4375,12.375,32.0,-6.375,1.0,1.0,28874,2026-06-10 22:56:05.434080,asset
26560.139730185598,0.012782800011336803,54.88249969482422,273.38958740234375,2.00565961,0.028339117434370564,0.08872502205122146,-0.009799957275390625,0.0,2.7528553052032336,2.0588138903312014,0.05263157894736842,0.8328143727898968,0.5,0.3328143727898968,0.950212931632136,0.012679848652326211,0.0,0.0,1.670270662228464e-06,0.34703518677936984,0.3332636096508952,0.8916271742977424,0.0,127.4,131.4,16.0,2.75,83.0,-20.5,134.0125,13.25,32.0,2.75,1.0,1.0,28874,2026-06-11 22:26:38.770944,asset
26560.15588616488,0.012783699668943882,54.880401611328125,273.2921142578125,2.00565778,0.02374839822005015,0.0924330578527588,-0.010196685791015625,0.0,2.8655768552072485,2.5032583347756456,0.05263157894736842,0.8116645081510443,0.5,0.3116645081510443,0.7355842606675804,0.018249537687368155,0.0,0.0,1.7400744842815765e-06,0.34703526403355256,0.33291132635714543,0.8921713842022198,0.0,127.6,131.6,6.0,1.541625,59.0,-6.599999999999994,127.9,9.75,16.0,-3.75,0.0,1.0,28874,2026-06-14 08:22:37.952832,asset
26560.167451389185,0.012785599566996098,54.878700256347656,273.20928955078125,2.00565647,0.02772120358713437,0.07998518685417366,-0.00930023193359375,0.0,2.549787381523038,2.7254805569978684,0.05263157894736842,0.8585672640609058,0.5,0.3585672640609058,0.7309428482314033,0.03526515568553764,0.0,0.0,1.5057391419866615e-06,0.3470352874350735,0.3329144833046469,0.8922728130926465,0.0,113.0,116.4,6.0,1.54175,70.0,-16.5,123.53750000000001,9.25,16.0,-3.25,0.0,1.0,28874,2026-06-16 09:33:54.377856,asset
26560.177427508806,0.012787699699401855,54.87699890136719,273.127685546875,2.00565534,0.021541343925491674,0.07839615665579913,-0.009799957275390625,0.0,2.615319618251277,2.5032583347756456,0.05263157894736842,0.859206251658871,0.5,0.359206251658871,0.7457473496392096,0.9899173714095076,0.0,0.0,1.4758246704518453e-06,0.34703525087378506,0.33310967924891116,0.8920251208092681,0.0,111.0,114.3,6.0,1.500125,51.0,-16.400000000000006,119.6,8.5,16.0,-2.5,0.0,1.0,28874,2026-06-18 10:04:52.948128,asset
26560.18528481316,0.012790299952030182,54.875301361083984,273.0506896972656,2.00565445,0.01783342397538945,0.07389374499689438,-0.01020050048828125,0.0,2.8205898566665466,2.7254805569978684,0.05263157894736842,0.8116278822089893,0.5,0.3116278822089893,0.7653453254276193,1.0,0.0,0.0,1.3910652051427007e-06,0.3470352995239855,0.33290320892151726,0.8913820188547668,0.0,113.0,116.2,6.0,1.666625,88.0,-8.5,115.2625,6.5,12.0,-0.5,0.0,1.0,28874,2026-06-20 07:49:42.592224,asset
26560.20435425014,0.01279709953814745,54.871299743652344,272.8500061035156,2.00565229,0.026926741335046245,0.0845762236349401,-0.013301849365234375,0.0,3.036372249830224,2.7254805569978684,0.05263157894736842,0.8181121419916566,0.5,0.3181121419916566,0.8213635693144979,1.0,0.0,0.0,1.5921644370956942e-06,0.3470352097971503,0.3328916292188722,0.8909207525728504,0.0,156.0,161.1,24.0,3.625,87.0,45.0,124.875,8.625,24.0,15.375,0.0,1.0,28874,2026-06-25 07:07:08.645376,asset
26560.211328728696,0.012799100019037724,54.869998931884766,272.78851318359375,2.0056515,0.026043915535410633,0.07627759262322797,-0.01290130615234375,0.0,3.010570934268484,2.7254805569978675,0.05263157894736842,0.8288791115124288,0.5,0.32887911151242877,0.950212931632136,0.05032062910225225,0.0,0.0,1.4359403239662727e-06,0.34703520620862727,0.33292927962449764,0.8900314627513307,0.0,164.0,168.1,11.0,2.5,104.0,56.0,131.5,9.25,24.0,1.75,0.0,1.0,28874,2026-06-26 19:42:54.753120,asset
26560.217067227142,0.012801899574697018,54.86920166015625,272.7456970214844,2.00565085,0.012712977000774117,0.06744923200312769,-0.011997222900390625,0.0,2.7742433029172697,2.4193819456463714,0.05263157894736842,0.8159088635037397,0.5,0.3159088635037397,0.8078253474395571,0.6695982663509686,0.0,0.0,1.2697441496655185e-06,0.3470352946666644,0.33249005868762477,0.8904571789693917,0.0,187.0,194.1,6.0,1.54175,112.0,74.0,141.375,9.25,24.0,-3.25,0.0,1.0,28874,2026-06-27 21:08:57.135840,asset
26560.22262915936,0.01280369982123375,54.868499755859375,272.7078857421875,2.00565022,0.011300430665869499,0.06038653687937767,-0.0110015869140625,0.0,2.689525383210069,2.7254805569978684,0.05263157894736842,0.815481433087565,0.5,0.31548143308756504,0.7672595432256396,0.9148047401271221,0.0,0.0,1.1367871552428435e-06,0.34703528425694086,0.3327660285304045,0.8909592642716406,0.0,190.0,192.3,4.0,0.9585,130.0,73.0,151.0,9.0,24.0,-5.0,0.0,1.0,28874,2026-06-28 19:37:19.490016,asset
26560.244258923463,0.012806899845600128,54.8661003112793,272.5870056152344,2.00564777,0.02719169632109697,0.07195190200945945,-0.011798858642578125,0.0,2.194266986672329,1.7527152789797051,0.05263157894736842,0.8649823852870893,0.5,0.36498238528708926,0.8493592105802725,0.0019839141756027604,0.0,0.0,1.354506522884312e-06,0.34703505768101395,0.3331069897468847,0.8910731888694726,0.0,216.0,258.1,12.0,2.45825,150.0,79.0,181.625,11.375,24.0,0.625,0.0,1.0,28874,2026-07-01 19:28:58.743264,asset
26560.286017735463,0.012811999768018723,54.86220169067383,272.3855895996094,2.00564304,0.06338857610171544,0.10294003085436998,-0.013599395751953125,0.0,2.3598063039211006,2.1971597234241496,0.05263157894736842,0.8758364691750236,0.5,0.37583646917502356,0.7401196261909866,0.49186355365578527,0.0,0.0,1.9378618516339846e-06,0.34703503364519217,0.33323424691195264,0.8909352899041609,0.0,128.0,129.5,6.0,1.583375,72.0,-72.0,178.625,17.875,77.0,-11.875,1.0,1.0,28874,2026-07-06 19:09:05.395104,asset
26560.298377669013,0.01281300000846386,54.86090087890625,272.32110595703125,2.00564164,0.054118745549203595,0.10188073732933844,-0.011997222900390625,0.0,2.2750883842139,1.9749375012019272,0.05263157894736842,0.7538051927401498,0.5,0.2538051927401498,0.950212931632136,0.022019608042511463,0.0,0.0,1.917919538745108e-06,0.3470354421973062,0.332696664913424,0.8913684624295618,0.0,114.0,119.8,11.0,2.4998750000000003,85.0,-102.0,156.625,17.0,77.0,-6.0,1.0,1.0,28874,2026-07-08 09:22:55.373952,asset
26560.312503324963,0.01281690038740635,54.85940170288086,272.2441101074219,2.00564004,0.026485589500225615,0.1031168565787084,-0.010997772216796875,0.0,2.2492870686521598,1.836591668108979,0.05263157894736842,0.8602712263677316,0.5,0.36027122636773157,0.7440833110046541,0.5544661545281497,0.0,0.0,1.941188696973268e-06,0.34703576174630635,0.3328462791339539,0.8909986118292503,0.0,113.0,110.7,12.0,2.583375,81.0,-66.0,132.375,18.5,77.0,-6.5,1.0,1.0,28874,2026-07-10 07:05:53.898144,asset
26560.32300929376,0.012819499708712101,54.85820007324219,272.180908203125,2.00563885,0.02463162474668934,0.10859060474467697,-0.0113983154296875,0.0,2.4650694618158373,1.8910611120726528,0.05263157894736842,0.815439036170863,0.5,0.315439036170863,0.950212931632136,0.4545959774315038,0.0,0.0,2.044232249941832e-06,0.3470356648770211,0.3326843148228775,0.8902023844152578,0.0,111.0,115.3,6.0,1.749875,76.0,-52.0,123.875,18.25,77.0,-12.25,1.0,1.0,28874,2026-07-11 20:35:39.724224,asset
26560.325746144477,0.012817599810659885,54.85770034790039,272.16070556640625,2.00563854,0.013242819513834547,0.10647180172600201,-0.011199951171875,0.0,2.404793302461803,1.7527152789797051,0.05263157894736842,0.8930670237749713,0.5,0.39306702377497127,0.6810934459008111,0.794106693666927,0.0,0.0,2.004345180965869e-06,0.34703525999767804,0.3330812211937609,0.8910306014982912,0.0,107.0,110.8,16.0,3.083125,69.0,-31.0,116.875,10.625,16.0,5.375,0.0,1.0,28874,2026-07-12 08:33:05.749056,asset
26560.33121984803,0.012818600051105022,54.856998443603516,272.12310791015625,2.00563792,0.00821055427149986,0.09093374168151058,-0.009502410888671875,0.0,2.266270436896047,1.8365916681089793,0.05263157894736842,0.8283655790060586,0.5,0.32836557900605856,0.6424246220626944,0.0030828742612783997,0.0,0.0,1.7118381248635377e-06,0.3470353132050349,0.33293968540351127,0.8916044531396962,0.0,100.0,106.4,7.0,1.70825,44.0,-28.0,112.125,9.5,16.0,-2.5,0.0,1.0,28874,2026-07-13 06:53:10.618944,asset
26560.341460978383,0.012821299955248833,54.85540008544922,272.0423889160156,2.00563676,0.01571483390580397,0.07186427525812178,-0.00830078125,0.0,2.2470847539170853,2.197159723424149,0.05263157894736842,0.827690594585567,0.5,0.32769059458556704,0.7437529890515798,0.8783065322458099,0.0,0.0,1.3528519803957493e-06,0.34703507578098636,0.3332375798649563,0.8927631935681701,0.0,107.0,103.0,11.0,2.333375,29.0,-7.0,107.875,10.625,16.0,0.375,0.0,1.0,28874,2026-07-15 06:45:48.364128,asset
26560.346051833123,0.012822999618947506,54.85459899902344,272.0021057128906,2.00563624,0.014831985092314426,0.05606126344355289,-0.0072021484375,0.0,2.502598068247261,2.113283334294875,0.05263157894736842,0.8164990914742831,0.5,0.3164990914742831,0.6321205588285577,0.6772611575784375,0.0,0.0,1.0553580905829074e-06,0.3470350628958967,0.33306194404812206,0.8928134472070308,0.0,101.0,104.6,7.0,1.708375,52.0,-10.0,106.25,10.125,16.0,-3.125,0.0,1.0,28874,2026-07-16 06:40:53.963904,asset
26560.354085833693,0.012826500460505486,54.85309982299805,271.9224853515625,2.00563533,0.012624855309695704,0.04873362440048368,-0.007099151611328125,0.0,2.6153196182512763,1.836591668108979,0.05263157894736842,0.8618980159154768,0.5,0.36189801591547677,0.6866234790096377,0.006961337358079928,0.0,0.0,9.174141899267415e-07,0.3470350953026997,0.3331638439848739,0.8928982527878437,0.0,110.0,114.0,3.0,0.791625,29.0,-1.0,105.125,7.625,16.0,-4.625,0.0,1.0,28874,2026-07-18 05:55:01.616736,asset
26560.361766697064,0.012830499559640884,54.85150146484375,271.8406982421875,2.00563446,0.015714863940957002,0.042553678940748796,-0.007099151611328125,0.0,2.694781460584273,2.2810361125534238,0.05263157894736842,0.7613852899669551,0.5,0.2613852899669551,0.8154168431912159,5.2387133749231097e-05,0.0,0.0,8.010758748100227e-07,0.34703515807085605,0.3329769662760685,0.8925400114113429,0.0,141.0,141.3,3.0,0.66675,83.0,41.0,110.5,5.5,11.0,-2.5,0.0,1.0,28874,2026-07-20 06:26:29.652000,asset
26560.365298130357,0.012831700034439564,54.850799560546875,271.8004150390625,2.00563406,0.011212296663870802,0.0400816989786108,-0.006999969482421875,0.0,2.7550576199383077,2.2810361125534238,0.05263157894736842,0.8579597420132402,0.5,0.3579597420132402,0.637522509194719,0.9653651764728366,0.0,0.0,7.545405321872955e-07,0.347035133787556,0.3329327576846984,0.8925174979661963,0.0,154.0,153.8,14.0,2.8335,95.0,54.0,117.25,6.375,14.0,7.625,0.0,1.0,28874,2026-07-21 06:21:03.799584,asset
26560.396551366208,0.01284024,54.8463,271.5544,2.00563052,0.03478466914384626,0.06541980373731349,-0.010698443603516239,0.0,1.4832261969709113,1.7527152789797051,0.05263157894736842,0.8120590885502291,0.5,0.3120590885502291,0.8154168705379632,0.582163119006703,0.0,0.0,1.231531398010317e-06,0.34703509700988366,0.3330204296394149,0.892297387180146,0.0,144.0,149.2,6.0,1.3751250000000002,103.0,3.0,148.16666666666666,10.666666666666666,24.0,-4.666666666666666,0.0,1.0,28874,2026-07-27 08:20:20.676192,asset
7000.625106716005,0.0001247000036528334,97.872802734375,194.10000610351562,14.82168333,-0.0021789852744404925,-0.01866312678794202,0.00040435791015625,4.0,1.4832261969709113,2.2810361125534233,0.2631578947368421,0.7193053150870585,0.5,0.21930531508705853,0.0,0.010134842997291072,0.75,0.0,1.8275167119426323e-06,0.347034254687308,0.32887459423205406,0.8845707024604589,0.0,237.1,229.3,7.0,1.458375,140.0,77.5,203.27142857142857,8.142857142857142,18.0,-1.1428571428571423,0.0,1.0,31598,2014-01-07 03:07:55.560288,asset
7000.622849011952,0.0001438000035705045,97.87670135498047,320.7041931152344,14.8216905,-0.009125292004682706,-0.033421763122532866,-0.00099945068359375,4.0,2.865576855207249,2.6416041678685938,0.05263157894736842,0.8203343355335871,0.5,0.32033433553358714,0.0,2.2703349642622422e-09,0.75,0.0,2.3870478509453916e-06,0.34703497355367796,0.3286865737661133,0.8849540184931306,0.0,152.1,155.5,4.0,1.000125,156.0,4.0,156.8125,7.625,20.0,-3.625,0.0,1.0,31598,2014-05-15 17:42:13.931136,asset
7000.6432912187865,0.000149200001033023,97.87860107421875,90.9885025024414,14.82162558,0.002865444640519854,-0.017343874755169963,-0.00260162353515625,4.0,2.439268146254097,2.197159723424149,0.05263157894736842,0.8173089086447541,0.5,0.31730890864475414,0.0,0.020244362040646287,0.75,0.0,1.7087649459506605e-06,0.34703476750627105,0.3288612182438383,0.8847342405604771,0.0,166.9,167.8,11.0,2.5,144.0,46.7,133.825,10.75,21.0,0.25,0.0,1.0,31598,2014-09-25 01:23:26.091168,asset
7000.628668035303,0.00013390000094659626,97.87899780273438,221.09930419921875,14.82167202,-0.00838848351213528,-0.028918962083480437,-0.00060272216796875,1.0,3.010570934268484,2.7254805569978684,0.05263157894736842,0.7873995814355012,0.5,0.28739958143550115,0.0,0.018330636615989156,0.75,0.0,2.174747411555851e-06,0.34703363123746067,0.3286100423822615,0.8848793625378717,0.0,154.4,150.1,8.0,1.875,96.0,-4.900000000000006,154.175,13.0,27.0,-5.0,0.0,1.0,31598,2015-02-04 04:13:08.217984,asset
7000.654627072478,0.00017169999773614109,97.88359832763672,351.7853088378906,14.82158958,-0.013099265864184417,-0.022051515740713512,0.0001983642578125,2.0,2.7550576199383077,2.725480556997868,0.05263157894736842,0.8500771118886687,0.5,0.35007711188866875,0.0,1.611780239626449e-09,0.75,0.0,1.6565947846341038e-06,0.34703561684107076,0.32863698864971747,0.8863434048298979,0.0,136.1,140.5,10.0,2.3335,70.0,-0.4000000000000057,135.89999999999998,10.875,17.0,-0.875,0.0,1.0,31598,2015-06-16 20:00:45.308736,asset
7000.665796082096,0.00013529999705497175,97.88379669189453,115.64730072021484,14.82155411,-0.009478106254391605,-0.018487060243387532,0.0005950927734375,4.0,2.9258530145612833,2.197159723424149,0.05263157894736842,0.8440093232803483,0.5,0.3440093232803483,0.0,8.416188750567405e-05,0.75,0.0,1.3203761017326798e-06,0.3470352460464793,0.3288560230753129,0.8846614250975012,0.0,122.8,121.7,8.0,2.125,95.0,27.200000000000003,111.85,12.5,24.0,-4.5,0.0,1.0,31598,2015-10-20 12:55:15.542112,asset
7000.648685190112,0.00013020000187680125,97.87799835205078,234.73269653320312,14.82160845,0.005375078274482803,-0.014166702717375301,-9.918212890625e-05,4.0,2.9258530145612833,2.1971597234241496,0.05263157894736842,0.8592406156459698,0.5,0.35924061564596976,0.0,0.996023118820846,0.75,0.0,1.3957103091007512e-06,0.3470345021604875,0.32892402303143614,0.8837153399566046,0.0,94.9,92.7,29.0,3.9998750000000003,36.0,-17.89999999999999,106.17500000000001,18.375,37.0,10.625,1.0,1.0,31598,2016-02-18 10:47:17.681280,asset
7000.651245204657,0.00015180000627879053,97.875,351.8133850097656,14.82160032,-0.0039297685798374005,1.889310442493297e-05,-0.0001983642578125,3.0,2.8205898566665466,2.4193819456463714,0.05263157894736842,0.8130876405517666,0.5,0.31308764055176663,0.0,0.1231899447814146,0.75,0.0,3.485900935252832e-07,0.34703539135275596,0.32887041059344735,0.8836780809209629,0.0,88.2,91.0,6.0,1.6665,28.0,3.0,88.3125,9.25,21.0,-3.25,0.0,1.0,31598,2016-06-16 09:39:48.362112,asset
7000.670613853026,0.00013410000246949494,97.8749008178711,111.9365005493164,14.82153881,0.04303216228618112,0.030839888405353122,-0.00189971923828125,2.0,2.6550505394177746,2.197159723424149,0.05263157894736842,0.8713735886187265,0.5,0.3713735886187265,0.7626746500777546,1.0,0.75,0.0,2.202645432245681e-06,0.3470348642810326,0.32904711666441294,0.8846888159098469,0.0,80.9,80.4,17.0,2.958375,29.0,-23.599999999999994,94.65,14.625,46.0,2.375,1.0,1.0,31598,2016-10-16 11:04:04.816704,asset
7000.641364128222,0.00013830000534653664,97.87590026855469,229.422607421875,14.8216317,-0.010564377146693005,-0.005623833364552411,-9.918212890625e-05,3.0,2.649794462043571,2.4193819456463714,0.05263157894736842,0.8114363143011832,0.5,0.31143631430118324,0.0,0.9813371418330347,0.75,0.0,4.691351381093656e-07,0.3470348023290736,0.3289228934390308,0.8840775761838326,0.0,76.2,74.3,3.0,0.6248750000000001,21.0,3.6000000000000085,73.69999999999999,7.25,15.0,-4.25,0.0,1.0,31598,2017-02-12 19:39:54.469152,asset
7000.67574022231,0.0001635999942664057,97.88790130615234,58.278099060058594,14.82152253,-0.01967741002499679,0.01979377943371219,-0.0005950927734375,3.0,3.0105709342684834,2.6416041678685938,0.05263157894736842,0.8065357914665563,0.5,0.3065357914665563,0.0,0.7836076885108341,0.75,0.0,3.1697214967696416e-06,0.34703590251987027,0.32896751851298783,0.8848187852574015,0.0,85.1,87.0,23.0,3.54175,69.0,7.799999999999997,83.65,18.375,29.0,4.625,0.0,1.0,31598,2017-08-23 13:10:33.293280,asset
7000.676688034856,0.00017109999316744506,97.8864974975586,174.2178955078125,14.82151952,-0.01715199877799023,0.01691572919844475,-0.00110626220703125,3.0,3.2210972500579573,2.4193819456463714,0.05263157894736842,0.8463077411910862,0.5,0.3463077411910862,0.0,0.8772913696482858,0.75,0.0,2.9383018402293365e-06,0.34703477170533037,0.32892723713380223,0.8845266040352784,0.0,68.8,66.6,4.0,1.125,11.0,-2.6000000000000085,71.25,8.875,23.0,-4.875,0.0,1.0,31598,2017-12-19 03:39:30.746880,asset
7000.681490080104,0.00015209999401122332,97.89330291748047,303.36358642578125,14.82150427,0.00828470372925949,-0.0029725488557232893,-0.00049591064453125,0.0,2.9655839357277816,2.5032583347756456,0.05263157894736842,0.8159594376629903,0.5,0.3159594376629903,0.0,0.2907128823674986,0.75,0.0,9.144360069189502e-07,0.3470348696106256,0.32905437443269664,0.8843849543102402,0.0,71.1,72.2,3.0,0.70825,0.0,-4.6000000000000085,71.5875,4.25,6.0,-1.25,0.0,1.0,31598,2018-04-29 02:57:14.491296,asset
7000.681427102407,0.00013159999798517674,97.88970184326172,64.9166030883789,14.82150447,0.0013949555996077834,-0.018887074473241228,9.918212890625e-05,3.0,3.0105709342684834,2.7254805569978675,0.05263157894736842,0.841931286254734,0.5,0.341931286254734,0.0,0.17797887432106013,0.75,0.0,1.8021120511073357e-06,0.34703514630507926,0.3286877658988646,0.8849271660948825,0.0,68.3,69.6,3.0,0.791625,0.0,-1.2000000000000028,70.35,16.0,67.0,-13.0,1.0,1.0,31598,2018-08-30 09:32:20.465376,asset
7000.665226137194,0.00012430000060703605,97.88459777832031,193.55670166015625,14.82155592,-0.005834855777720804,-0.001832640925385931,-0.0009002685546875,1.0,2.794788541104806,2.6416041678685938,0.05263157894736842,0.8398263744266595,0.5,0.3398263744266595,0.0,0.33229224980768923,0.75,0.0,7.459869638626418e-07,0.34703444701790553,0.328848666701991,0.8844907578130072,0.0,71.5,69.1,6.0,1.5,0.0,2.200000000000003,71.8875,6.625,16.0,-0.625,0.0,1.0,31598,2019-01-07 21:29:24.732960,asset
7000.680576903652,0.00014859999646432698,97.89189910888672,315.7538146972656,14.82150717,0.007909984939033166,0.003016629057128739,0.0012969970703125,1.0,2.549787381523038,2.5032583347756456,0.05263157894736842,0.8249688417202127,0.5,0.3249688417202127,0.0,0.22804202582842686,0.75,0.0,3.494916524750003e-07,0.3470343467031808,0.3287770448363686,0.8847236737427979,0.0,78.0,79.5,24.0,3.666625,27.0,5.700000000000003,75.7875,7.25,24.0,16.75,0.0,1.0,31598,2019-05-11 20:16:34.493088,asset
7000.68492236667,0.0001399000029778108,97.8917007446289,81.2208023071289,14.82149337,-0.0013981069259898504,0.024129830055244383,-0.0009002685546875,3.0,3.010570934268484,2.725480556997868,0.05263157894736842,0.7874989167104277,0.5,0.2874989167104277,0.0,0.0024447413107088556,0.75,0.0,3.3091630152438195e-06,0.347033505420562,0.3287754266433776,0.8849328752070931,0.0,68.7,69.4,10.0,2.083375,0.0,-0.09999999999999432,68.69999999999999,7.0,13.0,3.0,0.0,1.0,31598,2019-09-16 02:27:20.126592,asset
7000.65960541606,0.00014309999824035913,97.88259887695312,195.485595703125,14.82157377,-0.007106986535291071,-0.005447533478218247,-0.00119781494140625,2.0,2.9655839357277816,2.725480556997868,0.05263157894736842,0.8349527337079267,0.5,0.33495273370792666,0.0,0.3574420378602911,0.75,0.0,3.8907264496664796e-07,0.3470350727284901,0.3288486415257702,0.8846944741417218,0.0,72.8,70.4,6.0,1.458375,4.0,1.5999999999999943,72.275,6.625,11.0,-0.625,0.0,1.0,31598,2020-01-10 00:25:55.237152,asset
7000.674880578648,0.00016070000128820539,97.8895034790039,314.59869384765625,14.82152526,0.002336466053748154,-0.00021097479384479811,-0.0012969970703125,2.0,2.5650765423363704,2.4193819456463714,0.05263157894736842,0.8368943290302496,0.5,0.33689432903024963,0.0,0.4108527033291886,0.75,0.0,7.576806905054525e-07,0.34703526523416695,0.3289327613205575,0.8842600601535179,0.0,71.0,72.4,1.0,0.249875,0.0,1.7999999999999972,69.2375,3.75,5.0,-2.75,0.0,1.0,31598,2020-05-09 20:41:06.113184,asset
7000.659356656114,0.00014679999731015414,97.88619995117188,55.305599212646484,14.82157456,-0.006253642824049166,0.0025442776759518893,-0.00060272216796875,1.0,3.010570934268484,2.7254805569978684,0.05263157894736842,0.804616900001164,0.5,0.30461690000116404,0.0,0.7921388669085607,0.75,0.0,6.283637359271863e-07,0.34703507452401383,0.3290647063960319,0.8833315575116554,0.0,69.9,71.6,2.0,0.54175,12.0,-2.3999999999999915,70.8875,3.375,6.0,-1.375,0.0,1.0,31598,2020-08-20 01:44:45.930048,asset
7000.653096729551,0.0001379000023007393,97.88310241699219,167.01890563964844,14.82159444,-0.002871755317755742,-0.0085428509491976,0.00030517578125,0.0,2.549787381523038,2.9477027792200907,0.05263157894736842,0.8520737743874329,0.5,0.3520737743874329,0.0,1.0,0.75,0.0,6.101461544549935e-07,0.3470345922739855,0.32904396954918064,0.8832044491012034,0.0,83.3,80.8,6.0,1.5,12.0,-12.5,88.17500000000001,4.375,7.0,1.625,0.0,1.0,31598,2020-12-11 10:08:58.858944,asset
7000.685712737842,0.0001576000067871064,97.88729858398438,273.4653015136719,14.82149086,-0.009188474860820861,0.03092822262806294,-0.0005035400390625,2.0,2.6292492238560348,2.7254805569978684,0.05263157894736842,0.8722109869543965,0.5,0.37221098695439647,0.0,0.9924015078189861,0.75,0.0,2.8809492561885743e-06,0.34703620504962296,0.3290474976509923,0.8846732684656389,0.0,73.4,73.2,3.0,0.666625,12.0,-3.1999999999999886,75.25,8.5,17.0,-5.5,0.0,1.0,31598,2021-03-29 10:33:12.507840,asset
7000.658594632113,0.00015750000602565706,97.89109802246094,43.24399948120117,14.82157698,-0.00713217490556417,-0.006445721960517403,-0.00040435791015625,2.0,2.9053077763737467,1.9749375012019272,0.05263157894736842,0.8456345419489538,0.5,0.3456345419489538,0.0,0.3532695132865671,0.75,0.0,4.6036507995510924e-07,0.34703507714056636,0.3288290588082641,0.8846126333181207,0.0,73.5,75.5,4.0,0.9998750000000001,0.0,-1.4000000000000057,74.01249999999999,6.375,15.0,-2.375,0.0,1.0,31598,2021-08-08 02:02:56.419872,asset
7000.660383184642,0.00014150000060908496,97.88410186767578,156.67640686035156,14.8215713,0.005160978575986519,-0.0027741479989344953,0.00030517578125,3.0,2.9258530145612833,2.281036112553424,0.05263157894736842,0.8211823475163469,0.5,0.3211823475163469,0.0,0.9936696936923965,0.75,0.0,7.363135479044054e-07,0.34703452000226687,0.328872353570986,0.8846365628374251,0.0,86.4,84.0,18.0,3.208375,43.0,-0.19999999999998863,89.975,7.375,18.0,10.625,0.0,1.0,31598,2021-12-01 02:57:45.967680,asset
7000.670695723716,0.0001362000039080158,97.88690185546875,273.94610595703125,14.82153855,-0.014075496301302337,-0.05169866906089737,0.00060272216796875,5.0,2.0890038287775923,2.5032583347756456,0.05263157894736842,0.876810831991451,0.5,0.37681083199145105,0.0,6.808737817943862e-19,0.75,0.0,3.6923878418457275e-06,0.3470351493234727,0.3289158240398477,0.8848718574250265,0.0,151.3,151.0,6.0,1.3333750000000002,115.0,45.70000000000002,129.3875,8.375,15.0,-2.375,0.0,1.0,31598,2022-03-30 03:27:59.903712,asset
7000.726689537715,0.0001320000010309741,97.88909912109375,31.5226993560791,14.82136073,0.0425134575652919,0.08814361961412942,-0.00080108642578125,1.0,2.2920717524577876,2.4193819456463714,0.15789473684210525,0.8508826899391061,0.5,0.3508826899391061,0.6820895347553517,0.4464345988710405,0.75,0.0,6.295378742000813e-06,0.3470376667488293,0.3288408609755019,0.8847738464427646,0.0,98.0,101.1,8.0,2.166625,60.0,-34.19999999999999,110.6625,10.0,20.0,-2.0,0.0,1.0,31598,2022-07-27 10:27:13.510656,asset
7000.661444351032,0.0001345000055152923,97.88739776611328,153.78860473632812,14.82156793,0.004250960861099884,-0.008042205831770843,-0.00030517578125,1.0,2.710070621397606,2.4193819456463714,0.05263157894736842,0.8566715699830862,0.5,0.35667156998308625,0.0,0.8026079784046687,0.75,0.0,9.418705109247882e-07,0.34703428685684323,0.32891215418876774,0.8852105258290318,0.0,107.0,104.1,22.0,3.20825,56.0,-10.0,110.6875,10.75,22.0,11.25,0.0,1.0,31598,2022-11-28 10:51:37.524096,asset
7000.7065175285625,0.00014570000348612666,97.88619995117188,281.3772888183594,14.82142479,0.07734253231956245,0.059375273515797744,-0.00080108642578125,2.0,1.9579393553211153,1.6577427265048887,0.15789473684210525,0.812409792223981,0.5,0.312409792223981,0.8012532616860562,0.7103957262187971,0.75,0.0,4.240689925852079e-06,0.34703500534888543,0.3289134544576408,0.8841917591456586,0.0,137.1,137.2,7.0,1.749875,49.0,-3.200000000000017,133.1,13.5,19.0,-6.5,0.0,1.0,31598,2023-04-06 20:53:14.714880,asset
7000.71616581453,0.00014429999282583594,97.88999938964844,43.200599670410156,14.82139415,0.09642468509446189,0.07350751288959145,0.000396728515625,0.0,1.210810026106033,1.3516441151533924,0.05263157894736842,0.814545005539389,0.5,0.314545005539389,0.8580588107037497,1.0,0.75,0.0,5.2500408547976195e-06,0.3470342833699289,0.32898881581172096,0.8848384778086827,0.0,158.9,163.4,7.0,1.5,123.0,-15.799999999999983,169.90000000000003,11.25,33.0,-4.25,1.0,1.0,31598,2023-08-08 11:34:11.574624,asset
7000.637843727641,0.00015380000695586205,97.88639831542969,138.22259521484375,14.82164288,-0.005252262955764309,-0.024718469726394687,-9.918212890625e-05,0.0,2.970840013101985,2.6416041678685938,0.05263157894736842,0.6940556008934107,0.5,0.19405560089341067,0.0,5.492735146004399e-07,0.75,0.0,1.8209887300984936e-06,0.34703433570681985,0.3290828626656253,0.8829953535989966,0.0,137.2,134.4,9.0,1.875,82.0,-17.600000000000023,144.1375,20.125,61.0,-11.125,1.0,1.0,31598,2023-11-12 21:17:29.239008,asset
7000.678596256441,0.00013889999536331743,97.88179779052734,222.23959350585938,14.82151346,-0.009887505600090662,-0.02274446398132568,0.00029754638671875,0.0,2.030087224632132,1.4466166676282084,0.05263157894736842,0.8385848874184461,0.5,0.33858488741844606,0.0,0.9436121692958009,0.75,0.0,1.6244431339531327e-06,0.34703464514597415,0.32907284964601224,0.8831396212325677,0.0,190.3,185.1,7.0,1.750125,159.0,55.30000000000001,155.15,5.0,7.0,2.0,0.0,1.0,31598,2024-02-06 03:40:12.859104,asset
7000.656900546438,0.000149200001033023,97.88690185546875,310.90771484375,14.82158236,-0.009015192613333056,-0.026711882843301282,-9.918212890625e-05,0.0,3.010570934268484,2.7254805569978684,0.05263157894736842,0.8232859444675363,0.5,0.32328594446753633,0.0,0.6848162269399384,0.75,0.0,1.907807137383758e-06,0.3470343647696553,0.329068238547121,0.8835145665018455,0.0,171.2,174.3,16.0,2.708125,205.0,33.599999999999994,151.9,13.375,42.0,2.625,1.0,1.0,31598,2024-05-06 03:27:54.777600,asset
7000.715532880914,0.0001512000017100945,97.88800048828125,39.977298736572266,14.82139616,0.08013579758062406,0.05774435661078314,0.0,0.0,0.2974722489192897,0.5032583347756457,0.05263157894736842,0.8165806490169286,0.5,0.3165806490169286,0.8442989696534401,0.988473775210021,0.75,0.0,4.1242008452327e-06,0.3470344296125931,0.32908036831003346,0.8830359469203476,0.0,240.8,247.9,49.0,4.583375,231.0,26.400000000000006,255.02499999999998,16.75,49.0,32.25,1.0,1.0,31598,2024-08-04 12:58:55.985664,asset
7000.72486315563,0.00016710000636521727,97.88690185546875,138.20230102539062,14.82136653,-0.012816189087970997,0.10581161668142158,-0.000701904296875,3.0,0.2974722489192897,2.4193819456463714,0.21052631578947367,0.856555521337658,0.5,0.356555521337658,0.0,0.0,0.75,0.0,9.462204952086176e-06,0.3470399088588567,0.3290777758500961,0.8833785158510096,0.0,171.7,168.1,4.0,1.125,117.0,-73.9,222.71249999999998,13.5,31.0,-9.5,1.0,1.0,31598,2024-11-12 04:28:39.651456,asset
7000.656207797944,0.0001250000059371814,97.88899993896484,225.83740234375,14.82158456,-0.008432650134636788,-0.035758641580287076,0.00060272216796875,0.0,2.8153337792923425,2.0588138903312014,0.05263157894736842,0.8248361664099666,0.5,0.3248361664099666,0.0,1.0,0.75,0.0,2.5539394829722686e-06,0.3470339915578462,0.3290550566803979,0.8840579039842834,0.0,163.0,158.7,17.0,2.79175,130.0,-52.69999999999999,193.23749999999998,8.375,19.0,8.625,0.0,1.0,31598,2025-02-09 02:21:00.802080,asset
6985.36682354135,0.0001326000055996701,97.88729858398438,316.7409973144531,14.87027281,-0.8970824535645079,-1.8094039171255645,-0.00040435791015625,0.0,0.4854607607459134,0.5032583347756457,0.15789473684210525,0.8669592305585554,0.5,0.3669592305585554,0.0,0.32317100486180766,0.75,0.0,0.00012948872437939642,0.34697097042988,0.329096898515297,0.8832773615110816,0.0,115.5,117.9,6.0,1.5,60.0,-43.099999999999994,141.11249999999998,13.625,30.0,-7.625,1.0,1.0,31598,2025-05-12 04:45:56.227680,asset
6961.474770650812,0.00013519999629352242,97.88919830322266,58.3494987487793,14.94689149,-0.01789406982879882,-0.06325541553815128,-0.00080108642578125,0.0,2.905307776373747,2.725480556997868,0.05263157894736842,0.8248813605008618,0.5,0.3248813605008618,0.0,5.175280280265024e-07,0.75,0.0,4.5432172454247495e-06,0.34703377499385035,0.32907051227800854,0.8831338324416311,0.0,121.0,123.8,6.0,1.66675,67.0,-9.400000000000006,120.4,8.375,19.0,-2.375,0.0,1.0,31598,2025-08-21 14:55:48.494784,asset
6957.8813070837405,0.00013719999697059393,97.88400268554688,183.43299865722656,14.95847218,-0.03085799132804823,-0.0854301213466897,0.00030517578125,0.0,2.544531304148834,2.4193819456463714,0.05263157894736842,0.867968387272119,0.5,0.367968387272119,0.0,0.560878045871614,0.75,0.0,6.13903362887381e-06,0.34703282467357643,0.32906479623177115,0.8831152025299764,0.0,141.6,137.0,20.0,3.4998750000000003,114.0,24.89999999999999,123.44999999999999,15.5,25.0,4.5,0.0,1.0,31598,2025-12-23 23:01:51.186144,asset
6955.392757466121,9.899999713525176e-05,97.88790130615234,276.0757141113281,14.96650082,-0.052818697224211064,-0.11911303424039943,-0.0001983642578125,0.0,2.268472751631122,2.4193819456463714,0.15789473684210525,0.8619345076460672,0.5,0.36193450764606716,0.0,0.8964036429621727,0.75,0.0,8.579678262634575e-06,0.3470327030509909,0.3290391413950323,0.8853262800089203,0.0,140.1,139.4,15.0,2.5,107.0,27.19999999999999,117.625,27.25,78.0,-12.25,1.0,1.0,31598,2026-03-25 21:52:19.129728,asset
6953.963340409076,0.00015079999866429716,97.88510131835938,2.8208000659942627,14.9711157,-0.013649904803969548,-0.047226849956132355,0.00099945068359375,0.0,2.8000446184790095,2.1971597234241496,0.05263157894736842,0.8517589989313092,0.5,0.35175899893130924,0.0,0.8400910052322758,0.75,0.0,3.395661372953503e-06,0.3470342037540961,0.32907944241497655,0.8828839161575507,0.0,108.0,114.3,6.0,1.5,61.0,-20.30000000000001,117.175,7.25,12.0,-1.25,0.0,1.0,31598,2026-06-19 22:36:42.903936,asset
6953.946584685118,0.00015910000365693122,97.88529968261719,4.033999919891357,14.97116981,-0.022190285563738144,-0.055104447092162445,0.00060272216796875,0.0,2.3598063039211006,2.5032583347756456,0.05263157894736842,0.7954830061768168,0.5,0.2954830061768168,0.0,1.0,0.75,0.0,3.962075271175234e-06,0.3470342002076181,0.32907699424104847,0.8828843819356678,0.0,117.0,132.2,4.0,1.041625,65.0,-10.599999999999994,114.7,5.5,6.0,-1.5,0.0,1.0,31598,2026-06-21 03:29:07.117728,asset
6953.901808287301,0.00017109999316744506,97.88569641113281,6.864799976348877,14.97131441,-0.06153212177559908,-0.09206179958528082,0.00089263916015625,0.0,1.969811065278097,2.0588138903312014,0.05263157894736842,0.8676401955294897,0.5,0.3676401955294897,0.0,1.0,0.75,0.0,6.619369099478861e-06,0.3470341183972463,0.32906970658422563,0.8831234225379967,0.0,135.0,134.7,6.0,1.4166249999999998,76.0,22.0,116.25,5.5,6.0,0.5,0.0,1.0,31598,2026-06-23 22:51:21.966912,asset
6953.871338453617,0.00018350000027567148,97.88610076904297,8.213000297546387,14.97141281,-0.07524623150129628,-0.11063433993331273,0.00119781494140625,0.0,2.063202513215852,2.197159723424149,0.10526315789473684,0.8625406125051265,0.5,0.3625406125051265,0.0,0.9961377662918118,0.75,0.0,7.95477903198438e-06,0.34703378782268335,0.3290742694495829,0.8849014689149487,0.0,156.0,161.1,24.0,3.625,87.0,45.0,124.875,8.625,24.0,15.375,0.0,1.0,31598,2026-06-25 06:56:13.841376,asset
6953.860751503157,0.00018319999799132347,97.88610076904297,8.75220012664795,14.971447,-0.04105678414362046,-0.11870682470907923,0.0012969970703125,0.0,1.9956123808398372,1.8910611120726528,0.15789473684210525,0.8614320603402715,0.5,0.36143206034027153,0.0,1.0,0.75,0.0,8.535208654052671e-06,0.3470314972915971,0.3290326893980534,0.8864057940279618,0.0,156.0,161.1,24.0,3.625,87.0,45.0,124.875,8.625,24.0,15.375,0.0,1.0,31598,2026-06-25 19:46:10.335936,asset
6953.846739880167,0.00018119999731425196,97.88600158691406,9.561100006103516,14.97149225,-0.024598573450020922,-0.12587799775064923,0.00099945068359375,0.0,2.149279988131627,1.7527152789797047,0.15789473684210525,0.833130076228269,0.5,0.33313007622826896,0.0,0.31550622987220517,0.75,0.0,9.050838586715454e-06,0.3470298149580461,0.32899324924712375,0.8864844800768021,0.0,164.0,168.1,11.0,2.5,104.0,56.0,131.5,9.25,24.0,1.75,0.0,1.0,31598,2026-06-26 15:01:04.915776,asset
6953.835586369071,0.00017860000662039965,97.88600158691406,10.100299835205078,14.97152827,-0.025165134085909813,-0.13041403207989788,0.00099945068359375,0.0,2.149279988131627,2.7254805569978684,0.21052631578947367,0.8337470754651474,0.5,0.33374707546514737,0.0,0.2871246993390242,0.75,0.0,9.376997494606233e-06,0.34703241011036245,0.3289851806166066,0.8859784991160113,0.0,187.0,194.1,6.0,1.54175,112.0,74.0,141.375,9.25,24.0,-3.25,0.0,1.0,31598,2026-06-27 03:51:01.138176,asset
6953.824448384993,0.0001750999945215881,97.88590240478516,10.774399757385254,14.97156424,-0.02229149517370388,-0.1314044232649394,0.00080108642578125,0.0,2.1492799881316267,3.1699250014423126,0.21052631578947367,0.814890564774046,0.5,0.314890564774046,0.0,7.722888843063352e-09,0.75,0.0,9.448222480594352e-06,0.3470335434687525,0.3290340314336279,0.8850025229655506,0.0,187.0,194.1,6.0,1.54175,112.0,74.0,141.375,9.25,24.0,-3.25,0.0,1.0,31598,2026-06-27 19:53:26.289600,asset
6953.818063494577,0.00017189999925903976,97.88590240478516,11.246199607849121,14.97158486,-0.017522874494716234,-0.10342959750323644,0.00040435791015625,0.0,1.8863082816921724,2.725480556997868,0.10526315789473684,0.8621046649991836,0.5,0.3621046649991836,0.0,1.0,0.75,0.0,7.436809733734986e-06,0.34703343607802306,0.3290737139940844,0.883310270457617,0.0,190.0,192.3,4.0,0.9585,130.0,73.0,151.0,9.0,24.0,-5.0,0.0,1.0,31598,2026-06-28 07:07:07.819392,asset
6953.799868804799,0.00016320000577252358,97.88569641113281,12.459400177001953,14.97164362,-0.02457958019385842,-0.07547344023259939,-0.00040435791015625,0.0,2.925853014561283,2.113283334294875,0.05263157894736842,0.8531309236202841,0.5,0.3531309236202841,0.0,0.5422639624719148,0.75,0.0,5.426732670973235e-06,0.34703359340619166,0.3290659017653996,0.8832134445637063,0.0,200.0,201.9,3.0,0.541625,125.0,78.0,161.375,8.875,24.0,-5.875,0.0,1.0,31598,2026-06-29 11:59:28.635936,asset
6953.779624410686,0.00014990000636316836,97.885498046875,13.94219970703125,14.971709,-0.038439083890807524,-0.08348043275873351,-0.00060272216796875,0.0,2.670339700231107,2.4193819456463714,0.05263157894736842,0.8465115548832693,0.5,0.34651155488326935,0.0,0.1286595523821012,0.75,0.0,6.002468127703687e-06,0.34703374056737235,0.3290186467501351,0.8836200601999686,0.0,203.0,209.3,18.0,2.666625,126.0,68.0,171.5,10.625,24.0,7.375,0.0,1.0,31598,2026-06-30 23:16:46.937280,asset
6953.773846517949,0.0001453000004403293,97.8853988647461,14.481300354003906,14.97172766,-0.026022286850093224,-0.0785134853931595,-0.000701904296875,0.0,2.7153266987718094,2.4193819456463714,0.05263157894736842,0.8478923898588945,0.5,0.3478923898588945,0.0,0.37061591622508333,0.75,0.0,5.645338939337375e-06,0.3470335705784712,0.32898880166730365,0.8838391414110367,0.0,216.0,258.1,12.0,2.45825,150.0,79.0,181.625,11.375,24.0,0.625,0.0,1.0,31598,2026-07-01 12:06:42.560928,asset
6953.762897660884,0.00013780000153928995,97.88529968261719,15.290200233459473,14.97176302,-0.016726749801819096,-0.07626513455306849,-0.000701904296875,0.0,2.3200753827546023,2.197159723424149,0.05263157894736842,0.8566998416403068,0.5,0.35669984164030677,0.0,0.5003360191642713,0.75,0.0,5.483686196507811e-06,0.3470322794861346,0.329015094375651,0.8844554060180363,0.0,202.0,209.7,3.0,0.75,127.0,46.0,189.75,10.125,24.0,-7.125,0.0,1.0,31598,2026-07-02 07:21:35.930304,asset
6953.75763070625,0.0001328999933321029,97.88520050048828,15.829299926757812,14.97178003,-0.016215811699112237,-0.07159551854965684,-0.000701904296875,0.0,2.3392610657335644,2.5032583347756456,0.05263157894736842,0.8505496508849529,0.5,0.35054965088495293,0.0,0.9922039567316556,0.75,0.0,5.1479336424270555e-06,0.3470334545096314,0.3290632643118614,0.8845900806990522,0.0,202.0,209.7,3.0,0.75,127.0,46.0,189.75,10.125,24.0,-7.125,0.0,1.0,31598,2026-07-02 20:11:31.416576,asset
6953.730011095675,0.00011609999637585133,97.88510131835938,17.58169937133789,14.97186923,-0.03288656520908262,-0.08901229904677166,-0.00080108642578125,0.0,2.649794462043571,2.4193819456463714,0.05263157894736842,0.8358500442758718,0.5,0.33585004427587184,0.0,0.606366878044286,0.75,0.0,6.400266069575488e-06,0.3470339935809833,0.3290732756374744,0.8854954128069638,0.0,163.0,166.0,77.0,5.70825,99.0,-24.0,192.5,16.375,77.0,60.625,1.0,1.0,31598,2026-07-04 13:53:46.234176,asset
6953.7194928026365,0.00011010000162059441,97.88510131835938,18.323200225830078,14.9719032,-0.03813790361346037,-0.0885784607480673,-0.000701904296875,0.0,2.839775539645508,2.4193819456463714,0.05263157894736842,0.8284898485594142,0.5,0.3284898485594142,0.0,0.30516930038768353,0.75,0.0,6.3690816545384075e-06,0.3470338455249512,0.32905478190140164,0.8851400587093838,0.0,138.0,143.4,16.0,3.0835,101.0,-52.0,186.375,17.625,77.0,-1.625,1.0,1.0,31598,2026-07-05 07:32:24.497952,asset
6953.7142414118725,0.00010569999722065404,97.88510131835938,18.86240005493164,14.97192016,-0.015769683802318468,-0.06925970527663594,-0.000396728515625,0.0,2.900051698999543,2.9477027792200907,0.05263157894736842,0.846025547961841,0.5,0.34602554796184104,0.0,0.7277167614025699,0.75,0.0,4.980013953703044e-06,0.3470327181056557,0.32906995809427714,0.8845398964940884,0.0,138.0,143.4,16.0,3.0835,101.0,-52.0,186.375,17.625,77.0,-1.625,1.0,1.0,31598,2026-07-05 20:22:19.528032,asset
6953.704376502963,0.00010199999815085903,97.88500213623047,19.87350082397461,14.97195202,-0.01511629967353656,-0.06986945091466623,-0.00049591064453125,0.0,2.9450386975402454,2.113283334294875,0.05263157894736842,0.8716641634855228,0.5,0.3716641634855228,0.0,0.9949575707033843,0.75,0.0,5.023863584701848e-06,0.347032584679422,0.32905468605566046,0.8848925042040635,0.0,128.0,129.5,6.0,1.583375,72.0,-72.0,178.625,17.875,77.0,-11.875,1.0,1.0,31598,2026-07-06 20:25:55.015680,asset
6953.698295327333,9.90999978967011e-05,97.88490295410156,20.54759979248047,14.97197166,-0.015946084539791627,-0.06912306682079361,-0.00049591064453125,0.0,2.8603207778330444,2.2810361125534233,0.05263157894736842,0.8258897601106009,0.5,0.3258897601106009,0.0,0.9215516536852008,0.75,0.0,4.9702006439476666e-06,0.34703410628873554,0.32905667061765137,0.8844989403605796,0.0,113.0,114.1,3.0,0.7498750000000001,59.0,-90.0,167.75,17.875,77.0,-14.875,1.0,1.0,31598,2026-07-07 12:28:18.564384,asset
6953.696871021316,0.00010550000297371298,97.88459777832031,21.221500396728516,14.97197626,-0.007505481647058332,-0.06184961241160636,-0.00060272216796875,0.0,3.0900327766014803,2.5032583347756456,0.05263157894736842,0.8487405897226603,0.5,0.3487405897226603,0.0,0.9008963897425414,0.75,0.0,4.610410136496751e-06,0.3470340178631973,0.3290619059477379,0.8840290078974108,0.0,114.0,119.8,11.0,2.4998750000000003,85.0,-102.0,156.625,17.0,77.0,-6.0,1.0,1.0,31598,2026-07-08 04:30:42.183936,asset
6953.686708928686,0.00010460000339662656,97.8844985961914,22.03019905090332,14.97200908,-0.011586398646613816,-0.05099971250456292,-0.000701904296875,0.0,3.0053148568942794,2.7254805569978684,0.05263157894736842,0.8153749096630053,0.5,0.3153749096630053,0.0,0.9575892873700047,0.75,0.0,3.66707863817243e-06,0.3470339451677176,0.32904144512115796,0.883872484232569,0.0,114.0,119.8,11.0,2.4998750000000003,85.0,-102.0,156.625,17.0,77.0,-6.0,1.0,1.0,31598,2026-07-08 23:45:34.240896,asset
6953.673416521701,0.00010720000136643648,97.8843994140625,23.310800552368164,14.97205201,-0.023454499614672386,-0.04763064496091829,-0.000701904296875,0.0,2.649794462043571,1.836591668108979,0.05263157894736842,0.8557143858058602,0.5,0.35571438580586023,0.0,0.44323439398968595,0.75,0.0,3.4248373065789655e-06,0.3470343371789214,0.3290622337742428,0.8841529454728713,0.0,113.0,110.7,12.0,2.583375,81.0,-66.0,132.375,18.5,77.0,-6.5,1.0,1.0,31598,2026-07-10 06:14:06.442656,asset
6953.665815138849,0.00011139999696752056,97.8843994140625,24.2544002532959,14.97207656,-0.020893789836918586,-0.050890957548290316,-0.000701904296875,0.0,2.584262225315332,2.5032583347756456,0.05263157894736842,0.7844227127037244,0.5,0.28442271270372443,0.0,0.317436353863062,0.75,0.0,3.6592697697761953e-06,0.34703403878375816,0.32906045671664724,0.8845243205132468,0.0,111.0,115.3,6.0,1.749875,76.0,-52.0,123.875,18.25,77.0,-12.25,1.0,1.0,31598,2026-07-11 04:41:26.918880,asset
6953.658498633957,0.00011600000289035961,97.8843002319336,24.99570083618164,14.97210019,-0.014917887744559266,-0.049320984526275424,-0.000701904296875,0.0,2.6292492238560343,2.725480556997868,0.05263157894736842,0.8633265059047565,0.5,0.36332650590475646,0.0,0.4186847049600976,0.75,0.0,3.5463865655065243e-06,0.34703344135587033,0.3290629092406287,0.8845435069462926,0.0,111.0,115.3,6.0,1.749875,76.0,-52.0,123.875,18.25,77.0,-12.25,1.0,1.0,31598,2026-07-11 22:20:04.321248,asset
6953.654170046387,0.00012009999772999436,97.8843994140625,25.6023006439209,14.97211417,-0.011645092462458706,-0.046435135296633234,-0.00060272216796875,0.0,2.404793302461803,2.6416041678685938,0.05263157894736842,0.8480012987582939,0.5,0.3480012987582939,0.0,0.9777280442679078,0.75,0.0,3.3388849659843615e-06,0.347033718550237,0.3290377944813173,0.8846141724430273,0.0,107.0,110.8,16.0,3.083125,69.0,-31.0,116.875,10.625,16.0,5.375,0.0,1.0,31598,2026-07-12 12:46:13.052928,asset
6953.647352070185,0.00012549999519251287,97.8843994140625,26.27630043029785,14.97213619,-0.011146563771944784,-0.04724935196372826,-0.0005035400390625,0.0,2.6078612261419982,2.4193819456463714,0.05263157894736842,0.8430871997625762,0.5,0.3430871997625762,0.0,0.7871315154714665,0.75,0.0,3.3974336619056806e-06,0.3470339430097201,0.3290105880936554,0.884272871671562,0.0,100.0,106.4,7.0,1.70825,44.0,-28.0,112.125,9.5,16.0,-2.5,0.0,1.0,31598,2026-07-13 04:48:35.995104,asset
6953.64426819543,0.0001289000065298751,97.8843994140625,26.680700302124023,14.97214615,-0.009901850956339331,-0.04453383644158748,-0.0001983642578125,0.0,3.03111617245602,2.4193819456463714,0.05263157894736842,0.8322303602126174,0.5,0.3322303602126174,0.0,0.7708008949587312,0.75,0.0,3.2021786573978535e-06,0.34703425929020915,0.329037559761894,0.8840309596034638,0.0,100.0,106.4,7.0,1.70825,44.0,-28.0,112.125,9.5,16.0,-2.5,0.0,1.0,31598,2026-07-13 14:26:01.783392,asset
6953.6351404415955,0.00013719999697059393,97.8844985961914,27.691600799560547,14.97217563,-0.012211628589284373,-0.041486935233479016,9.918212890625e-05,0.0,2.9655839357277816,2.4193819456463714,0.05263157894736842,0.8818008518603134,0.5,0.38180085186031343,0.0,0.9690252920208519,0.75,0.0,2.9830979593197467e-06,0.34703436885707384,0.32906786027052193,0.8836867560543848,0.0,100.0,103.1,7.0,1.7915,39.0,-13.0,108.625,9.625,16.0,-2.625,0.0,1.0,31598,2026-07-14 14:29:36.051936,asset
6953.630245277946,0.00014200000441633165,97.8844985961914,28.23080062866211,14.97219144,-0.014022917483998754,-0.038245049891884264,9.918212890625e-05,0.0,2.8258459340407502,2.058813890331201,0.05263157894736842,0.8465692578212656,0.5,0.3465692578212656,0.0,1.0,0.75,0.0,2.749994663187942e-06,0.3470342481881469,0.32907180877369463,0.8833449449790949,0.0,107.0,103.0,11.0,2.333375,29.0,-7.0,107.875,10.625,16.0,0.375,0.0,1.0,31598,2026-07-15 03:19:30.261216,asset
6953.623507862496,0.00014770000416319817,97.88459777832031,28.90489959716797,14.9722132,-0.01163257909956883,-0.03671849284455675,0.00029754638671875,0.0,2.8000446184790104,2.4193819456463714,0.05263157894736842,0.855327296310701,0.5,0.35532729631070104,0.0,0.36574210463451007,0.75,0.0,2.64023119649126e-06,0.34703414851529835,0.32906238641103097,0.8833925047866653,0.0,107.0,103.0,11.0,2.333375,29.0,-7.0,107.875,10.625,16.0,0.375,0.0,1.0,31598,2026-07-15 19:21:52.945056,asset
6953.620566440833,0.00015180000627879053,97.88469696044922,29.376699447631836,14.9722227,-0.009678837113824557,-0.03517341443148325,0.000396728515625,0.0,2.680851854979515,2.1971597234241496,0.05263157894736842,0.8142679623522935,0.5,0.3142679623522935,0.0,0.4388464642798625,0.75,0.0,2.5291343306979457e-06,0.34703404695294915,0.32902639527715033,0.8833245577639232,0.0,101.0,104.6,7.0,1.708375,52.0,-10.0,106.25,10.125,16.0,-3.125,0.0,1.0,31598,2026-07-16 06:35:32.816832,asset
6953.6109836202495,0.00015890000213403255,97.88480377197266,30.252899169921875,14.97225365,-0.012524242246399808,-0.04037811148100445,0.00040435791015625,0.0,2.7205827761460135,2.725480556997868,0.05263157894736842,0.8039987234077932,0.5,0.3039987234077932,0.0,0.6345904326728576,0.75,0.0,2.9033789583737314e-06,0.34703424436704666,0.32899106257257493,0.8833875949122182,0.0,105.0,108.2,4.0,0.875,36.0,-8.0,105.5,8.75,16.0,-4.75,0.0,1.0,31598,2026-07-17 03:26:38.102784,asset
6953.606512680682,0.0001627000019652769,97.88480377197266,30.79210090637207,14.97226809,-0.01405376015100046,-0.03858221577775112,0.00040435791015625,0.0,2.5842622253153325,2.5032583347756456,0.05263157894736842,0.8600138897957076,0.5,0.3600138897957076,0.0,0.05190077596868715,0.75,0.0,2.7742478060621464e-06,0.3470343327416031,0.32897581893724787,0.8834879832746675,0.0,105.0,108.2,4.0,0.875,36.0,-8.0,105.5,8.75,16.0,-4.75,0.0,1.0,31598,2026-07-17 16:16:32.096928,asset
6953.596354014375,0.00016910000704228878,97.88500213623047,31.73579978942871,14.9723009,-0.014629605874688423,-0.041820751834166,0.00060272216796875,0.0,3.11583409216322,2.9477027792200907,0.05263157894736842,0.8198582667274498,0.5,0.31985826672744977,0.0,0.7961050787951437,0.75,0.0,3.0071175449625217e-06,0.34703411453878563,0.32900299036453656,0.8833537035054289,0.0,110.0,114.0,3.0,0.791625,29.0,-1.0,105.125,7.625,16.0,-4.625,0.0,1.0,31598,2026-07-18 14:43:51.405024,asset
6953.588440126317,0.00017339999612886459,97.88510131835938,32.4099006652832,14.97232646,-0.018072554364152893,-0.043539047950616805,0.00060272216796875,0.0,2.9311090919354874,2.7254805569978684,0.05263157894736842,0.8545720858006145,0.5,0.3545720858006145,0.0,0.33309151929253106,0.75,0.0,3.1306744614740474e-06,0.34703404311960884,0.32905397858244884,0.8834078616615969,0.0,120.0,123.2,2.0,0.45825,46.0,13.0,106.25,7.125,16.0,-5.125,0.0,1.0,31598,2026-07-19 06:46:13.660320,asset
6953.5754701918,0.00017759999900590628,97.88529968261719,33.42100143432617,14.97236835,-0.020883822574432997,-0.05109056005039747,0.000701904296875,0.0,2.439268146254097,2.4193819456463714,0.05263157894736842,0.7788878662580654,0.5,0.2788878662580654,0.0,1.0,0.75,0.0,3.6736696634476805e-06,0.3470339426862493,0.32908140756604803,0.883836083829309,0.0,141.0,141.3,3.0,0.66675,83.0,41.0,110.5,5.5,11.0,-2.5,0.0,1.0,31598,2026-07-20 06:49:46.880832,asset
6953.564237268023,0.00018000000272877514,97.885498046875,34.09510040283203,14.97240463,-0.024202858294302132,-0.05710323084076663,0.0009002685546875,0.0,2.865576855207249,2.0588138903312014,0.05263157894736842,0.8674310014081469,0.5,0.3674310014081469,0.0,1.0,0.75,0.0,4.10601507311921e-06,0.347033970153792,0.32907591935116326,0.8840635819567565,0.0,141.0,141.3,3.0,0.66675,83.0,41.0,110.5,5.5,11.0,-2.5,0.0,1.0,31598,2026-07-20 22:52:08.831136,asset
6953.537721803184,0.00018279999494552612,97.8855972290039,35.44329833984375,14.97249027,-0.037748388616819284,-0.07675435657529306,0.0009002685546875,0.0,2.499544305608132,2.5032583347756456,0.05263157894736842,0.8374618653148156,0.5,0.3374618653148156,0.0,1.0,0.75,0.0,5.519041114854789e-06,0.3470338462077833,0.3290797224530245,0.884271619484159,0.0,149.0,155.0,10.0,2.333375,88.0,42.0,123.375,6.75,14.0,3.25,0.0,1.0,31598,2026-07-22 06:56:52.267776,asset
6953.521154410201,0.00019350000366102904,97.88629913330078,36.4546012878418,14.97254378,-0.04308285782190069,-0.08597751375873486,0.001495361328125,0.0,2.629249223856035,2.4193819456463714,0.05263157894736842,0.851455901562124,0.5,0.35145590156212403,0.0,1.0,0.75,0.0,6.182243107596373e-06,0.34703347271284457,0.329041214130717,0.88452366493083,0.0,148.0,152.3,24.0,3.2917499999999995,100.0,47.0,128.5,8.375,24.0,15.625,0.0,1.0,31598,2026-07-23 07:00:24.683904,asset
6953.509711170408,0.00019239999528508633,97.88639831542969,36.993900299072266,14.97258074,-0.02801063277547655,-0.08937060168136668,0.00139617919921875,0.0,2.3576039891860257,2.197159723424149,0.05263157894736842,0.8539067050319508,0.5,0.35390670503195076,0.0,0.5260846688971338,0.75,0.0,6.426232501481096e-06,0.34703300360522527,0.32899603408919564,0.8847714328428027,0.0,148.0,152.3,24.0,3.2917499999999995,100.0,47.0,128.5,8.375,24.0,15.625,0.0,1.0,31598,2026-07-23 19:50:17.683584,asset
6953.495054232364,0.00018980000459123403,97.88629913330078,37.803001403808594,14.97262808,-0.026100177837179217,-0.09758124260406476,0.00119781494140625,0.0,2.6100635408770727,2.1971597234241496,0.05263157894736842,0.872938864882943,0.5,0.37293886488294303,0.0,0.04782618471206754,0.75,0.0,7.016630831367464e-06,0.3470323198648554,0.3290144063241426,0.8847838349933334,0.0,153.0,154.9,7.0,1.41675,109.0,48.0,135.0,8.375,24.0,-1.375,0.0,1.0,31598,2026-07-24 15:05:06.991296,asset
6886.526184402065,0.00018930000078398734,97.4457015991211,18.434900283813477,15.19156294,-0.008446736860605597,-0.013653807944137952,0.00170135498046875,7.0,3.010570934268484,2.9477027792200907,0.5789473684210527,0.752889210097578,0.5,0.25288921009757803,0.0,0.9970027019941035,0.65,0.0,3.7518462528814884e-06,0.34703554198935915,0.3291957710250025,0.8851529644215494,0.0,194.6,188.2,7.0,1.5,107.0,35.0,202.1875,8.0,18.0,-1.0,0.0,1.0,31698,2014-01-08 20:23:20.578272,asset
6886.554033044026,0.00016250000044237822,97.44519805908203,82.12149810791016,15.19147079,0.010782882508465264,0.056410206826512876,0.00029754638671875,5.0,2.353190671338322,2.281036112553424,0.2631578947368421,0.784931704987799,0.5,0.28493170498779896,0.0,0.17192603579528987,0.65,0.0,8.091633387988674e-06,0.34704030450480683,0.32885182502714033,0.8848495881483874,0.0,143.8,142.1,5.0,1.3335,109.0,-4.399999999999977,148.8625,4.25,11.0,0.75,0.0,1.0,31698,2014-03-14 11:11:28.078080,asset
6886.532349459689,0.00017430000298190862,97.4458999633789,158.3527069091797,15.19154254,0.018286608627931855,-0.04971988082797907,0.00209808349609375,5.0,1.4425080971906143,1.8910611120726528,0.21052631578947367,0.8086525663570098,0.5,0.30865256635700977,0.0,1.0,0.65,0.0,7.090964857685099e-06,0.34703242764739517,0.3289272245379929,0.8890590817374434,0.0,101.6,104.4,10.0,1.9581250000000001,55.0,-14.700000000000003,108.95,6.25,17.0,3.75,0.0,1.0,31698,2014-05-30 19:05:46.166208,asset
6886.552963215792,0.00017290000687353313,97.44380187988281,274.9773864746094,15.19147433,0.01079798882619798,0.03424032824841561,9.918212890625e-05,5.0,2.0815454366683137,2.2810361125534238,0.5789473684210527,0.7228047946778967,0.5,0.2228047946778967,0.0,0.823016798580728,0.65,0.0,3.023288757304646e-05,0.3470285200433817,0.32918831110289637,0.8884169470568658,0.0,170.2,171.0,16.0,3.0,165.0,48.39999999999999,140.075,12.0,21.0,4.0,0.0,1.0,31698,2014-09-26 02:27:32.093856,asset
6886.555903733377,0.00019940000493079424,97.44319915771484,337.45111083984375,15.1914646,0.022581160390473087,0.01286511901889753,-0.00150299072265625,2.0,2.3973349103525243,2.197159723424149,0.3157894736842105,0.7569232078834948,0.5,0.25692320788349476,0.0,0.593688783128621,0.65,0.0,2.3484502691427064e-06,0.34703224621636364,0.32854987682711667,0.8864539292639377,0.0,181.4,176.6,3.0,0.83325,143.0,18.900000000000006,168.3875,6.625,12.0,-3.625,0.0,1.0,31698,2014-11-28 11:43:13.673280,asset
6886.539264011321,0.00016599999798927456,97.44400024414062,31.37689971923828,15.19151966,0.0037171780786593445,-0.011085077907409868,-0.00119781494140625,3.0,2.3737359095258586,2.7254805569978684,0.10526315789473684,0.8007458555234507,0.5,0.3007458555234507,0.0,1.0,0.65,0.0,2.140225164730461e-06,0.3470341976305652,0.32859888281503863,0.8846157658462231,0.0,120.3,116.6,12.0,2.5,50.0,-11.100000000000009,125.44999999999999,6.375,12.0,5.625,0.0,1.0,31698,2015-01-22 05:00:34.229664,asset
6886.5331956451455,0.00015449999773409218,97.44539642333984,82.53820037841797,15.19153974,-0.02064398357651953,-0.008884962987394829,0.00029754638671875,2.0,2.292071752457788,2.7254805569978684,0.21052631578947367,0.8649120455193849,0.5,0.36491204551938494,0.0,0.4068163166807483,0.65,0.0,1.4960154818060638e-06,0.3470349781660229,0.32923068400408934,0.88328123505601,0.0,114.4,113.1,6.0,1.70825,53.0,-9.799999999999997,121.97500000000001,6.75,11.0,-0.75,0.0,1.0,31698,2015-03-15 02:48:08.381952,asset
6886.528003697047,0.0001660999987507239,97.44619750976562,156.3542938232422,15.19155692,-0.022789642417592404,0.007984338806636515,0.00069427490234375,2.0,1.1635402011210705,1.3921472236645347,0.05263157894736842,0.785056760151287,0.5,0.285056760151287,0.0,1.0,0.65,0.0,2.940900131732387e-06,0.3470358419339902,0.3287260107094515,0.8865277492006842,0.0,93.0,95.5,6.0,1.58325,12.0,-8.799999999999997,97.0625,3.5,6.0,2.5,0.0,1.0,31698,2015-05-28 23:50:23.830368,asset
6886.54217731537,0.00016840000171214342,97.4458999633789,229.86380004882812,15.19151002,0.014687372841763136,0.0025053207828023005,-0.0010986328125,4.0,2.140606459901073,2.4193819456463714,0.3157894736842105,0.8138734867217495,0.5,0.31387348672174953,0.0,3.5998649909120736e-17,0.65,0.0,1.0437863712397136e-06,0.34703345536331365,0.3290671335726371,0.8870436766955795,0.0,102.8,105.6,7.0,1.75,78.0,-4.0,113.4,9.25,18.0,-2.25,0.0,1.0,31698,2015-08-11 13:20:58.891488,asset
6886.5527214467575,0.00013169999874662608,97.44619750976562,312.58709716796875,15.19147513,0.02617439462483162,0.006355495891511964,0.0,3.0,1.7120954362128467,1.6577427265048892,0.3157894736842105,0.8639695493012348,0.5,0.3639695493012348,0.0,0.6072133138444598,0.65,0.0,3.4787247934703196e-06,0.34703482754621207,0.32889060693063926,0.8860871085790178,0.0,124.2,122.2,29.0,3.9998750000000003,82.0,14.100000000000009,118.17500000000001,8.0,29.0,21.0,0.0,1.0,31698,2015-11-03 11:20:18.047904,asset
6886.551881299526,0.00012140000035287812,97.4458999633789,61.7943000793457,15.19147791,0.016400952348703868,-0.004113097340450622,-0.00080108642578125,3.0,2.289017989818658,2.725480556997868,0.2631578947368421,0.8119590675483604,0.5,0.31195906754836045,0.0,0.002966301676322956,0.65,0.0,1.6882230419805495e-06,0.3470345871662661,0.3290327857463755,0.8861846100096119,0.0,93.7,91.7,2.0,0.54175,34.0,-13.599999999999994,98.67500000000001,17.25,37.0,-15.25,1.0,1.0,31698,2016-02-22 06:50:56.279904,asset
6886.554876214029,0.00019039999460801482,97.44629669189453,151.92269897460938,15.191468,0.013962136684313009,0.006500562052679015,0.00049591064453125,1.0,2.7528553052032336,2.6416041678685938,0.3157894736842105,0.7548913990393051,0.5,0.25489139903930513,0.0,0.04953474930188995,0.65,0.0,1.1251939310344532e-06,0.34703450864575314,0.32904452645020466,0.8877482861962617,0.0,97.4,99.8,3.0,0.791625,16.0,-4.599999999999994,99.8,8.375,15.0,-5.375,0.0,1.0,31698,2016-05-23 17:02:08.452320,asset
6886.565254177059,0.00015700000221841037,97.44709777832031,258.8638916015625,15.19143366,0.02621077888579748,-0.0018978961279572104,0.0001983642578125,5.0,2.6078612261419987,2.5032583347756456,0.5789473684210527,0.7271944548654772,0.5,0.22719445486547718,0.0,0.4573618433342125,0.65,0.0,4.176004568991098e-06,0.34703751532243843,0.3292093552699154,0.8877940372040084,0.0,91.0,92.3,3.0,0.8333750000000001,79.0,-3.5999999999999943,94.46249999999999,19.375,37.0,-16.375,1.0,1.0,31698,2016-09-09 04:26:56.156352,asset
6886.546770913077,0.0001753999968059361,97.4457015991211,13.571100234985352,15.19149482,0.0073074432784778764,-0.010903781016168068,9.918212890625e-05,5.0,3.00531485689428,2.7254805569978675,0.05263157894736842,0.7628378803431589,0.5,0.2628378803431589,0.0,0.4345633708784128,0.65,0.0,2.120919648360489e-06,0.34703497809525397,0.32914351588381774,0.8903710734600088,0.0,73.4,71.0,11.0,2.3335,11.0,-0.29999999999999716,73.3,7.875,12.0,3.125,0.0,1.0,31698,2017-01-03 13:29:44.553408,asset
6886.541853950557,0.0001816000003600493,97.44609832763672,185.0496063232422,15.19151109,0.0051919644174631685,-3.324311001051683e-05,0.00029754638671875,4.0,2.5637169871277963,2.2810361125534238,0.3684210526315789,0.8493805283799056,0.5,0.34938052837990563,0.0,1.0,0.65,0.0,1.812861136126332e-06,0.3470364910387256,0.3561620086025896,0.8925370894311917,0.0,73.7,76.2,6.0,1.66675,21.0,0.10000000000000853,73.825,5.0,9.0,1.0,0.0,1.0,31698,2017-06-26 12:29:27.002688,asset
6886.542911686069,0.0002209999947808683,97.4457015991211,4.00570011138916,15.19150759,-0.01707492944660771,0.004533149329290609,0.0,5.0,2.404793302461803,2.4193819456463714,0.3157894736842105,0.7890063857380716,0.5,0.2890063857380716,0.0,5.4906140568888504e-08,0.65,0.0,3.450851936511319e-06,0.3470402880969471,0.3292051930523021,0.8873151760093698,0.0,75.7,73.2,9.0,2.083375,24.0,4.1000000000000085,74.2375,6.625,16.0,2.375,0.0,1.0,31698,2017-12-25 01:35:47.277888,asset
6886.5652179115405,0.00018909999926108867,97.4458999633789,179.05340576171875,15.19143378,-0.007228936103274464,0.033741835854016244,0.0005035400390625,2.0,2.647592147308496,2.4193819456463714,0.5263157894736842,0.7643138978761491,0.5,0.2643138978761491,0.0,0.9962074300847034,0.65,0.0,5.410524105736259e-06,0.34703722611185217,0.39358895820242257,0.8953403813802782,0.0,82.1,84.7,5.0,1.208375,56.0,11.299999999999997,73.625,5.375,16.0,-0.375,0.0,1.0,31698,2018-06-20 15:38:03.456096,asset
6886.514352969834,0.00021430000197142363,97.44499969482422,12.795999526977539,15.19160209,-0.021834547403159377,-0.014391138304745255,-0.00240325927734375,4.0,2.3523479118118225,2.6416041678685938,0.21052631578947367,0.826251099368121,0.5,0.326251099368121,0.0,8.005954756740117e-08,0.65,0.0,2.232829533116807e-06,0.34703226956404376,0.3290810608456133,0.8908779001124586,0.0,72.6,70.2,1.0,0.249875,15.0,4.099999999999994,70.65,7.0,22.0,-6.0,0.0,1.0,31698,2019-01-03 04:41:59.123616,asset
6886.542609475881,0.00016969999705906957,97.44660186767578,217.279296875,15.19150859,-0.00451200154475373,-0.02389888398192852,0.00140380859375,6.0,2.0750742231728343,2.0588138903312014,0.21052631578947367,0.6518004604577713,0.5,0.1518004604577713,0.0,0.5977660185944601,0.65,0.0,3.281653388667365e-06,0.34703412305410697,0.3289921859489905,0.8902939625669278,0.0,66.1,68.2,4.0,0.9998750000000001,0.0,-1.2000000000000028,67.275,4.0,7.0,0.0,0.0,1.0,31698,2019-07-29 15:15:00.000288,asset
6886.533029430124,0.00019619999511633068,97.44670104980469,89.2322998046875,15.19154029,-0.02223663678887533,-0.031167002844995295,0.0009002685546875,5.0,2.3523479118118225,2.4193819456463714,0.2631578947368421,0.8428307590943243,0.5,0.34283075909432426,0.0,0.0442508695661582,0.65,0.0,3.446215913747538e-06,0.347035512076288,0.38826020427105634,0.8930767748858539,0.0,71.7,71.1,6.0,1.583375,0.0,2.9000000000000057,70.5375,5.5,10.0,0.5,0.0,1.0,31698,2020-03-20 23:05:13.591104,asset
6886.534129471541,0.00017389999993611127,97.44650268554688,219.89920043945312,15.19153665,0.004348787538219767,-0.013608515713713132,0.00060272216796875,2.0,2.504800382982336,2.4193819456463714,0.3684210526315789,0.8075589451978539,0.5,0.3075589451978539,0.0,0.07301944130975534,0.65,0.0,2.063207799537537e-06,0.34703463898128717,0.3290590787633648,0.8893861242622196,0.0,72.3,74.4,4.0,0.875,21.0,2.799999999999997,71.5875,5.625,12.0,-1.625,0.0,1.0,31698,2020-07-31 12:03:38.999808,asset
6886.530104047398,0.00019160000374540687,97.4457015991211,309.9067077636719,15.19154997,-0.004726549669612723,-0.033484938433502975,-0.000396728515625,0.0,2.3598063039211006,2.5032583347756456,0.05263157894736842,0.8271298353222388,0.5,0.3271298353222388,0.0,0.9087228658159061,0.65,0.0,2.4311820186898506e-06,0.34703440391940543,0.32911075788663774,0.8830731314575979,0.0,79.6,78.4,4.0,1.08325,34.0,4.699999999999989,78.8,11.625,17.0,-7.625,0.0,1.0,31698,2020-10-30 19:17:58.257600,asset
6886.564238742725,0.00019779999274760485,97.4448013305664,20.855600357055664,15.19143702,0.0076157455769134685,0.032693158978872816,-0.00119781494140625,0.0,2.7550576199383077,2.5032583347756456,0.05263157894736842,0.7843219300128489,0.5,0.2843219300128489,0.7936844390223,0.01934486584929957,0.65,0.0,2.3737000231439795e-06,0.34703598767588284,0.32903862894511976,0.8829646089750685,0.0,73.1,70.7,3.0,0.583375,0.0,-7.300000000000011,75.5375,4.25,10.0,-1.25,0.0,1.0,31698,2021-01-10 19:09:11.879424,asset
6886.5304455433625,0.00018980000459123403,97.4458999633789,83.09159851074219,15.19154884,-0.01772762738255551,-0.008525324465153972,0.0,2.0,2.647592147308496,1.879964948727111,0.05263157894736842,0.852120559370437,0.5,0.35212055937043696,0.0,0.9867171902899339,0.65,0.0,7.589771809316826e-07,0.34703514762839693,0.32899258529543435,0.8841928472824145,0.0,75.1,74.2,23.0,3.58325,23.0,-2.4000000000000057,76.55000000000001,8.75,23.0,14.25,0.0,1.0,31698,2021-03-14 22:41:21.821280,asset
6886.532301106242,0.00021209999977145344,97.44450378417969,159.13270568847656,15.1915427,-0.036059818664398335,-0.03287751765401481,-0.002899169921875,3.0,3.010570934268484,2.5032583347756456,0.05263157894736842,0.8315278371181517,0.5,0.3315278371181517,0.0,0.3996210203250057,0.65,0.0,2.689659214852906e-06,0.3470371570497379,0.3291084563136771,0.8872883231573533,0.0,81.7,84.0,2.0,0.41675000000000006,30.0,9.0,79.625,5.5,14.0,-3.5,0.0,1.0,31698,2021-05-31 01:53:25.298592,asset
6886.532899480206,0.00018790000467561185,97.44560241699219,236.35479736328125,15.19154072,0.00439109480339539,-0.007715409269621887,0.00130462646484375,2.0,1.7334834339268836,2.0588138903312014,0.21052631578947367,0.7580967119247712,0.5,0.25809671192477124,0.0,0.7172759157301302,0.65,0.0,1.87561542510679e-06,0.3470325882001174,0.3289648554431147,0.8860502850617442,0.0,73.1,75.0,4.0,1.166625,15.0,-0.20000000000000284,73.5375,5.125,8.0,-1.125,0.0,1.0,31698,2021-08-17 09:47:29.166144,asset
6886.52879548361,0.00018489999638404697,97.44609832763672,300.9574890136719,15.1915543,-0.016950935629211017,-0.0279060885832223,-0.0001983642578125,0.0,2.755057619938308,2.113283334294875,0.05263157894736842,0.8534925881726224,0.5,0.3534925881726224,0.0,0.8907145117051771,0.65,0.0,2.026129897887025e-06,0.3470342736101182,0.32897559539329396,0.8835951829231545,0.0,82.4,81.6,5.0,1.375125,17.0,-1.5999999999999943,79.94999999999999,7.0,12.0,-2.0,0.0,1.0,31698,2021-10-21 22:30:38.378880,asset
6886.511197929821,0.00019789999350905418,97.44499969482422,5.490799903869629,15.19161253,-0.007065602285365458,-0.03667605226746673,0.00029754638671875,1.0,1.4287947340047853,1.7527152789797047,0.10526315789473684,0.7725647908501754,0.5,0.2725647908501754,0.0,0.23869886883758262,0.65,0.0,3.1271696120266703e-06,0.3470329114525277,0.32892617675226354,0.883704839513273,0.0,125.4,121.2,3.0,0.625,95.0,10.100000000000009,128.3875,8.0,14.0,-5.0,0.0,1.0,31698,2021-12-26 10:04:44.052384,asset
6886.5005753839305,0.0001875000016298145,97.44609832763672,57.15729904174805,15.19164768,-0.005720757178096392,-0.06374495618183573,-0.00150299072265625,2.0,1.4657904693384456,1.8799649487271113,0.10526315789473684,0.8055657451653263,0.5,0.3055657451653263,0.0,0.9626457671919589,0.65,0.0,7.91069121940333e-06,0.34703351159488116,0.32898602751389583,0.8840335624720177,0.0,102.9,100.4,9.0,2.083375,87.0,-23.0,112.075,11.125,21.0,-2.125,0.0,1.0,31698,2022-02-16 20:18:39.653856,asset
6886.516791781975,0.00021640000340994447,97.44519805908203,127.07640075683594,15.19159402,-0.03709620057088614,-0.1085217707859556,0.00339508056640625,1.0,1.7187828921272557,1.7527152789797047,0.05263157894736842,0.845071070822196,0.5,0.345071070822196,0.0,1.0,0.65,0.0,7.87920014351622e-06,0.34703470315220664,0.32901809947678856,0.8847936125741873,0.0,132.2,134.1,14.0,2.833375,134.0,-32.20000000000002,153.05,8.375,17.0,5.625,0.0,1.0,31698,2022-04-28 18:37:13.966176,asset
6886.54302954805,0.00017240000306628644,97.44429779052734,207.94200134277344,15.1915072,-0.004418316915689502,-0.010302365561983606,-0.0009002685546875,2.0,2.563716987127796,2.2810361125534238,0.05263157894736842,0.826095441901058,0.5,0.326095441901058,0.0,0.1416220499207249,0.65,0.0,1.4020984086581813e-06,0.34703502834212707,0.32893275541232203,0.8859800164908195,0.0,144.1,148.8,27.0,3.9167500000000004,111.0,-20.80000000000001,162.625,9.5,27.0,17.5,0.0,1.0,31698,2022-07-19 19:17:52.458432,asset
6886.546317597174,0.00019150000298395753,97.4468994140625,287.80029296875,15.19149632,0.0167998347824323,-0.010589478994916135,0.0010986328125,2.0,2.144023910757423,0.9864267287308426,0.05263157894736842,0.7145341580713802,0.5,0.2145341580713802,0.0,0.607113379697265,0.65,0.0,2.2040793257224213e-06,0.34703457978301955,0.32908430377872283,0.8848032442661863,0.0,157.2,156.9,11.0,2.3751249999999997,154.0,9.299999999999983,155.36249999999998,13.625,24.0,-2.625,0.0,1.0,31698,2022-10-08 19:22:01.650720,asset
6886.553380267427,0.00021470000501722097,97.44409942626953,21.152099609375,15.19147295,0.0009519655959593365,-0.0009972976440622006,-0.00029754638671875,5.0,1.7334834339268836,1.4466166676282084,0.3684210526315789,0.7863074996905881,0.5,0.2863074996905881,0.0,3.393725537094517e-10,0.65,0.0,2.822620781125575e-06,0.3470370101808846,0.32920166143969626,0.8906061633173535,0.0,195.1,188.7,7.0,1.91675,168.0,44.099999999999994,177.425,7.5,19.0,-0.5,0.0,1.0,31698,2023-01-11 12:43:46.456320,asset
6886.541977856697,0.0001720000000204891,97.44490051269531,157.41250610351562,15.19151068,0.012707905457318702,0.011018558265277534,-0.00049591064453125,5.0,2.655050539417775,2.503258334775646,0.5263157894736842,0.8404703418455186,0.5,0.3404703418455186,0.0,0.9277234140540038,0.65,0.0,2.972942877715257e-06,0.3470356984249304,0.43497796722328447,0.8943388807880552,0.0,154.4,158.6,3.0,0.75,158.0,-7.099999999999994,155.52499999999998,9.25,20.0,-6.25,0.0,1.0,31698,2023-05-29 18:23:39.437952,asset
6886.545861259239,0.0001931000006152317,97.4457015991211,292.7391052246094,15.19149783,-0.04176581154024461,-0.019625621574050456,0.0,4.0,2.2920717524577876,1.6577427265048892,0.6842105263157895,0.7267867607289497,0.5,0.22678676072894965,0.0,0.0054679216610919274,0.65,0.0,4.715551954315518e-06,0.34703288825525147,0.3288834788745264,0.8904674830144081,0.0,148.2,147.4,6.0,1.4165,111.0,-9.0,157.0625,5.5,13.0,0.5,0.0,1.0,31698,2023-10-14 00:51:47.613600,asset
6886.56975412717,0.0001871999993454665,97.44560241699219,108.60009765625,15.19141877,0.01677277869930549,0.0010607679478198406,-0.0010986328125,5.0,2.7345123817507715,2.4193819456463714,0.42105263157894735,0.6744214518885511,0.5,0.17442145188855107,0.07145745647836843,1.3166750448839814e-22,0.65,0.0,4.745176666819832e-06,0.34703370995210536,0.3864683383051613,0.8926245468184688,0.0,124.4,124.8,9.0,2.041625,56.0,11.600000000000009,119.425,7.875,10.0,1.125,0.0,1.0,31698,2024-04-09 11:21:11.240928,asset
6886.551639530587,0.0001984999980777502,97.44609832763672,268.277099609375,15.19147871,0.003937808620321448,0.05125755820699851,-0.0001983642578125,3.0,2.6100635408770727,2.4193819456463714,0.42105263157894735,0.5623309856462253,0.5,0.0623309856462253,0.0,4.7449603164187094e-08,0.65,0.0,5.145423947587681e-06,0.3470342009225932,0.33535386436594256,0.892520241845873,0.0,163.3,164.8,11.0,2.3335,102.0,-43.69999999999999,179.63750000000002,31.375,71.0,-20.375,1.0,1.0,31698,2024-09-18 10:38:12.061824,asset
6886.526281108745,0.00018519999866839498,97.44609832763672,100.5604019165039,15.19156262,0.007784876854202594,0.011227018417230283,-0.00060272216796875,6.0,3.010570934268484,2.5032583347756456,0.6842105263157895,0.7529460030932288,0.5,0.2529460030932288,0.0,0.00021675175304399405,0.65,0.0,4.320846272674751e-06,0.34703388281096337,0.39831225569230727,0.8929425238631887,0.0,181.9,181.7,5.0,1.166625,160.0,25.80000000000001,162.8625,15.0,40.0,-10.0,1.0,1.0,31698,2025-04-01 13:04:42.283776,asset
6886.550128475194,0.00019289999909233302,97.4457015991211,320.4256896972656,15.19148371,-0.00012692862128460547,0.028304936438871664,-0.00139617919921875,5.0,2.7550576199383077,2.7254805569978675,0.2631578947368421,0.805977613743389,0.5,0.30597761374338905,0.0,0.0005477416933190375,0.65,0.0,2.409460771100624e-06,0.3470345447435319,0.4034204091403806,0.8926127388801616,0.0,180.3,176.8,14.0,2.666625,151.0,47.30000000000001,162.125,22.5,43.0,-8.5,1.0,1.0,31698,2025-11-10 13:47:58.154496,asset
6886.556749926069,0.0001812999980757013,97.44629669189453,98.37259674072266,15.1914618,5.439810865937034e-05,0.007860515678657976,-0.0005035400390625,4.0,2.4148263859009313,2.503258334775646,0.3157894736842105,0.8113196565915427,0.5,0.3113196565915427,0.012889688991417958,0.07237731343459967,0.65,0.0,1.505882639812056e-06,0.3470347296284194,0.341433136230204,0.8909890372250722,0.0,151.8,151.4,10.0,2.333375,132.0,27.500000000000014,146.60000000000002,13.5,31.0,-3.5,1.0,1.0,31698,2026-03-30 13:04:47.512704,asset
6886.529472431081,0.00019869999960064888,97.44650268554688,101.29509735107422,15.19155206,-0.0005046886244599591,0.0013236739177955315,0.0,5.0,2.3715335947907845,1.7527152789797051,0.2631578947368421,0.8491144118842252,0.5,0.3491144118842252,0.0,3.612934772378966e-17,0.65,0.0,2.6174764678142983e-06,0.3470351378374683,0.3564945182658354,0.8919932618301161,0.0,140.3,140.2,43.0,4.708375,133.0,-11.899999999999977,150.38750000000002,13.0,43.0,30.0,1.0,1.0,31698,2026-04-02 12:13:03.395712,asset
6886.551763437165,0.00017769999976735562,97.44629669189453,102.2666015625,15.1914783,-0.004986488903341524,0.004602672351211368,-0.00020599365234375,4.0,2.5497873815230383,2.2810361125534238,0.21052631578947367,0.8352080320808265,0.5,0.3352080320808265,0.0,0.9910460838715524,0.65,0.0,1.3033575895348847e-06,0.34703457112136316,0.3291823949688929,0.8912302510729366,0.0,135.8,135.8,46.0,4.708375,120.0,-20.599999999999994,148.33750000000003,17.75,46.0,28.25,1.0,1.0,31698,2026-04-03 11:55:48.658080,asset
6886.531409589719,0.0001880000054370612,97.4468994140625,104.2156982421875,15.19154565,0.0019371586386114359,-0.0005016668892494636,0.00049591064453125,4.0,2.499544305608132,1.8910611120726528,0.2631578947368421,0.7816007474393973,0.5,0.28160074743939734,0.0,0.3084981539017908,0.65,0.0,1.803422055241884e-06,0.3470346886634257,0.32920302718360095,0.8921195156597006,0.0,118.0,118.1,12.0,2.45825,89.0,-39.900000000000006,139.32500000000002,19.125,46.0,-7.125,1.0,1.0,31698,2026-04-05 11:21:19.198368,asset
6886.55911322275,0.00020209999638609588,97.44640350341797,106.2301025390625,15.19145398,0.007349785584665369,0.02990371325176966,0.0001068115234375,2.0,2.5842622253153325,2.0588138903312014,0.3684210526315789,0.829450875699356,0.5,0.32945087569935605,0.0,0.02713998194289826,0.65,0.0,2.391910863784983e-06,0.34703516605528906,0.3364216588640142,0.8926373645919258,0.0,108.9,109.1,8.0,1.83325,89.0,-31.900000000000006,128.775,18.25,46.0,-10.25,1.0,1.0,31698,2026-04-07 12:21:41.300640,asset
6886.539291210203,0.00020389999554026872,97.44629669189453,110.12590026855469,15.19151957,0.007881620484113228,0.000961027017183369,-0.00080108642578125,3.0,2.5842622253153325,1.7527152789797047,0.2631578947368421,0.8499699895826028,0.5,0.34996998958260284,0.0,0.16511932386294637,0.65,0.0,1.7296987275767056e-06,0.3470350843087904,0.3404477525263899,0.8910601948262149,0.0,93.3,93.7,12.0,2.41675,39.0,-34.8,107.9375,10.5,17.0,1.5,0.0,1.0,31698,2026-04-11 11:12:42.649920,asset
6886.535861131032,0.00016729999333620071,97.4458999633789,112.1364974975586,15.19153092,-0.023252091717949952,-0.0027289525087326183,-0.0009002685546875,4.0,2.0750742231728343,1.4466166676282084,0.21052631578947367,0.8096273468969568,0.5,0.3096273468969568,0.0,0.3912806057219753,0.65,0.0,1.7108285211271439e-06,0.34703652245860994,0.3292494296886313,0.8897223586833264,0.0,98.7,99.2,3.0,0.66675,53.0,-17.700000000000003,101.86250000000001,8.5,17.0,-5.5,0.0,1.0,31698,2026-04-13 12:13:03.921024,asset
6886.53753234969,0.00018289999570697546,97.44519805908203,114.02040100097656,15.19152539,-0.0017588605132914381,-0.004430396501447831,-0.0010986328125,5.0,1.8240460500219926,2.4193819456463714,0.2631578947368421,0.8593678576322191,0.5,0.3593678576322191,0.0,2.976283415931694e-22,0.65,0.0,1.4659546171130656e-06,0.34703428734598807,0.32925238277785074,0.8887261457516652,0.0,104.8,105.5,4.0,1.041625,49.0,-3.6000000000000085,99.4125,7.25,17.0,-3.25,0.0,1.0,31698,2026-04-15 10:03:43.321824,asset
6886.551482380787,0.00018529999942984432,97.44609832763672,117.07279968261719,15.19147923,0.01562124975498591,-0.0002810563782986719,-0.0001983642578125,5.0,1.8895782867502313,1.6577427265048887,0.21052631578947367,0.8759770174349196,0.5,0.3759770174349196,0.0,0.9969496850600551,0.65,0.0,1.477797828520689e-06,0.34703357195825224,0.32925025764261906,0.8897979702475626,0.0,105.1,106.0,33.0,4.20825,41.0,11.799999999999997,102.0875,8.375,33.0,24.625,1.0,1.0,31698,2026-04-18 12:21:41.471712,asset
6886.549644937643,0.0001832999987527728,97.44599914550781,118.04609680175781,15.19148531,0.012112587953197362,0.008428650296991691,0.00060272216796875,3.0,1.7732143550933819,1.4466166676282084,0.05263157894736842,0.8493151053924072,0.5,0.3493151053924072,0.0,0.4704380745775853,0.65,0.0,1.5201516292668006e-06,0.3470347188358276,0.3292439558722117,0.8902463791007931,0.0,104.5,105.4,21.0,3.208125,36.0,5.700000000000003,103.4875,9.5,33.0,11.5,1.0,1.0,31698,2026-04-19 12:04:26.896512,asset
6886.546628874085,0.00018109999655280262,97.44529724121094,119.99369812011719,15.19149529,-0.004853506701692822,-0.012484348664656864,-0.00110626220703125,4.0,1.4657904693384456,1.7527152789797047,0.05263157894736842,0.8488754300738468,0.5,0.3488754300738468,0.0,0.5497239058924791,0.65,0.0,1.6882241892631557e-06,0.3470365576171055,0.3292480267229498,0.8893903964758163,0.0,112.3,113.5,20.0,3.208375,50.0,11.399999999999991,105.975,13.625,33.0,6.375,1.0,1.0,31698,2026-04-21 11:29:57.671808,asset
6886.539140105305,0.00017410000145900995,97.44509887695312,122.97959899902344,15.19152007,-0.010504832338483538,-0.0031248510031218757,-0.00119781494140625,2.0,1.7832474385325103,1.7527152789797047,0.05263157894736842,0.8414073789590355,0.5,0.3414073789590355,0.0,0.7842855632266958,0.65,0.0,1.047297708093087e-06,0.3470355058418062,0.3292491428526649,0.8889505373900837,0.0,146.3,148.0,8.0,1.916625,94.0,39.20000000000002,115.5625,14.75,33.0,-6.75,1.0,1.0,31698,2026-04-24 12:13:04.410048,asset
6886.551007909331,0.00016140000661835074,97.44529724121094,124.92970275878906,15.1914808,0.004379035245619889,0.01413437652081484,-0.0009002685546875,2.0,1.9990298316961879,1.2243944454059863,0.05263157894736842,0.7627938251364004,0.5,0.26279382513640037,0.0,0.5606827499669577,0.65,0.0,1.4387446857816755e-06,0.34703461679039227,0.3292498213897542,0.8901887089167585,0.0,156.3,158.3,11.0,2.4165,115.0,51.80000000000001,127.12500000000001,12.75,23.0,-1.75,0.0,1.0,31698,2026-04-26 11:38:34.857888,asset
6886.541198154745,0.00018590000399854034,97.44529724121094,126.74720001220703,15.19151326,0.0020580494401656324,0.005010637507439242,-0.00020599365234375,2.0,1.7334834339268836,2.1971597234241496,0.05263157894736842,0.9023701036783267,0.5,0.4023701036783267,0.0,0.07638605992801555,0.65,0.0,1.4885532200158274e-06,0.34703417608170994,0.3292477427791059,0.8892309699229524,0.0,149.4,151.4,2.0,0.458375,128.0,37.10000000000001,137.4,8.25,20.0,-6.25,0.0,1.0,31698,2026-04-28 07:54:23.506272,asset
6886.555616632343,0.00017250000382773578,97.4448013305664,129.73370361328125,15.19146555,0.004608723012097471,-0.0010728513825597474,-0.00139617919921875,2.0,1.8282344370732126,2.1971597234241496,0.10526315789473684,0.8025909077891026,0.5,0.3025909077891026,0.0,1.0,0.65,0.0,1.6836154771694273e-06,0.3470342706805808,0.3292453488114579,0.8891551512316278,0.0,144.8,147.0,13.0,2.3748750000000003,157.0,-1.5,146.75,8.25,14.0,4.75,0.0,1.0,31698,2026-05-01 08:37:30.222912,asset
6886.5599805712745,0.00019219999376218766,97.4448013305664,134.73300170898438,15.19145111,0.01878241652957513,0.010335633631257224,-0.00119781494140625,2.0,1.888510596427247,2.113283334294875,0.15789473684210525,0.8710636760879867,0.5,0.37106367608798674,0.950212931632136,0.29832523622011164,0.65,0.0,1.466387313452226e-06,0.34703553386123465,0.32924236406559565,0.8917716998842541,0.0,120.0,122.2,2.0,0.416625,104.0,-23.099999999999994,139.83749999999998,10.0,23.0,-8.0,0.0,1.0,31698,2026-05-06 10:20:58.644384,asset
6886.553782208555,0.00018449999333824962,97.44539642333984,136.68020629882812,15.19147162,-0.001834423787840933,0.00566343574973871,-0.00040435791015625,4.0,1.930080144111599,2.113283334294875,0.15789473684210525,0.8866615759826362,0.5,0.3866615759826362,0.0,0.03721705228900275,0.65,0.0,1.3555798026440089e-06,0.3470353305538103,0.3292331386520255,0.8906621162546555,0.0,119.5,121.8,12.0,2.58325,75.0,-25.30000000000001,133.5375,10.25,23.0,1.75,0.0,1.0,31698,2026-05-08 09:46:29.496576,asset
6886.551370562666,0.0001829999964684248,97.44539642333984,137.58909606933594,15.1914796,-0.008610008608229691,0.011172722892297315,9.918212890625e-05,4.0,1.888510596427247,1.6577427265048887,0.21052631578947367,0.8758081969895323,0.5,0.3758081969895323,0.0,0.0002438782172464312,0.65,0.0,1.4363320858895516e-06,0.3470338870481571,0.32924218308193703,0.8907718914675102,0.0,119.5,121.8,4.0,1.083375,90.0,-39.19999999999999,130.375,9.125,23.0,-5.125,0.0,1.0,31698,2026-05-09 07:54:23.896800,asset
6886.546737669908,0.00018180000188294798,97.44509887695312,139.66639709472656,15.19149493,-0.007044538647278387,0.011864763536323153,9.918212890625e-05,4.0,1.8240460500219926,1.6577427265048887,0.21052631578947367,0.8505385976189074,0.5,0.3505385976189074,0.0,0.42759849352759627,0.65,0.0,1.8229517805831123e-06,0.34703540099867636,0.32923718285315645,0.8912755350762201,0.0,116.0,118.3,4.0,1.166625,79.0,-22.0,122.8375,8.375,23.0,-4.375,0.0,1.0,31698,2026-05-11 10:29:36.679776,asset
6886.54288448715,0.00018259999342262745,97.44629669189453,141.55099487304688,15.19150768,-0.008486075515975244,-0.006122785477600701,0.0010986328125,2.0,2.0784916740291846,1.7527152789797047,0.2631578947368421,0.888636619050137,0.5,0.388636619050137,0.0,0.06181691514145586,0.65,0.0,1.420089518927857e-06,0.34703445465984006,0.32924905618373873,0.8897016405563358,0.0,103.2,105.4,10.0,1.999875,63.0,-16.799999999999997,116.45,5.75,12.0,4.25,0.0,1.0,31698,2026-05-13 08:20:16.096992,asset
6886.539363740559,0.00018319999799132347,97.44670104980469,144.53460693359375,15.19151933,-0.007373929349341779,-0.0162528917844611,0.00189971923828125,0.0,1.6107845483996805,2.113283334294875,0.15789473684210525,0.8334309744991049,0.5,0.33343097449910486,0.0,0.09585018107161342,0.65,0.0,1.8999630785358247e-06,0.3470344977901989,0.3292499582016359,0.8892568748094605,0.0,109.0,111.5,32.0,4.125125000000001,57.0,-10.5,111.5,11.875,33.0,20.125,1.0,1.0,31698,2026-05-16 09:03:22.969152,asset
6886.540687419865,0.00016110000433400273,97.44599914550781,146.54840087890625,15.19151495,-0.0021970672851239215,0.01123916548294801,0.001800537109375,3.0,1.634064972420055,1.879964948727111,0.05263157894736842,0.8260101296028859,0.5,0.3260101296028859,0.0,2.6888450925437695e-19,0.65,0.0,2.2168120588317864e-06,0.3470338580772827,0.32924727707077317,0.8878559985333528,0.0,105.3,107.7,8.0,2.16675,80.0,-10.700000000000003,106.975,12.75,33.0,-4.75,1.0,1.0,31698,2026-05-18 10:03:44.447616,asset
6886.542322376234,0.00018649999401532114,97.44599914550781,148.56210327148438,15.19150954,0.0029586356749859988,-0.011852707164507592,0.001800537109375,4.0,2.0750742231728343,2.2810361125534238,0.05263157894736842,0.7930234062070944,0.5,0.29302340620709444,0.0,0.48671492851204734,0.65,0.0,1.283831179229426e-06,0.34703447329506143,0.3292467515730314,0.8884804652442516,0.0,114.0,116.7,7.0,1.666625,66.0,10.799999999999997,106.0375,14.75,33.0,-7.75,1.0,1.0,31698,2026-05-20 11:04:06.028032,asset
6886.5360847660195,0.00016039999900385737,97.44560241699219,151.4185028076172,15.19153018,-0.004602653845722671,-0.015285796646821836,0.00020599365234375,4.0,2.2200683022340693,2.2810361125534238,0.05263157894736842,0.7308810708271816,0.5,0.23088107082718157,0.0,0.9952800676497477,0.65,0.0,1.1098301825782772e-06,0.3470348096563328,0.32923822724314933,0.8896711353844918,0.0,137.1,140.6,2.0,0.29150000000000004,118.0,28.099999999999994,114.63749999999999,10.25,32.0,-8.25,1.0,1.0,31698,2026-05-23 08:37:30.520992,asset
6886.548405873056,0.000192299994523637,97.44560241699219,153.3686065673828,15.19148941,0.006083496822611778,-0.0006678859645035118,0.00060272216796875,2.0,2.3134597501718246,2.1971597234241496,0.05263157894736842,0.7781529540572286,0.5,0.2781529540572286,0.0,0.9848348832343476,0.65,0.0,9.430702508415345e-07,0.34703488981302044,0.32924359610642856,0.890706692313054,0.0,139.0,142.6,8.0,1.9585,110.0,33.7,122.02499999999999,7.0,16.0,1.0,0.0,1.0,31698,2026-05-25 08:03:01.275552,asset
6886.547381378612,0.0001731999946059659,97.44529724121094,157.45809936523438,15.1914928,0.01129661259255954,0.010888629796681926,0.0005950927734375,1.0,2.2200683022340697,2.5032583347756456,0.05263157894736842,0.766149559257286,0.5,0.266149559257286,0.0,0.7642901911843619,0.65,0.0,1.2590381812847441e-06,0.3470345976055176,0.3292348698871435,0.890649743093444,0.0,148.1,152.1,14.0,2.791625,138.0,23.69999999999999,138.6,7.625,14.0,6.375,0.0,1.0,31698,2026-05-29 11:38:35.486016,asset
6886.549076781129,0.00017600000137463212,97.44519805908203,159.4044952392578,15.19148719,0.000670908072606835,0.009305057290475816,-0.00060272216796875,3.0,2.3908636968570445,2.9477027792200907,0.05263157894736842,0.8296049472468926,0.5,0.3296049472468926,0.0,0.0042350586678966086,0.65,0.0,1.0209665479636187e-06,0.347035815854435,0.32923970303024236,0.8897012872751674,0.0,135.6,139.3,9.0,2.20825,113.0,2.799999999999983,140.5625,9.625,14.0,-0.625,0.0,1.0,31698,2026-05-31 11:04:06.081600,asset
6886.548484447868,0.00016199999663513154,97.44529724121094,163.5605010986328,15.19148915,0.001103069255805167,0.007736586010651081,-0.00030517578125,6.0,2.458453829233059,2.6416041678685938,0.05263157894736842,0.744336691009668,0.5,0.24433669100966804,0.0,0.5172300168991121,0.65,0.0,9.500935882113851e-07,0.34703546670022434,0.32924859237540827,0.890386458968575,0.0,147.9,152.2,5.0,1.29175,127.0,3.0,142.8625,9.5,14.0,-4.5,0.0,1.0,31698,2026-06-04 16:14:31.232832,asset
6886.539115928521,0.00018069999350700527,97.4446029663086,165.3144989013672,15.19152015,-0.009960852607946435,-0.0006406848251572228,-0.00119781494140625,7.0,2.523986065961298,2.0588138903312014,0.05263157894736842,0.8034424034676609,0.5,0.30344240346766094,0.0,0.16658751729295984,0.65,0.0,1.0220636523468634e-06,0.3470344394889431,0.3292423639977681,0.890822607751014,0.0,137.9,141.9,21.0,3.333375,131.0,-3.6999999999999886,141.03750000000002,12.875,32.0,8.125,1.0,1.0,31698,2026-06-06 10:55:28.836768,asset
6886.547163786921,0.00017020000086631626,97.44499969482422,167.3291015625,15.19149352,-0.0013206609464759822,0.00896053180713352,-0.000701904296875,7.0,2.647592147308497,1.879964948727111,0.05263157894736842,0.8389891637095447,0.5,0.3389891637095447,0.0,0.015667746529055383,0.65,0.0,1.1348459884859708e-06,0.3470350039551149,0.329245013615919,0.8915107963241563,0.0,130.7,134.7,7.0,1.9165,132.0,-1.200000000000017,139.5,11.875,32.0,-4.875,1.0,1.0,31698,2026-06-08 11:55:50.528640,asset
6886.554873191913,0.00016310000501107424,97.4448013305664,172.06689453125,15.19146801,0.015757263392515597,0.0064673188571759965,-0.00080108642578125,5.0,2.4584538292330596,2.2810361125534238,0.05263157894736842,0.7443109472657053,0.5,0.24431094726570535,0.7409129485097407,0.0258290335075817,0.65,0.0,1.0762581840662385e-06,0.3470340805328117,0.32924152381671773,0.8911516337022347,0.0,121.5,125.3,12.0,2.66675,48.0,-16.400000000000006,129.1875,11.625,21.0,0.375,0.0,1.0,31698,2026-06-13 07:19:54.723936,asset
6886.550624101272,0.00018000000272877514,97.44609832763672,173.30099487304688,15.19148207,0.0034603143503773026,-0.0032094832213260815,0.00080108642578125,5.0,2.285600538962308,2.0588138903312014,0.15789473684210525,0.701798340762166,0.5,0.20179834076216596,0.0,0.0028550582206281305,0.65,0.0,1.4703382129138624e-06,0.34703517805610007,0.3292485949479618,0.8928687876166264,0.0,127.6,131.6,6.0,1.541625,59.0,-6.599999999999994,127.9,9.75,16.0,-3.75,0.0,1.0,31698,2026-06-14 13:22:04.241856,asset
6886.544020797741,0.000155999994603917,97.44519805908203,176.28660583496094,15.19150392,-0.010852394172616187,0.006035133592376951,-0.00060272216796875,5.0,2.144023910757423,1.6577427265048887,0.15789473684210525,0.8350758381065136,0.5,0.33507583810651365,0.0,0.8907422639592242,0.65,0.0,1.226125336649447e-06,0.34703415634348866,0.32924453587072844,0.892145336438379,0.0,111.0,114.1,6.0,1.4165,53.0,-13.0,121.22500000000001,8.5,16.0,-2.5,0.0,1.0,31698,2026-06-17 14:05:11.304960,asset
6886.548816879785,0.0001593000051798299,97.44499969482422,182.0655059814453,15.19148805,-0.00180722148706991,0.0013811032467856421,-0.00080108642578125,4.0,2.2200683022340693,1.8910611120726528,0.21052631578947367,0.8026632832619436,0.5,0.3026632832619436,0.0,0.37967492683217374,0.65,0.0,1.0058240915486785e-06,0.3470352614739758,0.371473408732697,0.8913456004471849,0.0,135.0,134.7,6.0,1.4166249999999998,76.0,22.0,116.25,5.5,6.0,0.5,0.0,1.0,31698,2026-06-23 10:46:51.723264,asset
6886.552676115066,0.0001736999984132126,97.44539642333984,186.09100341796875,15.19147528,0.00865531732506497,0.013560186544964381,0.00079345703125,4.0,2.057946435841648,2.281036112553424,0.21052631578947367,0.7373134195461681,0.5,0.23731341954616814,0.0,0.8601926042141732,0.65,0.0,1.144061923609452e-06,0.3470340563198132,0.3574424405514206,0.8930190892125023,0.0,187.0,194.1,6.0,1.54175,112.0,74.0,141.375,9.25,24.0,-3.25,0.0,1.0,31698,2026-06-27 12:47:34.912608,asset
6886.546187646627,0.00018269999418407679,97.44529724121094,188.04119873046875,15.19149675,-0.0026292331576769357,-0.000976140294369543,0.00029754638671875,3.0,1.9248240667373948,2.281036112553424,0.15789473684210525,0.74104201353565,0.5,0.24104201353565002,0.0,0.021350420854060907,0.65,0.0,1.0501469000487946e-06,0.3470339925282482,0.3564491489888109,0.8930793783484743,0.0,200.0,201.9,3.0,0.541625,125.0,78.0,161.375,8.875,24.0,-5.875,0.0,1.0,31698,2026-06-29 12:13:05.733696,asset
6886.5514763365645,0.000182400006451644,97.44550323486328,192.585205078125,15.19147925,-0.0011997785013591056,0.017893863695462642,0.00030517578125,4.0,2.437065831519023,2.281036112553424,0.05263157894736842,0.7923770258160218,0.5,0.29237702581602176,0.0,0.567332423129507,0.65,0.0,1.5458214450533549e-06,0.3470342240547991,0.3665003320916657,0.8915803330603279,0.0,163.0,166.0,77.0,5.70825,99.0,-24.0,192.5,16.375,77.0,60.625,1.0,1.0,31698,2026-07-04 02:52:37.366752,asset
6886.533159380049,0.00018780000391416252,97.44609832763672,195.89720153808594,15.19153986,-0.013028266577748582,-0.017464721222495427,0.0,2.0,2.437065831519023,2.5032583347756456,0.05263157894736842,0.8300524508455563,0.5,0.33005245084555634,0.0,0.6731155657786616,0.65,0.0,1.3013837919846528e-06,0.3470352045631021,0.38550845198251876,0.8941556911514347,0.0,113.0,114.1,3.0,0.7498750000000001,59.0,-90.0,167.75,17.875,77.0,-14.875,1.0,1.0,31698,2026-07-07 11:29:59.023968,asset
6886.546169513994,0.00016500000492669642,97.44609832763672,207.71359252929688,15.19149681,-0.00530682257067383,0.0021487162530320347,0.0009002685546875,2.0,2.5650765423363704,2.5032583347756456,0.05263157894736842,0.7880324828608728,0.5,0.2880324828608728,0.0,0.027001509596716433,0.65,0.0,8.219493081954678e-07,0.34703369657225946,0.5219154367966092,0.8932395746764832,0.0,120.0,123.2,2.0,0.45825,46.0,13.0,106.25,7.125,16.0,-5.125,0.0,1.0,31698,2026-07-19 11:12:45.154656,asset
6886.548526757382,0.00018089999502990395,97.4457015991211,209.66229248046875,15.19148901,0.015367377332950127,0.012641449595321319,0.0005035400390625,2.0,2.694781460584273,2.2810361125534238,0.05263157894736842,0.7819844402909185,0.5,0.2819844402909185,0.0,0.4839126485584283,0.65,0.0,1.2191032855003344e-06,0.34703385386244545,0.4760165230567009,0.8902263781347679,0.0,154.0,153.8,14.0,2.8335,95.0,54.0,117.25,6.375,14.0,7.625,0.0,1.0,31698,2026-07-21 10:38:16.050048,asset
6886.527003386866,0.00017942,97.4468,213.624,15.19156023,-0.01916612712739152,-0.005696635337699263,0.0018003051757773392,3.0,2.5497873815230383,2.0588138903312014,0.05263157894736842,0.836177289711903,0.5,0.33617728971190297,0.0,0.038853132386830025,0.65,0.0,1.4503727233501918e-06,0.34703529255934373,0.4758697289428507,0.8893412459358654,0.0,144.0,149.2,6.0,1.3751250000000002,103.0,34.0,139.875,8.625,24.0,-2.625,0.0,1.0,31698,2026-07-25 11:04:07.684320,asset
7226.806108073517,0.0011585999745875597,98.61160278320312,22.229900360107422,14.13133388,-0.0013364667356654536,-0.0034809516409950447,9.918212890625e-05,0.0,3.1158340921632206,2.9477027792200907,0.05263157894736842,0.8543189580679019,0.5,0.3543189580679019,0.0,0.4778424655671227,0.65,0.0,2.4083601599633974e-07,0.3470348559284695,0.32873753498410824,0.887301471035421,0.0,70.8,68.5,9.0,2.083375,16.0,1.2999999999999972,69.925,4.375,9.0,4.625,0.0,1.0,35951,2018-01-09 21:55:47.502336,asset
7226.750815713272,0.0010954999597743154,98.61070251464844,157.96290588378906,14.13149606,0.00035456592286209343,-3.409287273825612e-06,0.0005035400390625,2.0,2.5842622253153325,2.5032583347756456,0.05263157894736842,0.7029082279744407,0.5,0.20290822797444075,0.0,3.9728707297550135e-08,0.65,0.0,3.585371500046713e-08,0.347034886611717,0.3288027731541916,0.8871930998656902,0.0,75.3,77.3,4.0,0.833375,21.0,2.200000000000003,74.6375,3.875,8.0,0.125,0.0,1.0,35951,2018-05-30 22:55:47.209728,asset
7226.724001788164,0.0010038999607786536,98.61360168457031,309.9945983886719,14.13157471,-0.0011489195994727197,-0.003514945375172829,9.918212890625e-05,0.0,2.9708400131019856,2.4193819456463714,0.05263157894736842,0.858869501542582,0.5,0.358869501542582,0.0,0.004046333119605101,0.65,0.0,2.431906970550255e-07,0.34703482791947793,0.3292590938121929,0.8868302738234856,0.0,66.6,65.5,16.0,2.0835,0.0,-1.7000000000000028,67.58749999999999,4.625,16.0,11.375,0.0,1.0,35951,2018-11-04 22:02:14.155296,asset
7226.651760550013,0.001015600049868226,98.61900329589844,78.06880187988281,14.13178661,-0.00204209420553525,-0.00422055689523404,0.00040435791015625,0.0,2.9258530145612833,2.4193819456463714,0.05263157894736842,0.8633529669993357,0.5,0.3633529669993357,0.0,1.0,0.65,0.0,2.920131745854799e-07,0.3470348290865827,0.32900320120104254,0.8869927590508218,0.0,69.3,68.6,15.0,2.5001249999999997,0.0,-1.7999999999999972,70.1875,7.0,15.0,8.0,0.0,1.0,35951,2019-03-17 22:57:25.202880,asset
7226.54261458891,0.0010300000431016088,98.62090301513672,205.22439575195312,14.13210677,-0.00324541015925206,-0.008733979748285492,0.0005035400390625,0.0,2.675595777605311,2.4193819456463714,0.05263157894736842,0.8708317548855126,0.5,0.37083175488551257,0.0,0.28300198156499456,0.65,0.0,6.042980921980308e-07,0.34703473272817464,0.32868096599957636,0.8876575937386546,0.0,66.7,68.7,4.0,0.958125,0.0,-0.29999999999999716,67.4625,4.25,8.0,-0.25,0.0,1.0,35951,2019-07-27 22:19:56.509824,asset
7226.459585145408,0.0011080000549554825,98.6312026977539,341.1372985839844,14.13235033,-0.0014488017559415312,-0.006030429024576733,0.00030517578125,2.0,1.8895782867502313,1.4466166676282084,0.05263157894736842,0.8605149106793376,0.5,0.3605149106793376,0.0,0.004995556168746244,0.65,0.0,4.172461756116652e-07,0.3470350048815156,0.32898844784223863,0.8877297145721843,0.0,71.0,68.8,4.0,1.124875,0.0,-0.5999999999999943,70.53750000000001,3.375,5.0,0.625,0.0,1.0,35951,2019-12-15 21:26:18.063168,asset
7226.382789464969,0.0010685999877750874,98.6426010131836,94.98390197753906,14.13257561,-0.0015373935102616088,-0.00475535508030589,0.00060272216796875,0.0,3.010570934268484,2.7254805569978675,0.05263157894736842,0.823567365477903,0.5,0.323567365477903,0.0,0.08708232005622446,0.65,0.0,3.2902718195583377e-07,0.34703477838543995,0.32921588513035005,0.8856113517413499,0.0,70.6,70.9,7.0,1.625,0.0,0.5,70.2,5.0,13.0,2.0,0.0,1.0,35951,2020-04-11 20:15:26.289792,asset
7226.2841218733,0.0009785000002011657,98.64579772949219,194.6602020263672,14.13286506,-0.002611094123494695,-0.007178810143159353,0.00049591064453125,0.0,2.629249223856035,2.725480556997868,0.05263157894736842,0.8265955436094389,0.5,0.3265955436094389,0.0,0.37141759443341105,0.65,0.0,4.967148173386657e-07,0.3470347707611736,0.3293159932136409,0.8859334648645345,0.0,70.3,72.5,2.0,0.499875,11.0,1.5999999999999943,69.225,3.125,4.0,-1.125,0.0,1.0,35951,2020-07-23 23:54:18.617184,asset
7226.217031879915,0.0011403999524191022,98.65679931640625,282.2278137207031,14.13306188,-0.0008896599811123451,-0.002910995746788103,0.00060272216796875,0.0,3.2210972500579573,2.7254805569978675,0.05263157894736842,0.8509617938264787,0.5,0.35096179382647874,0.0,0.5787554845238736,0.65,0.0,2.0212656412927907e-07,0.34703484020895703,0.32923621841759704,0.8835908299228455,0.0,74.9,74.2,5.0,1.0831250000000001,12.0,1.1000000000000085,74.525,4.25,8.0,0.75,0.0,1.0,35951,2020-10-22 13:04:00.720192,asset
7226.165319585787,0.001101900008507073,98.66280364990234,345.6791076660156,14.13321359,-0.0006612679753743578,-0.0031734059457448893,0.0001068115234375,0.0,2.6550505394177746,2.5032583347756456,0.05263157894736842,0.8287117622363329,0.5,0.3287117622363329,0.0,0.5194257965081677,0.65,0.0,2.1957738020656157e-07,0.34703484489927006,0.3293786149054341,0.8830547145833612,0.0,87.8,84.9,5.0,1.375125,33.0,4.0,85.8,7.625,13.0,-2.625,0.0,1.0,35951,2020-12-27 02:25:26.230656,asset
7226.119007343579,0.0011354000307619572,98.67060089111328,44.23830032348633,14.13334946,-0.001755400081492553,-0.004499280013988027,0.00060272216796875,0.0,2.2920717524577876,2.2810361125534233,0.05263157894736842,0.8897065137865325,0.5,0.38970651378653254,0.0,0.8759646449302765,0.65,0.0,3.1132049653395275e-07,0.34703481413147363,0.3291397245112598,0.8837873593173374,0.0,78.7,77.1,14.0,2.7085,34.0,6.5,74.7625,15.25,21.0,-1.25,0.0,1.0,35951,2021-02-25 13:25:53.483520,asset
7226.067279760724,0.001077400054782629,98.67790222167969,102.79419708251953,14.13350122,-0.001329308212007163,-0.004771878478095459,0.00040435791015625,0.0,2.8258459340407502,2.197159723424149,0.05263157894736842,0.8429493170322587,0.5,0.3429493170322587,0.0,0.7678712106085143,0.65,0.0,3.301848661374056e-07,0.34703482036465727,0.32929462003553134,0.88338896017771,0.0,78.2,79.2,12.0,2.125125,50.0,-2.200000000000003,78.25,11.25,18.0,0.75,0.0,1.0,35951,2021-04-26 22:43:31.315872,asset
7225.9892231727,0.0011282999766990542,98.6801986694336,167.9154052734375,14.13373023,-0.0016326191607731744,-0.004942169387504691,9.918212890625e-05,0.0,2.8205898566665466,2.1971597234241496,0.05263157894736842,0.8790715459535172,0.5,0.3790715459535172,0.0,0.37056657220760053,0.65,0.0,3.419716454849481e-07,0.3470347973713862,0.32920382479010185,0.8834320973963992,0.0,93.7,96.8,3.0,0.833375,60.0,11.299999999999997,90.9125,4.75,13.0,-1.75,0.0,1.0,35951,2021-07-03 01:24:26.694720,asset
7225.91943041807,0.001101000001654029,98.68699645996094,229.9759979248047,14.133935,-0.001745053950799047,-0.004570543927002291,0.00069427490234375,0.0,3.155565013329719,2.9477027792200907,0.05263157894736842,0.7923648777477981,0.5,0.29236487774779807,0.0,0.7710557149266666,0.65,0.0,3.162602213841327e-07,0.34703481312622886,0.3293491563088659,0.8837510581816272,0.0,86.5,88.0,4.0,1.1252499999999999,71.0,-3.4000000000000057,86.73750000000001,6.5,14.0,-2.5,0.0,1.0,35951,2021-09-04 23:36:32.734080,asset
7225.862529285,0.0011307999957352877,98.6968994140625,291.681884765625,14.13410195,-0.001557566268274968,-0.0037183926351644914,0.00049591064453125,0.0,1.0582770432263342,2.6416041678685938,0.05263157894736842,0.8111193739154198,0.5,0.3111193739154198,0.0,0.37543473763106777,0.65,0.0,3.2828407147642784e-07,0.3470348408572338,0.32922669730943294,0.8829386736644457,0.0,89.9,88.2,5.0,0.8331250000000001,30.0,-11.799999999999997,93.525,20.375,72.0,-15.375,1.0,1.0,35951,2021-11-07 11:35:49.576416,asset
7225.802909551106,0.001069999998435378,98.70339965820312,347.1011962890625,14.13427688,-0.0019119840399071109,-0.005258811198473268,0.000396728515625,0.0,2.649794462043571,2.197159723424149,0.05263157894736842,0.8260669387320855,0.5,0.3260669387320855,0.0,9.122254625920943e-19,0.65,0.0,3.63890933348666e-07,0.3470348019668308,0.3293717626479916,0.8831527449047925,0.0,84.0,81.3,12.0,2.416625,10.0,-39.900000000000006,103.325,8.375,12.0,3.625,0.0,1.0,35951,2022-01-03 11:15:43.194816,asset
7225.723404853247,0.0011839000508189201,98.71189880371094,43.323299407958984,14.13451016,-0.0021948019821138587,-0.005749430469222716,0.000701904296875,0.0,2.437065831519023,2.197159723424149,0.05263157894736842,0.8896195764471142,0.5,0.3896195764471142,0.0,1.0,0.65,0.0,3.978443898156666e-07,0.3470347949154914,0.3293971324946832,0.8830057740158312,0.0,109.5,107.6,3.0,0.791875,78.0,14.0,98.15,6.125,11.0,-3.125,0.0,1.0,35951,2022-03-02 05:35:44.489184,asset
7225.607754097182,0.0010270000202581286,98.7197036743164,102.23320007324219,14.13484951,-0.0027774723967013415,-0.010366971926487167,0.00040435791015625,0.0,2.6292492238560343,2.5032583347756456,0.05263157894736842,0.8744861673157961,0.5,0.3744861673157961,0.0,0.24793293433045566,0.65,0.0,7.173763873503542e-07,0.3470347435156079,0.3293435600605858,0.8836159278114057,0.0,109.0,110.6,8.0,1.958375,36.0,-49.5,136.2375,9.5,17.0,-1.5,0.0,1.0,35951,2022-05-01 16:27:32.775264,asset
7225.488175365934,0.0011997000547125936,98.72239685058594,164.36199951171875,14.1352004,-0.00283529012267536,-0.007555100160971051,0.00029754638671875,0.0,2.8205898566665466,2.4193819456463714,0.05263157894736842,0.8451112544742828,0.5,0.3451112544742828,0.0,1.0,0.65,0.0,5.228085668203937e-07,0.34703473901934156,0.32941536267291655,0.8841941392185461,0.0,104.4,107.9,19.0,3.3335,59.0,6.200000000000003,98.875,9.125,19.0,9.875,0.0,1.0,35951,2022-07-04 09:26:00.808224,asset
7225.3925166245,0.0010170999448746443,98.72940063476562,224.38259887695312,14.13548111,-0.0023444890339305857,-0.0067131495461580926,0.00080108642578125,0.0,3.010570934268484,2.9477027792200907,0.05263157894736842,0.8612092209257894,0.5,0.36120922092578944,0.0,1.0,0.65,0.0,4.645522615719494e-07,0.3470347539835863,0.3293478003922041,0.8833324325592786,0.0,123.4,125.6,22.0,3.5415,68.0,-4.099999999999994,139.79999999999998,11.625,22.0,10.375,0.0,1.0,35951,2022-09-03 21:42:34.400448,asset
7225.282835511069,0.0012142000487074256,98.73999786376953,282.7344055175781,14.13580298,-0.0030156893817547825,-0.010328323258363525,0.0009002685546875,0.0,2.9708400131019856,2.4193819456463714,0.05263157894736842,0.8737388106395254,0.5,0.3737388106395254,0.0,4.856813773651604e-10,0.65,0.0,7.147341093338537e-07,0.3470347049381358,0.3293700154179875,0.8844923209257091,0.0,129.7,127.7,13.0,2.75,98.0,7.299999999999983,128.9375,11.75,25.0,1.25,0.0,1.0,35951,2022-11-02 15:29:12.535872,asset
7225.155024287476,0.0010218999814242125,98.7477035522461,344.59930419921875,14.13617807,-0.0034005933439402725,-0.011114980251477391,0.00030517578125,0.0,2.886122093394785,2.4193819456463714,0.05263157894736842,0.8215639212077982,0.5,0.3215639212077982,0.0,0.6889098920295156,0.65,0.0,7.691853938931991e-07,0.34703465860937355,0.3291961878093254,0.8841902800064699,0.0,151.0,146.0,19.0,3.0,96.0,-9.400000000000006,158.1125,13.0,29.0,6.0,0.0,1.0,35951,2023-01-04 22:09:50.700672,asset
7224.899497159677,0.0011932000052183867,98.75890350341797,53.11040115356445,14.13692802,-0.007959007992212719,-0.0240985533928324,0.000701904296875,0.0,2.8000446184790104,2.5032583347756456,0.05263157894736842,0.8482081766014803,0.5,0.3482081766014803,0.0,0.7062915090730961,0.65,0.0,1.6677389846441875e-06,0.3470345098152362,0.32929313004756033,0.8844730123941531,0.0,135.7,134.2,30.0,3.7501249999999997,107.0,-46.20000000000002,157.10000000000002,11.625,30.0,18.375,1.0,1.0,35951,2023-03-15 22:09:36.509472,asset
7224.645777788988,0.001120300032198429,98.76640319824219,128.58920288085938,14.13767273,-0.002483562482666457,-0.010574744493169419,0.00020599365234375,0.0,2.7205827761460135,2.4193819456463714,0.05263157894736842,0.8602908018773469,0.5,0.36029080187734686,0.0,0.01583343806980638,0.65,0.0,7.318513050365431e-07,0.34703473192258905,0.32929040054004605,0.8837058834732758,0.0,161.4,165.9,9.0,2.2498750000000003,177.0,-2.6999999999999886,156.39999999999998,6.875,11.0,2.125,0.0,1.0,35951,2023-05-31 22:13:02.511264,asset
7224.424796967647,0.0010019999463111162,98.77349853515625,212.59739685058594,14.1383214,-0.005998932458169293,-0.017618705878703622,0.00119781494140625,0.0,2.07628935929411,1.7527152789797047,0.05263157894736842,0.8380404288232832,0.5,0.3380404288232832,0.0,1.0,0.65,0.0,1.2193824524199026e-06,0.347034604028139,0.3289204098000891,0.8857337725566959,0.0,138.9,141.9,4.0,0.875,90.0,-11.699999999999989,147.1375,6.75,10.0,-2.75,0.0,1.0,35951,2023-08-25 13:24:21.130560,asset
7224.214739987951,0.001222899998538196,98.78569793701172,278.3537902832031,14.13893805,-0.0036651786067523062,-0.015900641225925938,0.0009002685546875,0.0,2.865576855207249,2.7254805569978684,0.05263157894736842,0.8471056878983101,0.5,0.3471056878983101,0.0,0.9895833356280477,0.65,0.0,1.1005081902068215e-06,0.3470345013584324,0.3292183503927946,0.8844948403658905,0.0,147.3,145.1,7.0,1.875,107.0,26.200000000000017,131.375,12.375,26.0,-5.375,0.0,1.0,35951,2023-10-31 12:07:11.977536,asset
7224.022556252317,0.0010272000217810273,98.79340362548828,336.3835144042969,14.13950227,-0.002850882936400012,-0.011802060542322579,0.00060272216796875,0.0,3.0761031709967224,2.5032583347756456,0.05263157894736842,0.9172617909558054,0.5,0.4172617909558054,0.0,0.8988285285592374,0.65,0.0,8.321845912396303e-07,0.34703470341056064,0.32934259508175207,0.8833451675046489,0.0,142.9,138.2,6.0,1.5,83.0,-43.79999999999998,163.025,4.5,9.0,1.5,0.0,1.0,35951,2023-12-29 12:32:48.371712,asset
7223.822572300725,0.0012023999588564038,98.80249786376953,34.116798400878906,14.14008943,-0.00397120680554508,-0.014393096249477821,0.00099945068359375,0.0,3.036372249830224,2.9477027792200907,0.05263157894736842,0.8137246707617678,0.5,0.3137246707617678,0.0,0.7416732908233215,0.65,0.0,9.962228858582265e-07,0.34703458033587264,0.32938740700099867,0.8831628757342965,0.0,171.7,168.3,10.0,2.2498750000000003,132.0,19.599999999999994,169.0625,5.25,10.0,4.75,0.0,1.0,35951,2024-02-26 04:25:40.646208,asset
7223.544516248549,0.0009998000459745526,98.81169891357422,102.80760192871094,14.14090588,-0.007212874248580192,-0.017732532853187877,0.000396728515625,0.0,3.036372249830224,2.5032583347756456,0.05263157894736842,0.8357457210728577,0.5,0.3357457210728577,0.0,0.5761450153139502,0.65,0.0,1.2274099069748287e-06,0.3470345669014018,0.32918139523718287,0.884507841136355,0.0,176.9,180.0,10.0,2.041625,185.0,36.80000000000001,148.0125,12.125,42.0,-2.125,1.0,1.0,35951,2024-05-05 21:09:34.386336,asset
7223.284091786028,0.0012419000267982483,98.81510162353516,173.79209899902344,14.14167063,-0.0045595673873322085,-0.015377927461486252,0.00030517578125,0.0,2.694781460584273,2.4193819456463714,0.05263157894736842,0.8515037979191173,0.5,0.35150379791911734,0.0,0.2682786075738096,0.65,0.0,1.0644675409636778e-06,0.3470346469490252,0.3294087767033933,0.8836734208406418,0.0,241.9,249.9,8.0,2.083375,286.0,63.70000000000002,219.22500000000002,5.25,8.0,2.75,0.0,1.0,35951,2024-07-16 20:07:48.940032,asset
7222.887035206659,0.0009899999713525176,98.82589721679688,241.97059631347656,14.14283674,-0.00981926610256778,-0.020571468858179287,0.00099945068359375,0.0,2.5650765423363704,2.7254805569978684,0.05263157894736842,0.8152392969816921,0.5,0.31523929698169206,0.0,0.7315275045790747,0.65,0.0,1.424044486492938e-06,0.34703459233254663,0.3293284553374073,0.8838820500697854,0.0,167.4,168.5,12.0,2.16675,123.0,-1.799999999999983,162.6375,18.25,71.0,-6.25,1.0,1.0,35951,2024-09-23 21:22:20.455392,asset
7222.4668298103725,0.0012080000014975667,98.83670043945312,310.7958984375,14.14407101,-0.006736994137099828,-0.020037412215060613,0.00060272216796875,0.0,3.00531485689428,2.2810361125534238,0.05263157894736842,0.8338329175074278,0.5,0.33383291750742783,0.0,0.4593898306652452,0.65,0.0,1.3871555933718839e-06,0.3470345781851245,0.3294113222776828,0.8832557220669882,0.0,185.3,180.0,5.0,1.29175,133.0,-35.099999999999994,209.625,6.375,10.0,-1.375,0.0,1.0,35951,2024-12-02 12:03:00.404928,asset
7222.1736070658835,0.001026500016450882,98.84529876708984,14.016300201416016,14.1449324,-0.00700862239318667,-0.021448003917612368,0.0009002685546875,0.0,2.584262225315332,2.197159723424149,0.05263157894736842,0.8837248006479388,0.5,0.3837248006479388,0.0,0.01656983082291354,0.65,0.0,1.4848684974462141e-06,0.3470345552033779,0.3292718368606837,0.8843764997539285,0.0,212.6,206.6,4.0,1.0001250000000002,177.0,41.099999999999994,196.5125,9.625,24.0,-5.625,0.0,1.0,35951,2025-02-04 09:05:23.806464,asset
7221.861235158886,0.0011845000553876162,98.856201171875,82.78990173339844,14.14585014,-0.007133795278605248,-0.02110532991173386,0.00080108642578125,0.0,2.8655768552072485,2.4193819456463714,0.05263157894736842,0.8724877531996948,0.5,0.37248775319969485,0.0,4.205120345063078e-06,0.65,0.0,1.461208057336502e-06,0.3470346044955879,0.3293857255291402,0.8847308482579945,0.0,152.7,153.6,18.0,3.125,88.0,-9.600000000000023,161.5125,16.625,22.0,1.375,0.0,1.0,35951,2025-04-14 18:27:05.397408,asset
7221.6648721077545,0.0011094999499619007,98.85990142822266,155.92010498046875,14.1464271,-0.0026341497723478824,-0.007800357465384877,9.918212890625e-05,0.0,2.7603136973125117,2.4193819456463714,0.05263157894736842,0.8461702694653043,0.5,0.34617026946530427,0.0,0.7693698734005834,0.65,0.0,5.400659878367981e-07,0.34703475120102234,0.329345410245454,0.8835224221427375,0.0,118.3,122.2,20.0,3.25,116.0,-11.399999999999991,121.125,13.0,29.0,7.0,0.0,1.0,35951,2025-06-27 11:15:54.574560,asset
7221.4812192538975,0.0010217999806627631,98.87120056152344,238.7987060546875,14.14696675,-0.005900940439460101,-0.01765181102018687,0.0016021728515625,0.0,1.7187828921272557,2.0588138903312014,0.05263157894736842,0.8180154250798025,0.5,0.3180154250798025,0.0,0.01423203658841165,0.65,0.0,1.222171610336981e-06,0.34703447253562814,0.3288048420775979,0.8880921062773195,0.0,150.4,151.8,6.0,1.625125,127.0,35.2,128.9,13.875,48.0,-7.875,1.0,1.0,35951,2025-09-18 22:15:55.378656,asset
7221.243762345874,0.0012098000152036548,98.88310241699219,320.03070068359375,14.14766455,-0.0029706429750149255,-0.01515269308401912,0.00060272216796875,0.0,2.7205827761460135,2.725480556997868,0.05263157894736842,0.879888619367402,0.5,0.37988861936740204,0.0,0.8213888649207595,0.65,0.0,1.0491730882247876e-06,0.34703438810646636,0.3289793537046765,0.8845730881509517,0.0,183.7,178.1,4.0,0.8750000000000001,155.0,-17.200000000000017,200.075,13.75,32.0,-9.75,1.0,1.0,35951,2025-12-09 14:44:27.504672,asset
7221.058189987975,0.0010104000102728605,98.89250183105469,27.61590003967285,14.14820992,-0.004569665879898821,-0.011578996171920153,0.00080108642578125,0.0,2.6100635408770727,2.6416041678685938,0.05263157894736842,0.8714308554945438,0.5,0.3714308554945438,0.0,0.2502580928841295,0.65,0.0,8.017510690800626e-07,0.34703473160941634,0.3293161276738533,0.8841391161971426,0.0,117.5,114.7,26.0,3.666625,72.0,-49.900000000000006,132.91250000000002,11.75,26.0,14.25,0.0,1.0,35951,2026-02-15 12:09:17.820000,asset
7220.918367831611,0.0012133000418543816,98.90129852294922,90.35469818115234,14.14862086,-0.0018679255053939414,-0.008257668881924474,0.00049591064453125,0.0,2.8861220933947846,2.5032583347756456,0.05263157894736842,0.8303796257989119,0.5,0.3303796257989119,0.0,0.7877220932331799,0.65,0.0,5.717875053028574e-07,0.3470346632214295,0.3293985199593762,0.8843309335020806,0.0,104.5,105.4,21.0,3.208125,36.0,5.700000000000003,103.4875,9.5,33.0,11.5,1.0,1.0,35951,2026-04-19 10:42:27.613152,asset
7220.795230314336,0.0009951000101864338,98.90380096435547,151.66220092773438,14.14898278,-0.0021502343342945096,-0.006940635567843856,9.918212890625e-05,0.0,2.860320777833045,2.5032583347756456,0.05263157894736842,0.853342887626493,0.5,0.353342887626493,0.0,0.017737762206015795,0.65,0.0,4.806001516700356e-07,0.3470347476403808,0.3293106849762371,0.8834785952129129,0.0,108.0,114.3,6.0,1.5,61.0,-20.30000000000001,117.175,7.25,12.0,-1.25,0.0,1.0,35951,2026-06-19 21:34:33.344256,asset
7220.790970677629,0.0010029999539256096,98.90390014648438,154.5552978515625,14.1489953,-0.005450430840028275,-0.010547035275521921,0.0001983642578125,0.0,1.4832261969709113,1.3921472236645347,0.05263157894736842,0.8402285116567366,0.5,0.3402285116567366,0.0,0.8208885194467586,0.65,0.0,7.303232958679778e-07,0.3470347756188399,0.3293113666461697,0.883432232381797,0.0,122.0,125.5,4.0,1.166625,70.0,5.0,114.0,5.25,6.0,-1.25,0.0,1.0,35951,2026-06-22 19:09:37.333728,asset
7220.7854317984,0.0010130000300705433,98.90399932861328,156.95440673828125,14.14901158,-0.009798515935472096,-0.014514063579554204,0.00029754638671875,0.0,1.8452178053170998,1.836591668108979,0.05263157894736842,0.8144717327244376,0.5,0.3144717327244376,0.0,1.0,0.65,0.0,1.0050182099632025e-06,0.3470347446844976,0.32933597104427853,0.8837931745694738,0.0,156.0,161.1,24.0,3.625,87.0,45.0,124.875,8.625,24.0,15.375,0.0,1.0,35951,2026-06-25 04:51:52.174080,asset
7220.784676497509,0.0010149000445380807,98.90399932861328,157.3778076171875,14.1490138,-0.006294180119766679,-0.014401784779693116,0.00029754638671875,0.0,1.8452178053170998,1.8910611120726528,0.05263157894736842,0.8343837123634354,0.5,0.33438371236343545,0.0,1.0,0.65,0.0,9.972436433123813e-07,0.34703471898195837,0.32932879958052635,0.8875076104940138,0.0,156.0,161.1,24.0,3.625,87.0,45.0,124.875,8.625,24.0,15.375,0.0,1.0,35951,2026-06-25 15:02:51.242208,asset
7220.783427869894,0.0010174999479204416,98.90399932861328,158.0128936767578,14.14901747,-0.0020039285063830903,-0.014204446825715422,0.0001983642578125,0.0,1.8248169862168622,2.1971597234241496,0.05263157894736842,0.8847560731352102,0.5,0.3847560731352102,0.0,0.32247127779472295,0.65,0.0,9.835792756290758e-07,0.34703431904979154,0.32919020840008645,0.8875078711246157,0.0,164.0,168.1,11.0,2.5,104.0,56.0,131.5,9.25,24.0,1.75,0.0,1.0,35951,2026-06-26 06:19:19.837920,asset
7220.782220069854,0.0010201999684795737,98.90409851074219,158.71859741210938,14.14902102,-0.002456427655488369,-0.014316715785753331,0.00029754638671875,0.0,1.9248240667373953,2.2810361125534233,0.05263157894736842,0.849093860345964,0.5,0.349093860345964,0.0,0.9530968722111118,0.65,0.0,9.91353433731285e-07,0.34703454541736345,0.3293170508150243,0.8868704814358523,0.0,164.0,168.1,11.0,2.5,104.0,56.0,131.5,9.25,24.0,1.75,0.0,1.0,35951,2026-06-26 23:17:38.258880,asset
7220.781277645949,0.0010222999844700098,98.90409851074219,159.21249389648438,14.14902379,-0.0021502239451365313,-0.014030920558070648,0.00029754638671875,0.0,1.8679653582397104,2.1971597234241496,0.05263157894736842,0.8508201113063779,0.5,0.3508201113063779,0.0,0.014769481945655527,0.65,0.0,9.715638496325985e-07,0.3470347571058755,0.32934176708188845,0.8850319308260131,0.0,187.0,194.1,6.0,1.54175,112.0,74.0,141.375,9.25,24.0,-3.25,0.0,1.0,35951,2026-06-27 11:10:27.141888,asset
7220.779994997299,0.0010255000088363886,98.9041976928711,159.91819763183594,14.14902756,-0.0022250725551202777,-0.014391554635039938,0.000396728515625,0.0,1.893766673801451,2.197159723424149,0.05263157894736842,0.8499142732183452,0.5,0.34991427321834523,0.0,0.385419694365873,0.65,0.0,9.96535909585319e-07,0.3470347826421162,0.32934287790027744,0.8840819424381268,0.0,190.0,192.3,4.0,0.9585,130.0,73.0,151.0,9.0,24.0,-5.0,0.0,1.0,35951,2026-06-28 04:08:45.534336,asset
7220.778586466017,0.0010285000316798687,98.9041976928711,160.69439697265625,14.1490317,-0.0026911799313893425,-0.009301762768700428,0.0001983642578125,0.0,1.9956123808398372,2.7254805569978684,0.05263157894736842,0.8016207723237433,0.5,0.3016207723237433,0.0,1.2971429303096621e-11,0.65,0.0,6.440963166071512e-07,0.34703476001451206,0.32932754752129556,0.8832573814949846,0.0,190.0,192.3,4.0,0.9585,130.0,73.0,151.0,9.0,24.0,-5.0,0.0,1.0,35951,2026-06-28 22:48:53.747712,asset
7220.774646664774,0.0010380999883636832,98.90440368652344,162.5290985107422,14.14904328,-0.00534833252459066,-0.010084268828904897,0.00040435791015625,0.0,2.194266986672329,2.4193819456463714,0.05263157894736842,0.859309576568462,0.5,0.35930957656846196,0.0,0.811989872817543,0.65,0.0,6.982809158040096e-07,0.3470347536453393,0.3293287295244099,0.883824878653009,0.0,203.0,209.3,18.0,2.666625,126.0,68.0,171.5,10.625,24.0,7.375,0.0,1.0,35951,2026-06-30 18:56:29.454720,asset
7220.773105448652,0.0010414000134915113,98.90440368652344,163.02310180664062,14.14904781,-0.005481017365127627,-0.010465315928740893,0.00040435791015625,0.0,2.140606459901073,2.5032583347756456,0.05263157894736842,0.8605567047006176,0.5,0.3605567047006176,0.0,0.8355269165188783,0.65,0.0,7.246664867224224e-07,0.3470347718526062,0.32933549628659387,0.8842539728104414,0.0,216.0,258.1,12.0,2.45825,150.0,79.0,181.625,11.375,24.0,0.625,0.0,1.0,35951,2026-07-01 06:49:18.274656,asset
7220.772214061337,0.0010449000401422381,98.90440368652344,163.658203125,14.14905043,-0.0024326034372279537,-0.010825951588230964,0.00030517578125,0.0,2.3392610657335644,2.4193819456463714,0.05263157894736842,0.8058819381809947,0.5,0.30588193818099474,0.0,7.101591514229835e-06,0.65,0.0,7.49638618456774e-07,0.3470345011003122,0.329264461377625,0.8848056613436303,0.0,216.0,258.1,12.0,2.45825,150.0,79.0,181.625,11.375,24.0,0.625,0.0,1.0,35951,2026-07-01 22:05:46.761504,asset
7220.770278186779,0.0010488999541848898,98.90450286865234,164.5050048828125,14.14905612,-0.0028272618728806265,-0.011305661848382442,0.00040435791015625,0.0,2.5445313041488338,2.7254805569978684,0.05263157894736842,0.8761822014360257,0.5,0.37618220143602565,0.0,0.7863277267630553,0.65,0.0,7.828561312027795e-07,0.34703457423589,0.32919866126919217,0.8853324123385108,0.0,202.0,209.7,3.0,0.75,127.0,46.0,189.75,10.125,24.0,-7.125,0.0,1.0,35951,2026-07-02 18:27:44.724096,asset
7220.7647155316035,0.0010605000425130129,98.90470123291016,166.6219940185547,14.14907247,-0.007498529733311443,-0.015572059235637425,0.00060272216796875,0.0,2.499544305608132,2.5032583347756456,0.05263157894736842,0.8270738052238551,0.5,0.3270738052238551,0.0,0.3673233128437019,0.65,0.0,1.078281502343631e-06,0.34703478940755705,0.32933281170956796,0.8868370125262417,0.0,163.0,166.0,77.0,5.70825,99.0,-24.0,192.5,16.375,77.0,60.625,1.0,1.0,35951,2026-07-04 21:22:39.454752,asset
7220.764150761097,0.0010649999603629112,98.90470123291016,167.11599731445312,14.14907413,-0.006127425682279863,-0.015197808716948202,0.0005035400390625,0.0,2.5423289894137597,2.2810361125534238,0.05263157894736842,0.7775875009020911,0.5,0.27758750090209106,0.0,0.6620080438294663,0.65,0.0,1.0523667860856614e-06,0.3470346882813139,0.32919946518842985,0.8867970258433604,0.0,138.0,143.4,16.0,3.0835,101.0,-52.0,186.375,17.625,77.0,-1.625,1.0,1.0,35951,2026-07-05 09:15:28.209024,asset
7220.764273241439,0.0010685999877750874,98.90480041503906,167.8217010498047,14.14907377,-0.00044229016475583194,-0.01076127917804115,0.000396728515625,2.0,2.294274067192862,2.197159723424149,0.05263157894736842,0.8118437511093274,0.5,0.3118437511093274,0.0,0.18145457804202797,0.65,0.0,7.536423422924636e-07,0.34703444880917456,0.32915430842462634,0.8852408970272407,0.0,128.0,129.5,6.0,1.583375,72.0,-72.0,178.625,17.875,77.0,-11.875,1.0,1.0,35951,2026-07-06 02:13:46.431264,asset
7220.763606404086,0.0010724000167101622,98.90480041503906,168.52740478515625,14.14907573,-0.0005443570107672713,-0.009689570135378744,0.000396728515625,2.0,2.208196592277087,2.503258334775646,0.05263157894736842,0.8518306327109865,0.5,0.35183063271098647,0.0,0.5864435588206351,0.65,0.0,6.70951225657021e-07,0.3470346022878811,0.32915790513657434,0.8851786944467148,0.0,128.0,129.5,6.0,1.583375,72.0,-72.0,178.625,17.875,77.0,-11.875,1.0,1.0,35951,2026-07-06 19:12:04.625856,asset
7220.762367992268,0.001075900043360889,98.90489959716797,169.2332000732422,14.14907937,-0.0019052491707043373,-0.010529919618420536,0.00049591064453125,2.0,2.259799223400568,2.4193819456463714,0.05263157894736842,0.8540198192916095,0.5,0.3540198192916095,0.0,1.9000714164714175e-13,0.65,0.0,7.291410218485796e-07,0.3470348920771744,0.32915841793190587,0.8846949410351869,0.0,113.0,114.1,3.0,0.7498750000000001,59.0,-90.0,167.75,17.875,77.0,-14.875,1.0,1.0,35951,2026-07-07 12:10:22.808352,asset
7220.76111256984,0.0010795999551191926,98.90499877929688,169.93890380859375,14.14908306,-0.0024938342457971885,-0.009482025168836117,0.00049591064453125,1.0,2.074087044559035,2.5032583347756456,0.05263157894736842,0.8450271389941238,0.5,0.34502713899412385,0.0,0.8775163088592907,0.65,0.0,6.565800807989668e-07,0.34703485439769655,0.3291604335213434,0.8837416277634306,0.0,114.0,119.8,11.0,2.4998750000000003,85.0,-102.0,156.625,17.0,77.0,-6.0,1.0,1.0,35951,2026-07-08 05:08:40.977024,asset
7220.759731265579,0.0010848999954760075,98.90499877929688,170.6446990966797,14.14908712,-0.0026367266891611507,-0.00691673462097242,0.00029754638671875,0.0,2.437065831519023,2.4193819456463714,0.05263157894736842,0.7771618173894727,0.5,0.27716181738947265,0.0,0.9542905275433031,0.65,0.0,4.78947500595173e-07,0.34703478776459085,0.3292824017625589,0.8835791758687284,0.0,114.0,119.8,11.0,2.4998750000000003,85.0,-102.0,156.625,17.0,77.0,-6.0,1.0,1.0,35951,2026-07-08 22:06:59.123232,asset
7220.757009485714,0.001093599945306778,98.90519714355469,171.985595703125,14.14909512,-0.004103084126654721,-0.007522325352510961,0.00049591064453125,0.0,3.0363722498302237,2.5032583347756456,0.05263157894736842,0.8835887537179354,0.5,0.38358875371793544,0.0,1.0,0.65,0.0,5.208816378493952e-07,0.3470347758850705,0.32935133850942555,0.8841075951691295,0.0,113.0,110.7,12.0,2.583375,81.0,-66.0,132.375,18.5,77.0,-6.5,1.0,1.0,35951,2026-07-10 06:21:45.552384,asset
7220.7554954967745,0.0010986999841406941,98.9052963256836,172.90310668945312,14.14909957,-0.004235768804392137,-0.009063532147592923,0.00049591064453125,0.0,3.010570934268484,2.1971597234241496,0.05263157894736842,0.8053107786195577,0.5,0.3053107786195577,0.0,0.017763356519498126,0.65,0.0,6.276021686345314e-07,0.3470347262727357,0.32929774737173634,0.884938951472455,0.0,111.0,115.3,6.0,1.749875,76.0,-52.0,123.875,18.25,77.0,-12.25,1.0,1.0,35951,2026-07-11 04:25:33.080160,asset
7220.754362557256,0.0011027000145986676,98.9052963256836,173.60879516601562,14.1491029,-0.0026469284575796337,-0.009458187390919193,0.00049591064453125,0.0,3.0761031709967224,2.503258334775646,0.05263157894736842,0.8515061672766223,0.5,0.3515061672766223,0.0,0.7226230100913641,0.65,0.0,6.549300547375178e-07,0.34703465298247516,0.3293173164827771,0.884950638654932,0.0,111.0,115.3,6.0,1.749875,76.0,-52.0,123.875,18.25,77.0,-12.25,1.0,1.0,35951,2026-07-11 21:23:51.158112,asset
7220.753984910849,0.0011050000321120024,98.90540313720703,173.96170043945312,14.14910401,-0.0015105859256436815,-0.008937644887737406,0.0005035400390625,0.0,3.010570934268484,2.5032583347756456,0.05263157894736842,0.8310777839473231,0.5,0.3310777839473231,0.0,1.0,0.65,0.0,6.188852720896926e-07,0.3470346783497549,0.3290883137326594,0.8847024519378647,0.0,107.0,110.8,16.0,3.083125,69.0,-31.0,116.875,10.625,16.0,5.375,0.0,1.0,35951,2026-07-12 05:53:00.196224,asset
7220.752851971923,0.001108699943870306,98.90540313720703,174.59689331054688,14.14910734,-0.0015105853335626307,-0.008985272586869542,0.0005035400390625,0.0,3.010570934268484,2.6416041678685938,0.05263157894736842,0.8318767760455139,0.5,0.3318767760455139,0.0,0.09882893591480907,0.65,0.0,6.221833362644415e-07,0.3470347360070042,0.3290986864883671,0.8845757234773233,0.0,107.0,110.8,16.0,3.083125,69.0,-31.0,116.875,10.625,16.0,5.375,0.0,1.0,35951,2026-07-12 21:09:28.443744,asset
7220.752154517249,0.0011122999712824821,98.90550231933594,175.2321014404297,14.14910939,-0.0018303935994481435,-0.008042853388360527,0.0005035400390625,0.0,2.9053077763737467,2.2810361125534238,0.05263157894736842,0.829199292384072,0.5,0.329199292384072,0.0,0.27060068439179613,0.65,0.0,5.569258227575944e-07,0.34703481029735717,0.32934501368897506,0.8839127790874688,0.0,100.0,106.4,7.0,1.70825,44.0,-28.0,112.125,9.5,16.0,-2.5,0.0,1.0,35951,2026-07-13 12:25:56.694720,asset
7220.751307365214,0.0011158999986946583,98.90560150146484,175.86729431152344,14.14911188,-0.0015446067081938963,-0.006518654189676454,0.0005035400390625,0.0,2.675595777605311,2.4193819456463714,0.05263157894736842,0.8501238827191467,0.5,0.35012388271914674,0.0,0.055865311520785006,0.65,0.0,4.513830692809565e-07,0.34703482185545076,0.32937241635373016,0.8836707074501123,0.0,100.0,103.1,7.0,1.7915,39.0,-13.0,108.625,9.625,16.0,-2.625,0.0,1.0,35951,2026-07-14 03:42:24.937056,asset
7220.750239069427,0.0011209000367671251,98.90560150146484,176.6436004638672,14.14911502,-0.0019154478222844773,-0.006069558387935103,0.00040435791015625,0.0,2.720582776146013,2.7254805569978684,0.05263157894736842,0.8704877293618807,0.5,0.3704877293618807,0.0,0.05258698245965207,0.65,0.0,4.202855907634428e-07,0.34703479324337416,0.32935569520762326,0.883467293428225,0.0,100.0,103.1,7.0,1.7915,39.0,-13.0,108.625,9.625,16.0,-2.625,0.0,1.0,35951,2026-07-14 22:22:32.771136,asset
7220.749221807246,0.0011256999569013715,98.90560150146484,177.27879333496094,14.14911801,-0.002085557968712237,-0.005504787585778104,0.00030517578125,0.0,2.865576855207248,2.725480556997868,0.05263157894736842,0.8618083615480724,0.5,0.3618083615480724,0.0,1.0,0.65,0.0,3.8117820399250193e-07,0.3470348060871943,0.3293630483233332,0.8835657750681378,0.0,107.0,103.0,11.0,2.333375,29.0,-7.0,107.875,10.625,16.0,0.375,0.0,1.0,35951,2026-07-15 13:39:00.988416,asset
7220.748330427302,0.0011288999812677503,98.90570068359375,177.91400146484375,14.14912063,-0.0019086421252723085,-0.005756550139267347,0.00029754638671875,0.0,2.794788541104806,2.725480556997868,0.05263157894736842,0.7960624456725397,0.5,0.2960624456725397,0.0,0.021003222334193616,0.65,0.0,3.986115036128864e-07,0.3470347571228455,0.32929718781322176,0.8835939954353255,0.0,101.0,104.6,7.0,1.708375,52.0,-10.0,106.25,10.125,16.0,-3.125,0.0,1.0,35951,2026-07-16 04:55:29.197920,asset
7220.747190686169,0.0011325000086799264,98.90570068359375,178.54930114746094,14.14912398,-0.002031121076470299,-0.006341729498672066,0.00029754638671875,0.0,3.010570934268484,2.725480556997868,0.05263157894736842,0.8494875710663706,0.5,0.34948757106637063,0.0,0.057965361090856295,0.65,0.0,4.3913220843796315e-07,0.3470347619877765,0.3293689010544593,0.8836094129406398,0.0,101.0,104.6,7.0,1.708375,52.0,-10.0,106.25,10.125,16.0,-3.125,0.0,1.0,35951,2026-07-16 20:11:57.391008,asset
7220.746200642746,0.0011375000467523932,98.90579986572266,179.32569885253906,14.14912689,-0.0021297845560184214,-0.006307705145445652,0.00029754638671875,0.0,3.0503018554349817,2.725480556997868,0.05263157894736842,0.7922058413885957,0.5,0.29220584138859573,0.0,0.06243684728191778,0.65,0.0,4.3677625815002325e-07,0.34703478740004545,0.32937929471266614,0.8840439987003328,0.0,105.0,108.2,4.0,0.875,36.0,-8.0,105.5,8.75,16.0,-4.75,0.0,1.0,35951,2026-07-17 14:52:05.169792,asset
7220.745057500246,0.0011418999638408422,98.90579986572266,179.96090698242188,14.14913025,-0.002133185923412384,-0.006549260036990745,0.00029754638671875,0.0,2.9450386975402454,2.5032583347756456,0.05263157894736842,0.8689601263924813,0.5,0.3689601263924813,0.0,0.07355624855886612,0.65,0.0,4.535027569901544e-07,0.34703478584300107,0.32936820233546776,0.883518135686352,0.0,110.0,114.0,3.0,0.791625,29.0,-1.0,105.125,7.625,16.0,-4.625,0.0,1.0,35951,2026-07-18 06:08:33.335232,asset
7220.744013022226,0.0011449999874457717,98.90589904785156,180.59609985351562,14.14913332,-0.0021876205200896948,-0.006338320306895184,0.00029754638671875,0.0,3.010570934268484,2.7254805569978675,0.05263157894736842,0.834509935998273,0.5,0.33450993599827294,0.0,0.3970671623143014,0.65,0.0,4.38896332862264e-07,0.3470347713912666,0.32929218104721414,0.8837172271369006,0.0,110.0,114.0,3.0,0.791625,29.0,-1.0,105.125,7.625,16.0,-4.625,0.0,1.0,35951,2026-07-18 21:25:01.486848,asset
7220.742662345997,0.0011505000293254852,98.90599822998047,181.58419799804688,14.14913729,-0.0023951542489157873,-0.006641114387093694,0.000396728515625,0.0,3.0363722498302237,2.4193819456463714,0.05263157894736842,0.8657036605637153,0.5,0.3657036605637153,0.0,0.9932926328417249,0.65,0.0,4.598633489239547e-07,0.34703477981442865,0.3293528689037496,0.8837220091707167,0.0,120.0,123.2,2.0,0.45825,46.0,13.0,106.25,7.125,16.0,-5.125,0.0,1.0,35951,2026-07-19 21:10:38.595360,asset
7220.740651642759,0.0011552999494597316,98.90609741210938,182.57240295410156,14.1491432,-0.003361379466696235,-0.008015603649255354,0.00049591064453125,0.0,2.694781460584273,2.113283334294875,0.05263157894736842,0.8333274443159998,0.5,0.3333274443159998,0.0,1.0,0.65,0.0,5.550398056948772e-07,0.34703473415969377,0.32940151044146204,0.8845667914426787,0.0,141.0,141.3,3.0,0.66675,83.0,41.0,110.5,5.5,11.0,-2.5,0.0,1.0,35951,2026-07-20 20:56:15.675360,asset
7220.739032194128,0.0011579999700188637,98.90619659423828,183.2781982421875,14.14914796,-0.0036301518684922485,-0.008631399500700354,0.00049591064453125,0.0,2.900051698999543,2.7254805569978684,0.05263157894736842,0.8246031621033254,0.5,0.3246031621033254,0.0,1.0,0.65,0.0,5.976806340042703e-07,0.34703476913943265,0.3295209340552548,0.884384334049209,0.0,154.0,153.8,14.0,2.8335,95.0,54.0,117.25,6.375,14.0,7.625,0.0,1.0,35951,2026-07-21 13:54:33.563232,asset
7220.73697726482,0.0011648000217974186,98.90630340576172,184.61929321289062,14.149154,-0.003674377939205442,-0.009675871958279458,0.0005035400390625,0.0,2.7153266987718094,2.4193819456463714,0.05263157894736842,0.820927208242581,0.5,0.32092720824258103,0.0,1.0,0.65,0.0,6.700051715004577e-07,0.3470347134829588,0.3293816285629008,0.8848222477164441,0.0,149.0,155.0,10.0,2.333375,88.0,42.0,123.375,6.75,14.0,3.25,0.0,1.0,35951,2026-07-22 22:09:19.526688,asset
7220.736194759011,0.00116910005453974,98.90640258789062,185.32510375976562,14.1491563,-0.0028374351177262724,-0.00935265939369856,0.00060272216796875,0.0,2.6550505394177746,2.7254805569978684,0.05263157894736842,0.8563544742590762,0.5,0.3563544742590762,0.0,0.5291877380027131,0.65,0.0,6.47624428713683e-07,0.34703470274235926,0.3293450606754254,0.8852779919137259,0.0,148.0,152.3,24.0,3.2917499999999995,100.0,47.0,128.5,8.375,24.0,15.625,0.0,1.0,35951,2026-07-23 15:07:37.381728,asset
7220.734170451488,0.001172599964775145,98.90650177001953,185.96029663085938,14.14916225,-0.0028068133315173327,-0.00984257073741901,0.00060272216796875,0.0,2.9311090919354874,2.4193819456463714,0.05263157894736842,0.8193664029527643,0.5,0.3193664029527643,0.0,3.805045082430884e-09,0.65,0.0,6.815484717058338e-07,0.3470346866983387,0.3292725179861203,0.8848709521516089,0.0,153.0,154.9,7.0,1.41675,109.0,48.0,135.0,8.375,24.0,-1.375,0.0,1.0,35951,2026-07-24 06:24:05.415840,asset
7220.727696079139,0.00118707,98.9069,189.2778,14.14918128,-0.008498679871991044,-0.015565055235128966,0.001000952148430656,0.0,1.9526832779469114,1.879964948727111,0.05263157894736842,0.8280783342399424,0.5,0.32807833423994237,0.0,0.21869529139283173,0.65,0.0,1.077802039221568e-06,0.34703472258439927,0.3292044360110999,0.8852697427777437,0.0,144.0,149.2,6.0,1.3751250000000002,103.0,3.0,148.16666666666666,10.666666666666666,24.0,-4.666666666666666,0.0,1.0,35951,2026-07-27 14:10:04.919808,asset
7080.636432176588,4.7900000936351717e-05,98.18589782714844,95.91100311279297,14.57116644,3.239565103285713e-05,0.02027960518717009,-0.0045013427734375,3.0,1.824816986216862,2.058813890331201,0.3684210526315789,0.8431356371872812,0.5,0.34313563718728124,0.0,1.0,0.2,0.0,4.140156333231222e-06,0.34703655134157585,0.3586050036698241,0.8934370418127942,0.0,136.3,132.1,6.0,1.625,146.0,15.300000000000011,133.7375,3.875,10.0,2.125,0.0,1.0,39084,2014-01-23 07:13:05.162016,baseline
7080.645972712001,9.339999814983457e-05,98.1875,147.38760375976562,14.57113699,0.05958813510733307,0.012115988530240429,-0.00140380859375,1.0,2.030087224632132,2.4193819456463714,0.21052631578947367,0.8460018737795392,0.5,0.34600187377953917,0.0,0.08922703303896506,0.2,0.0,3.3522582235760957e-06,0.34703372323997517,0.34003962720953257,0.8932840015884133,0.0,114.3,113.2,108.0,6.000125000000001,38.0,-6.6000000000000085,120.025,19.75,108.0,88.25,1.0,1.0,39084,2015-03-17 03:41:25.467072,baseline
7080.666349718688,0.00013270000636111945,98.20610046386719,80.92790222167969,14.57107409,0.04034892264917289,0.028922995427819842,-0.00139617919921875,0.0,1.1635402011210705,1.4466166676282084,0.10526315789473684,0.8145924413616716,0.5,0.31459244136167164,0.5684414455912574,0.9947870238702173,0.2,0.0,2.740816541222137e-06,0.34703459980840234,0.32897933252705164,0.8883418787122634,0.0,108.5,104.9,7.0,1.7915,86.0,10.099999999999994,100.36250000000001,11.0,28.0,-4.0,0.0,1.0,39084,2016-01-08 20:04:33.059136,baseline
7080.666683397441,0.0001320000010309741,98.22200012207031,272.9162902832031,14.57107306,-0.0023811068140275893,-0.0069068350767338416,-0.0005035400390625,0.0,3.036372249830224,2.725480556997868,0.05263157894736842,0.8272331342882484,0.5,0.3272331342882484,0.0,0.635877908827676,0.2,0.0,4.877245557325718e-07,0.3470346772551247,0.32901772263418505,0.8877948328665786,0.0,100.1,103.3,5.0,1.25,52.0,5.0,103.125,8.5,19.0,-3.5,0.0,1.0,39084,2016-07-21 15:38:43.320192,baseline
7080.661545396908,0.0001269000058528036,98.20960235595703,24.609100341796875,14.57108892,0.02190928858180996,0.01883493611603626,-0.00029754638671875,0.0,0.2974722489192897,0.5032583347756457,0.15789473684210525,0.8346100624884658,0.5,0.3346100624884658,0.0,1.0,0.2,0.0,1.3586247106298173e-06,0.3470348329342069,0.3290657301679147,0.8849092586431684,0.0,78.4,76.8,11.0,2.375,26.0,1.7000000000000028,77.6875,5.75,14.0,5.25,0.0,1.0,39084,2016-11-11 21:18:58.694112,baseline
7080.688281891289,0.0001205000007757917,98.22460174560547,212.0955047607422,14.57100639,-0.0015647390409867512,-0.005837809273543826,-0.00080108642578125,0.0,2.9655839357277816,2.5032583347756456,0.05263157894736842,0.8198401665077648,0.5,0.3198401665077648,0.0,0.7675839912519762,0.2,0.0,4.122343361272717e-07,0.3470347612389717,0.32885763873560014,0.887591140040386,0.0,73.5,75.3,8.0,1.958375,37.0,2.299999999999997,71.9375,10.625,22.0,-2.625,0.0,1.0,39084,2017-05-21 07:23:48.986304,baseline
7080.640954613137,0.0001326000055996701,98.20939636230469,19.928300857543945,14.57115248,-0.0012861097075074213,-0.00454188122330379,-0.00080108642578125,0.0,2.9258530145612833,2.7254805569978675,0.05263157894736842,0.7949228270726747,0.5,0.2949228270726747,0.0,0.08141177352064366,0.2,0.0,3.207251339623145e-07,0.3470348326524988,0.32905975675440696,0.8846626130536058,0.0,68.3,67.0,35.0,3.8335,0.0,-7.1000000000000085,71.9625,7.5,35.0,27.5,1.0,1.0,39084,2017-11-07 09:40:33.857760,baseline
7080.628939072326,0.00012630000128410757,98.18900299072266,153.17230224609375,14.57118957,-0.0012018757424812065,-0.0036056287590326974,-0.00099945068359375,0.0,2.5842622253153325,2.1971597234241496,0.05263157894736842,0.8696763493510329,0.5,0.3696763493510329,0.0,0.009381316340899027,0.2,0.0,2.54612083895492e-07,0.3470348330138333,0.32905574069195487,0.8851565380189285,0.0,68.5,68.0,6.0,1.458375,0.0,-0.5,69.1625,12.5,22.0,-6.5,0.0,1.0,39084,2018-03-22 18:00:24.033888,baseline
7080.679324343853,0.0001362000039080158,98.22540283203125,299.4801940917969,14.57103404,-0.002248293149023084,-0.0037935907721475814,-0.00079345703125,1.0,2.7742433029172697,2.5032583347756456,0.05263157894736842,0.8372068903187138,0.5,0.33720689031871376,0.0,0.27173617155052987,0.2,0.0,2.6788314192926073e-07,0.34703484235724,0.32902512252855265,0.8869939084019794,0.0,67.2,68.9,9.0,2.166625,11.0,-0.20000000000000284,67.95,8.25,13.0,0.75,0.0,1.0,39084,2018-08-18 05:07:48.437184,baseline
7080.642558200898,0.00014429999282583594,98.20600128173828,85.03980255126953,14.57114753,0.0003725507731360267,-0.003359438310326368,-0.0012969970703125,4.0,2.123478672569887,2.4193819456463714,0.05263157894736842,0.7379852679519946,0.5,0.2379852679519946,0.0,0.9491138112545244,0.2,0.0,2.836656429338372e-07,0.34703476345417295,0.32906279244247205,0.8892603441797764,0.0,69.6,67.3,2.0,0.416625,0.0,-1.5,70.64999999999999,6.5,16.0,-4.5,0.0,1.0,39084,2019-01-12 18:50:10.276224,baseline
7080.680798368699,0.00011860000086016953,98.2240982055664,220.34030151367188,14.57102949,-0.0007418721361318603,-0.002125188820173207,-0.000701904296875,0.0,2.8913781707689887,2.5032583347756456,0.05263157894736842,0.8144645721121022,0.5,0.3144645721121022,0.0,0.45276119841264795,0.2,0.0,1.5555983761181493e-07,0.3470348418795919,0.3285834614913072,0.8851967094175988,0.0,68.7,70.6,7.0,1.874875,0.0,2.200000000000003,67.55,6.25,13.0,0.75,0.0,1.0,39084,2019-05-30 02:58:16.661280,baseline
7080.669485652606,0.00010830000246642157,98.21640014648438,333.2030029296875,14.57106441,-0.0011792157192758168,-0.0070623432357024285,-0.00139617919921875,1.0,2.544531304148834,2.7254805569978684,0.05263157894736842,0.7550127323426431,0.5,0.2550127323426431,0.0,0.6474161834006167,0.2,0.0,4.987055225318158e-07,0.3470348171199099,0.3288892521169656,0.8849841517786153,0.0,67.7,68.2,6.0,1.6665,0.0,-0.8999999999999915,67.6,6.375,10.0,-0.375,0.0,1.0,39084,2019-09-21 11:00:56.170080,baseline
7080.639564837813,0.00012799999967683107,98.20240020751953,86.89430236816406,14.57115677,-0.0031067481113495887,-0.011037232154194498,-0.0005035400390625,0.0,2.694781460584273,2.9477027792200907,0.05263157894736842,0.831696149436124,0.5,0.331696149436124,0.0,1.0,0.2,0.0,7.793942304388041e-07,0.34703456277553246,0.32888260161958244,0.8846212936026205,0.0,71.9,69.5,2.0,0.2915,0.0,0.30000000000001137,72.6625,4.75,11.0,-2.75,0.0,1.0,39084,2020-01-14 19:46:07.485600,baseline
7080.622424331553,0.0001500000071246177,98.18489837646484,186.53140258789062,14.57120968,-0.0005960771013633348,-0.0015452653524334892,-0.00040435791015625,2.0,2.7205827761460135,2.281036112553424,0.05263157894736842,0.7664659319596274,0.5,0.2664659319596274,0.0,0.4351669662892661,0.2,0.0,1.384007787891051e-07,0.34703484097567594,0.3290747864955086,0.8830184015608566,0.0,68.9,69.8,4.0,1.0,6.0,-0.8999999999999915,69.2125,6.0,16.0,-2.0,0.0,1.0,39084,2020-04-25 02:39:32.895360,baseline
7080.66616506153,0.0001545999984955415,98.22480010986328,278.7705993652344,14.57107466,-0.0015841644290048862,-0.00310353768782079,0.0,0.0,2.8258459340407502,2.725480556997868,0.05263157894736842,0.7046096799407392,0.5,0.2046096799407392,0.0,0.9638481921641935,0.2,0.0,2.1915569773055058e-07,0.34703482178234824,0.32899527681541235,0.883400841764001,0.0,71.4,73.7,3.0,0.7085,11.0,2.1000000000000085,70.2625,5.25,12.0,-2.25,0.0,1.0,39084,2020-07-27 13:41:14.681184,baseline
7080.66413383359,0.00014590000500902534,98.20999908447266,37.38629913330078,14.57108093,-0.0009362436385345063,-0.0036413091756912763,-0.00029754638671875,0.0,2.584262225315333,1.836591668108979,0.05263157894736842,0.8263646532037416,0.5,0.32636465320374164,0.0,0.6946254423130618,0.2,0.0,2.57130383845244e-07,0.34703482035454103,0.3290327461327091,0.8836866597282762,0.0,100.4,97.9,3.0,0.75,44.0,21.30000000000001,85.425,7.125,24.0,-4.125,0.0,1.0,39084,2020-11-24 19:27:44.345952,baseline
7080.634086732396,0.00012419999984558672,98.1978988647461,118.82009887695312,14.57117368,-0.0007256620838234085,-0.0026823589869309217,-0.00080108642578125,0.0,3.010570934268484,2.9477027792200907,0.05263157894736842,0.7909534861489749,0.5,0.29095348614897487,0.0,0.07175352854213816,0.2,0.0,1.8941511403879953e-07,0.34703482515402795,0.32905655041950055,0.883283870119037,0.0,69.6,68.0,4.0,1.000125,0.0,-3.700000000000003,72.1625,4.75,12.0,-0.75,0.0,1.0,39084,2021-02-15 11:43:57.750240,baseline
7080.693870248976,0.0001244000013684854,98.22640228271484,199.8052978515625,14.57098914,-0.0010204838990830467,0.08174442535164417,0.04070281982421875,4.0,0.2974722489192897,2.7254805569978675,0.21052631578947367,0.8361945256090889,0.5,0.3361945256090889,0.0,0.5998274757222788,0.2,0.0,5.892498044082946e-06,0.3470407724279094,0.3290212508104037,0.8845007648930544,0.0,75.9,77.4,3.0,0.624875,17.0,4.300000000000011,72.0625,3.625,8.0,-0.625,0.0,1.0,39084,2021-05-08 19:45:27.378720,baseline
7080.675187359536,0.00014869999722577631,98.22239685058594,287.0083923339844,14.57104681,-0.000829340146992763,-0.0022482898666567053,-0.0001068115234375,0.0,2.670339700231107,2.4193819456463714,0.05263157894736842,0.7831776476959823,0.5,0.2831776476959823,0.0,0.05345155609368686,0.2,0.0,1.5876235468269944e-07,0.3470348512348186,0.3292192822742389,0.8832852031881104,0.0,74.3,76.5,1.0,0.291625,22.0,-1.5,74.7125,6.375,15.0,-5.375,0.0,1.0,39084,2021-08-05 03:11:00.762144,baseline
7080.652160309024,0.00014139999984763563,98.21240234375,6.540800094604492,14.57111789,-0.0013995002591400407,-0.0034015643323073164,-0.00069427490234375,0.0,2.7742433029172697,2.2810361125534233,0.05263157894736842,0.8712791674156617,0.5,0.3712791674156617,0.0,0.9124218312698438,0.2,0.0,2.4020125759523583e-07,0.3470348377771102,0.32906804209848833,0.8830843459412908,0.0,93.8,92.8,4.0,0.8334999999999999,40.0,16.200000000000003,82.88749999999999,6.25,12.0,-2.25,0.0,1.0,39084,2021-10-24 18:01:19.081920,baseline
7080.647919697879,0.0001081000009435229,98.20369720458984,78.53410339355469,14.57113098,-0.0018271227409059065,-0.004580767395054863,-0.0005035400390625,0.0,1.5779772001172405,1.2243944454059863,0.05263157894736842,0.844090482457613,0.5,0.344090482457613,0.0,0.13749193810965232,0.2,0.0,3.234707629498932e-07,0.3470348561544975,0.3290591520445929,0.8829443948676072,0.0,83.7,81.0,2.0,0.625,23.0,-27.700000000000003,93.92500000000001,7.125,12.0,-5.125,0.0,1.0,39084,2022-01-05 19:33:49.834368,baseline
7080.606459878483,0.0001370999962091446,98.19029998779297,152.4694061279297,14.57125896,-0.0016683588846717612,-0.006864574210339924,-0.0009002685546875,0.0,2.10209067485585,1.7527152789797047,0.05263157894736842,0.8426408404139937,0.5,0.3426408404139937,0.0,0.16666502562652324,0.2,0.0,4.847444394400258e-07,0.3470347055057573,0.3290722950853348,0.8843067036195582,0.0,97.7,97.0,3.0,0.708375,51.0,-17.200000000000003,102.4375,5.875,14.0,-2.875,0.0,1.0,39084,2022-03-21 22:32:40.142400,baseline
7080.697543992733,0.00013359999866224825,98.22260284423828,227.8397979736328,14.5709778,-0.001927583507495001,-0.006414484649212682,-0.0001983642578125,0.0,3.195295934496217,2.4193819456463714,0.05263157894736842,0.8491142610048669,0.5,0.34911426100486687,0.0,1.0,0.2,0.0,4.5295539389768575e-07,0.3470347711324785,0.3290623964821715,0.8836885485464367,0.0,96.4,99.3,9.0,2.125,32.0,-4.199999999999989,100.05000000000001,5.625,9.0,3.375,0.0,1.0,39084,2022-06-06 08:50:54.625056,baseline
7080.692179162182,0.00014010000450070947,98.21690368652344,316.4909973144531,14.57099436,0.05016196978249354,0.04659843885656301,-0.00069427490234375,1.0,0.2974722489192897,0.5032583347756457,0.15789473684210525,0.8255800131504216,0.5,0.3255800131504216,0.0,0.6912983415168756,0.2,0.0,3.333095174503483e-06,0.34703473288786435,0.3289955186480678,0.8842484242014961,0.0,128.3,130.4,62.0,5.41675,72.0,-123.6,139.9,18.0,62.0,44.0,1.0,1.0,39084,2022-09-04 04:31:48.554688,baseline
7080.668656314373,0.00012549999519251287,98.20690155029297,34.878501892089844,14.57106697,-0.0020215123704474536,-0.0076778671482315985,-0.00049591064453125,0.0,2.437065831519022,2.1971597234241496,0.05263157894736842,0.8720604508289047,0.5,0.3720604508289047,0.0,1.1660696788410775e-08,0.2,0.0,5.421706112032218e-07,0.3470347728917065,0.3290594777799388,0.883483476831189,0.0,115.7,112.9,2.0,0.45825,73.0,-18.499999999999986,121.15,3.875,9.0,-1.875,0.0,1.0,39084,2022-11-22 16:59:37.318848,baseline
7080.587916864544,9.649999992689118e-05,98.19529724121094,115.3373031616211,14.5713162,-0.01068068345557549,-0.03096340248885099,-0.00060272216796875,0.0,2.8603207778330444,2.4193819456463714,0.05263157894736842,0.8774547254936291,0.5,0.37745472549362913,0.0,0.3650970361057103,0.2,0.0,2.186492230646099e-06,0.34703440587023304,0.329045710383255,0.8832812037664654,0.0,199.7,194.6,7.0,1.875125,159.0,55.69999999999999,189.3625,12.875,18.0,-5.875,0.0,1.0,39084,2023-02-12 10:11:28.585824,baseline
7080.61556621437,0.00012080000306013972,98.18109893798828,207.20889282226562,14.57123085,-0.004707057384621294,-0.016871581214218168,-0.00029754638671875,0.0,2.879506460812007,2.4193819456463714,0.05263157894736842,0.9006329390674991,0.5,0.4006329390674991,0.0,0.20399583378506575,0.2,0.0,1.1913901343590292e-06,0.34703469668774345,0.3290653740867941,0.884222698116215,0.0,134.3,137.3,7.0,1.70825,106.0,-60.39999999999998,153.7,11.625,24.0,-4.625,0.0,1.0,39084,2023-05-16 21:11:43.738368,baseline
7080.641223497487,0.00011529999756021425,98.22100067138672,312.8561096191406,14.57115165,-0.004797808155672101,-0.014539230272021086,-0.00060272216796875,0.0,3.0503018554349817,2.2810361125534233,0.05263157894736842,0.8431185213800813,0.5,0.34311852138008125,0.0,0.9116246156952845,0.2,0.0,1.0266872322240166e-06,0.3470346014572848,0.3288982583557968,0.88389003632247,0.0,139.9,142.5,5.0,1.41675,89.0,-4.199999999999989,140.77499999999998,5.875,10.0,-0.875,0.0,1.0,39084,2023-08-31 20:53:55.488768,baseline
7080.671481248727,0.00012579999747686088,98.21060180664062,32.769901275634766,14.57105825,-0.0028281767781663802,-0.010493100782696274,-0.00029754638671875,0.0,2.7603136973125117,2.9477027792200907,0.05263157894736842,0.7147589118568443,0.5,0.21475891185684426,0.0,0.9966851914087064,0.2,0.0,7.519477552631821e-07,0.3470346504280054,0.32905733823926225,0.8830338569168499,0.0,156.5,152.8,4.0,1.125,96.0,23.80000000000001,129.575,6.0,14.0,-2.0,0.0,1.0,39084,2023-11-20 21:37:25.960224,baseline
7080.6618337207765,0.00010070000280393288,98.19979858398438,109.14209747314453,14.57108803,-0.006414403773305821,-0.01701439982844022,-0.000701904296875,0.0,2.8655768552072485,2.7254805569978675,0.05263157894736842,0.7949084504560268,0.5,0.29490845045602676,0.0,5.9152428251834994e-05,0.2,0.0,1.2014674307510445e-06,0.34703473532330265,0.32905698993929416,0.8830527772366774,0.0,190.3,185.1,7.0,1.750125,159.0,55.30000000000001,155.15,5.0,7.0,2.0,0.0,1.0,39084,2024-02-06 10:17:27.764448,baseline
7080.6309184420825,0.00011770000128308311,98.18620300292969,185.33450317382812,14.57118346,-0.010107441603395273,-0.039237808414327446,-0.00049591064453125,0.0,2.694781460584273,2.4193819456463714,0.05263157894736842,0.8672976612841676,0.5,0.36729766128416763,0.0,0.9365863092422602,0.2,0.0,2.770773239574737e-06,0.3470338059502446,0.3290633993602107,0.8836402918369701,0.0,219.1,221.6,6.0,1.66675,268.0,20.400000000000006,216.0,15.75,45.0,-9.75,1.0,1.0,39084,2024-04-23 21:18:06.496416,baseline
7080.722029260226,0.00011000000085914508,98.22779846191406,268.1863098144531,14.57090222,-0.007992260021637776,-0.019059001849200286,-9.918212890625e-05,0.0,2.8655768552072485,2.113283334294875,0.05263157894736842,0.7865026883745899,0.5,0.2865026883745899,0.0,0.5438188188581178,0.2,0.0,1.3458347394679565e-06,0.3470344998604572,0.3290579007047811,0.8831111314992579,0.0,241.9,249.9,8.0,2.083375,286.0,63.70000000000002,219.22500000000002,5.25,8.0,2.75,0.0,1.0,39084,2024-07-16 22:32:19.802976,baseline
7080.641599287704,0.00013139999646227807,98.21810150146484,348.6592102050781,14.57115049,-0.014911784808646189,-0.05320397510877228,-0.0010986328125,0.0,2.5100564603565396,2.5032583347756456,0.05263157894736842,0.7832320595037515,0.5,0.2832320595037515,0.0,0.0003275671658696632,0.2,0.0,3.7569812378442557e-06,0.34703400414585983,0.32906813335776697,0.8833778693553921,0.0,264.5,264.2,13.0,2.33325,170.0,67.30000000000001,259.3875,8.25,14.0,4.75,0.0,1.0,39084,2024-10-06 10:48:08.390304,baseline
7080.626852798663,0.00011999999696854502,98.20899963378906,69.63590240478516,14.57119601,-0.007220975482596259,-0.032962655648589134,-0.000396728515625,0.0,2.984769618706743,2.5032583347756456,0.05263157894736842,0.8803301767751422,0.5,0.38033017677514225,0.0,0.03858289478019196,0.2,0.0,2.3276569466263924e-06,0.3470343253418957,0.32918681173474507,0.8833669582007243,0.0,258.5,250.0,2.0,0.5415000000000001,257.0,74.5,234.0375,8.5,14.0,-6.5,0.0,1.0,39084,2024-12-27 13:53:42.808416,baseline
7080.556671966314,0.00010569999722065404,98.1937026977539,149.7631072998047,14.57141265,-0.011526071633852553,-0.03649614824098535,-0.00069427490234375,0.0,3.2210972500579573,2.6416041678685938,0.05263157894736842,0.8714261156351739,0.5,0.3714261156351739,0.0,0.9732517221213518,0.2,0.0,2.5771990003207407e-06,0.3470342908597972,0.32905992277523166,0.8832397195534362,0.0,184.0,182.3,11.0,2.541625,196.0,22.599999999999994,178.6125,18.25,36.0,-7.25,1.0,1.0,39084,2025-03-18 22:51:02.915712,baseline
7080.697362573176,0.0001449999981559813,98.22560119628906,235.4116973876953,14.57097836,-0.00564668914739741,-0.016198220498154114,-9.918212890625e-05,0.0,2.399537225087599,2.0588138903312014,0.05263157894736842,0.7761358832239029,0.5,0.2761358832239029,0.0,1.0,0.2,0.0,1.1438274987254e-06,0.34703459717681506,0.32907283664295817,0.8835542780436048,0.0,143.0,147.5,69.0,5.625,152.0,18.5,129.575,22.5,69.0,46.5,1.0,1.0,39084,2025-06-13 21:18:16.051392,baseline
7080.685593004273,0.00012320000678300858,98.21759796142578,328.55499267578125,14.57101469,-0.007127175987989176,0.034129205536373775,-0.00130462646484375,1.0,0.7742433029172697,1.879964948727111,0.21052631578947367,0.8443217614879355,0.5,0.3443217614879355,0.0,0.8427806965207103,0.2,0.0,3.328981539324208e-06,0.3470346906731583,0.3285319056577863,0.8866837302973037,0.0,134.7,136.2,17.0,3.16675,117.0,12.999999999999986,121.7875,15.375,48.0,1.625,1.0,1.0,39084,2025-09-16 05:45:37.187136,baseline
7080.611801869909,0.00010540000221226364,98.20490264892578,73.2666015625,14.57124247,-0.007162625298406056,-0.020548457540826348,-0.000396728515625,0.0,2.8258459340407502,2.5032583347756456,0.05263157894736842,0.8639896591594254,0.5,0.3639896591594254,0.0,0.0005659337201718705,0.2,0.0,1.4510337094444803e-06,0.34703447499734885,0.3290592308566301,0.883168707967131,0.0,170.5,164.8,7.0,1.70825,145.0,36.30000000000001,172.1125,9.25,20.0,-2.25,0.0,1.0,39084,2025-12-31 11:19:22.617984,baseline
7080.599598560434,0.0001190999973914586,98.1884994506836,159.2274932861328,14.57128014,-0.004451108115063107,-0.01596117485223658,-0.0009002685546875,0.0,1.8248169862168622,2.4193819456463714,0.05263157894736842,0.8881284027943319,0.5,0.3881284027943319,0.0,0.5655895602988914,0.2,0.0,1.1271042547091944e-06,0.34703474307153204,0.3290643041944871,0.8831122183280325,0.0,161.8,161.2,9.0,2.1248750000000003,128.0,54.60000000000001,136.3,25.625,78.0,-16.625,1.0,1.0,39084,2026-03-28 19:39:26.794368,baseline
7080.703764098846,0.00013479999324772507,98.2302017211914,240.672607421875,14.5709586,-0.001626300830139371,-0.007697400226788886,0.0,0.0,3.0503018554349817,2.7254805569978684,0.05263157894736842,0.8626848529793177,0.5,0.36268485297931774,0.0,0.2473019246969625,0.2,0.0,5.435472382400447e-07,0.34703474620518904,0.3290643008665506,0.883397039995662,0.0,108.0,114.3,6.0,1.5,61.0,-20.30000000000001,117.175,7.25,12.0,-1.25,0.0,1.0,39084,2026-06-19 13:34:22.222272,baseline
7080.7024909197635,0.0001357000001007691,98.2301025390625,241.35110473632812,14.57096253,-0.00263706875830394,-0.0073961093794423505,-9.918212890625e-05,0.0,2.945038697540245,2.4193819456463714,0.05263157894736842,0.7997579306144714,0.5,0.2997579306144714,0.0,0.6493465689304204,0.2,0.0,5.222718787812123e-07,0.34703479733013065,0.32906432019553195,0.8833201998555658,0.0,113.0,116.2,6.0,1.666625,88.0,-8.5,115.2625,6.5,12.0,-0.5,0.0,1.0,39084,2026-06-20 06:03:13.319136,baseline
7080.696057000639,0.0001353999978164211,98.22989654541016,244.94740295410156,14.57098239,-0.0077070982069926686,-0.01270911011579301,-0.00030517578125,0.0,1.4832261969709113,1.7527152789797047,0.05263157894736842,0.8981782120020291,0.5,0.3981782120020291,0.0,1.0,0.2,0.0,8.974465861894392e-07,0.3470348022253089,0.32906019371940937,0.8833924203455152,0.0,135.0,134.7,6.0,1.4166249999999998,76.0,22.0,116.25,5.5,6.0,0.5,0.0,1.0,39084,2026-06-23 21:24:07.882560,baseline
7080.692237475503,0.00013600000238511711,98.22989654541016,246.3043975830078,14.57099418,-0.010253444260342803,-0.014989802926720586,-0.00030517578125,0.0,1.9504809632118367,2.4193819456463714,0.05263157894736842,0.8618589512822052,0.5,0.36185895128220524,0.0,1.0,0.2,0.0,1.0584967276062645e-06,0.3470347431713492,0.3290667211678944,0.8846517347851219,0.0,156.0,161.1,24.0,3.625,87.0,45.0,124.875,8.625,24.0,15.375,0.0,1.0,39084,2026-06-25 06:21:49.845600,baseline
7080.691216992561,0.00013600000238511711,98.22989654541016,246.84730529785156,14.57099733,-0.004840008077735547,-0.014701469138344692,-0.00030517578125,0.0,1.930080144111599,2.2810361125534238,0.05263157894736842,0.8533045645813903,0.5,0.35330456458139026,0.0,0.34110896688074915,0.2,0.0,1.0381363765042795e-06,0.34703444023050467,0.32906438601611077,0.8868887568321809,0.0,156.0,161.1,24.0,3.625,87.0,45.0,124.875,8.625,24.0,15.375,0.0,1.0,39084,2026-06-25 19:32:54.606624,baseline
7080.689713805657,0.00013610000314656645,98.22989654541016,247.59359741210938,14.57100197,-0.002523669845686527,-0.015530810041127552,-0.00030517578125,0.0,2.030087224632132,2.0588138903312014,0.05263157894736842,0.852670816280675,0.5,0.352670816280675,0.0,0.6394527399852868,0.2,0.0,1.0966999769174603e-06,0.3470341877734142,0.32904742232372614,0.8871355477404459,0.0,164.0,168.1,11.0,2.5,104.0,56.0,131.5,9.25,24.0,1.75,0.0,1.0,39084,2026-06-26 13:40:38.644608,baseline
7080.687838062774,0.00013600000238511711,98.22989654541016,248.2042999267578,14.57100776,-0.0033789297867770074,-0.016518890648512752,-0.00030517578125,0.0,2.1234786725698864,2.113283334294875,0.05263157894736842,0.8329697253415365,0.5,0.33296972534153646,0.0,0.45228788000821907,0.2,0.0,1.1664729560205167e-06,0.34703459867556286,0.3290653392912753,0.8862108507360049,0.0,187.0,194.1,6.0,1.54175,112.0,74.0,141.375,9.25,24.0,-3.25,0.0,1.0,39084,2026-06-27 04:30:36.465120,baseline
7080.68676250783,0.00013590000162366778,98.22989654541016,248.8148956298828,14.57101108,-0.0029512978271668544,-0.016275911264528986,-0.00020599365234375,0.0,2.0750742231728343,2.4193819456463714,0.05263157894736842,0.7747101336372844,0.5,0.27471013363728436,0.0,0.06398903415469456,0.2,0.0,1.1493152962485294e-06,0.34703474171706317,0.32905902789484565,0.8852631026383809,0.0,187.0,194.1,6.0,1.54175,112.0,74.0,141.375,9.25,24.0,-3.25,0.0,1.0,39084,2026-06-27 19:20:34.276992,baseline
7080.685570326924,0.0001353999978164211,98.22989654541016,249.28990173339844,14.57101476,-0.002267735850182362,-0.012563279447931563,-0.0001068115234375,0.0,2.2081965922770874,2.197159723424149,0.05263157894736842,0.8740942618505066,0.5,0.37409426185050665,0.0,0.5873541705161209,0.2,0.0,8.871501639280781e-07,0.3470347208278901,0.3290644264414783,0.8834171451219714,0.0,190.0,192.3,4.0,0.9585,130.0,73.0,151.0,9.0,24.0,-5.0,0.0,1.0,39084,2026-06-28 06:52:45.897312,baseline
7080.682528324111,0.00013460000627674162,98.22989654541016,250.4434051513672,14.57102415,-0.004234183718835993,-0.009848455441897386,0.0,0.0,2.399537225087599,1.7527152789797047,0.05263157894736842,0.8586730067507292,0.5,0.3586730067507292,0.0,0.9279043153693001,0.2,0.0,6.954446218598068e-07,0.3470347391240105,0.3290645876537133,0.8833280673814423,0.0,200.0,201.9,3.0,0.541625,125.0,78.0,161.375,8.875,24.0,-5.875,0.0,1.0,39084,2026-06-29 10:53:48.359616,baseline
7080.678916152492,0.00013470000703819096,98.22979736328125,251.86830139160156,14.5710353,-0.006654174431787396,-0.012304079696150438,-9.918212890625e-05,0.0,2.354550226546897,2.197159723424149,0.05263157894736842,0.9096583335241899,0.5,0.4096583335241899,0.0,0.9677054658916004,0.2,0.0,8.688477338711598e-07,0.34703473355220016,0.3290592592936214,0.8835493542922611,0.0,203.0,209.3,18.0,2.666625,126.0,68.0,171.5,10.625,24.0,7.375,0.0,1.0,39084,2026-06-30 21:30:23.079744,baseline
7080.67744860785,0.0001353999978164211,98.22979736328125,252.47889709472656,14.57103983,-0.005079716261207068,-0.012631275578314671,-9.918212890625e-05,0.0,2.5445313041488338,2.725480556997868,0.05263157894736842,0.8540708036019504,0.5,0.3540708036019504,0.0,0.5976150696103588,0.2,0.0,8.935540444008564e-07,0.3470346920099563,0.3290651545629518,0.8839891769291491,0.0,216.0,258.1,12.0,2.45825,150.0,79.0,181.625,11.375,24.0,0.625,0.0,1.0,39084,2026-07-01 12:20:20.793120,baseline
7080.674831002517,0.00013549999857787043,98.22969818115234,253.2252960205078,14.57104791,-0.004085149975253444,-0.013794288984172454,-0.0001983642578125,0.0,2.7205827761460135,2.4193819456463714,0.05263157894736842,0.7926888933698538,0.5,0.2926888933698538,0.0,0.29026031891820947,0.2,0.0,9.740786829108955e-07,0.347034425519396,0.3291502222043524,0.8844821779896104,0.0,202.0,209.7,3.0,0.75,127.0,46.0,189.75,10.125,24.0,-7.125,0.0,1.0,39084,2026-07-02 06:28:04.631520,baseline
7080.673104291413,0.00013519999629352242,98.22959899902344,253.76809692382812,14.57105324,-0.0043443164368,-0.01436121463211748,-0.00029754638671875,0.0,2.839775539645508,2.7254805569978684,0.05263157894736842,0.8163420632622067,0.5,0.3163420632622067,0.0,0.25481056956646664,0.2,0.0,1.014112117279811e-06,0.34703459781670287,0.32918791989052104,0.8850605999782208,0.0,202.0,209.7,3.0,0.75,127.0,46.0,189.75,10.125,24.0,-7.125,0.0,1.0,39084,2026-07-02 19:39:09.223200,baseline
7080.6665473342555,0.0001353999978164211,98.22949981689453,255.60000610351562,14.57107348,-0.00828366826135607,-0.019162296388458344,-0.000396728515625,0.0,2.6550505394177746,2.1971597234241496,0.05263157894736842,0.86629102741769,0.5,0.36629102741769004,0.0,0.3625837343128492,0.2,0.0,1.3531393807798888e-06,0.347034719051041,0.3292164685991162,0.8862581661980928,0.0,163.0,166.0,77.0,5.70825,99.0,-24.0,192.5,16.375,77.0,60.625,1.0,1.0,39084,2026-07-04 16:09:02.096352,baseline
7080.664687804703,0.00013559999933931977,98.22940063476562,256.68560791015625,14.57107922,-0.008416486710302706,-0.01955427777920704,-0.00049591064453125,0.0,2.6703397002311076,1.836591668108979,0.05263157894736842,0.8380948634053141,0.5,0.33809486340531414,0.0,0.48681305663524493,0.2,0.0,1.3808193256292221e-06,0.34703459947951376,0.3292084654006596,0.8857263342056616,0.0,138.0,143.4,16.0,3.0835,101.0,-52.0,186.375,17.625,77.0,-1.625,1.0,1.0,39084,2026-07-05 18:31:11.144928,baseline
7080.66554629816,0.00013509999553207308,98.22940063476562,257.2283020019531,14.57107657,-0.0010010360956584918,-0.013988620623422321,-0.000396728515625,1.0,2.5048003829823355,2.1971597234241496,0.05263157894736842,0.830904030953685,0.5,0.33090403095368504,0.0,0.44896504484343236,0.2,0.0,1.048424927995618e-06,0.34703425240388297,0.3291762070549451,0.8851127871632438,0.0,128.0,129.5,6.0,1.583375,72.0,-72.0,178.625,17.875,77.0,-11.875,1.0,1.0,39084,2026-07-06 07:42:15.661440,baseline
7080.663832551102,0.0001348999940091744,98.22930145263672,258.1781921386719,14.57108186,-0.0008552536010029144,-0.013593379462690791,-0.00049591064453125,2.0,2.5048003829823355,2.7254805569978684,0.05263157894736842,0.8750189226683006,0.5,0.3750189226683006,0.0,0.9864703734825412,0.2,0.0,9.598930417998494e-07,0.34703445214005746,0.3291447571708453,0.8853582786553051,0.0,113.0,114.1,3.0,0.7498750000000001,59.0,-90.0,167.75,17.875,77.0,-14.875,1.0,1.0,39084,2026-07-07 06:46:38.501184,baseline
7080.662847713942,0.00013479999324772507,98.22930145263672,258.6531066894531,14.5710849,-0.0026985842177964514,-0.01336336237272917,-0.000396728515625,2.0,2.404793302461803,2.7254805569978684,0.05263157894736842,0.7888847978650755,0.5,0.2888847978650755,0.0,0.7991588967762051,0.2,0.0,9.43650597641594e-07,0.3470348402931209,0.32904872665911905,0.884734349158782,0.0,113.0,114.1,3.0,0.7498750000000001,59.0,-90.0,167.75,17.875,77.0,-14.875,1.0,1.0,39084,2026-07-07 18:18:49.912416,baseline
7080.661383417219,0.0001353999978164211,98.22930145263672,259.3995056152344,14.57108942,-0.0024491338826919673,-0.012142023146225256,-0.000396728515625,2.0,2.0353433020063356,2.725480556997868,0.05263157894736842,0.8363717867286593,0.5,0.3363717867286593,0.0,0.09560232033838678,0.2,0.0,8.574063122610023e-07,0.3470348051200177,0.3290652104096254,0.8844748559867559,0.0,114.0,119.8,11.0,2.4998750000000003,85.0,-102.0,156.625,17.0,77.0,-6.0,1.0,1.0,39084,2026-07-08 12:26:33.542592,baseline
7080.659397546989,0.00013580000086221844,98.22920227050781,260.6885986328125,14.57109555,-0.003450166953371081,-0.007363600848293572,-0.00029754638671875,0.0,2.7550576199383077,2.1971597234241496,0.05263157894736842,0.8304330688302889,0.5,0.3304330688302889,0.0,0.7560329513982249,0.2,0.0,5.199794744893904e-07,0.3470347484500267,0.3290588942265214,0.8842118510640868,0.0,111.0,113.4,15.0,2.75,82.0,-91.0,143.5,17.375,77.0,-2.375,1.0,1.0,39084,2026-07-09 19:45:21.584736,baseline
7080.657975366716,0.00013529999705497175,98.22920227050781,261.706298828125,14.57109994,-0.003408050503821869,-0.007149783677959931,-0.0001983642578125,0.0,2.4767967526855212,2.197159723424149,0.05263157894736842,0.7955953738422747,0.5,0.29559537384227474,0.0,0.993556317138451,0.2,0.0,5.04880922663704e-07,0.3470347408752037,0.32906560650283784,0.8843261979124647,0.0,113.0,110.7,12.0,2.583375,81.0,-66.0,132.375,18.5,77.0,-6.5,1.0,1.0,39084,2026-07-10 20:28:37.382016,baseline
7080.656553187158,0.0001336999994236976,98.22920227050781,262.5882873535156,14.57110433,-0.0028443598303056206,-0.00861731760778639,-0.0001983642578125,0.0,2.476796752685521,2.4193819456463714,0.05263157894736842,0.8765757789997423,0.5,0.37657577899974226,0.0,1.1878886204618093e-07,0.2,0.0,6.08510642653989e-07,0.34703470518779245,0.32906650671765264,0.8848252295823036,0.0,111.0,115.3,6.0,1.749875,76.0,-52.0,123.875,18.25,77.0,-12.25,1.0,1.0,39084,2026-07-11 17:54:07.049088,baseline
7080.6560089364,0.00013270000636111945,98.2291030883789,262.99530029296875,14.57110601,-0.001966430315405887,-0.008063344851507281,-0.0001983642578125,0.0,2.886122093394785,2.1971597234241496,0.05263157894736842,0.8098021755764776,0.5,0.3098021755764776,0.0,0.00024069883087708728,0.2,0.0,5.693920134983582e-07,0.3470346587244133,0.32904330217157834,0.8845954955346306,0.0,107.0,110.8,16.0,3.083125,69.0,-31.0,116.875,10.625,16.0,5.375,0.0,1.0,39084,2026-07-12 03:47:25.353312,baseline
7080.655503560791,0.0001328999933321029,98.2291030883789,263.40240478515625,14.57110757,-0.0010496263676031958,-0.007755581791570876,-0.0001983642578125,0.0,2.7153266987718094,2.4193819456463714,0.05263157894736842,0.8390150251562041,0.5,0.3390150251562041,0.0,5.6033209994506425e-06,0.2,0.0,5.476594234521871e-07,0.3470347257651403,0.3290333437795646,0.8845608337556826,0.0,107.0,110.8,16.0,3.083125,69.0,-31.0,116.875,10.625,16.0,5.375,0.0,1.0,39084,2026-07-12 13:40:43.653216,baseline
7080.6543308305545,0.00013309999485500157,98.2291030883789,264.0809020996094,14.57111119,-0.0016781058457127074,-0.00745429631024308,-0.0001983642578125,0.0,2.404793302461803,2.4193819456463714,0.05263157894736842,0.881378315954472,0.5,0.381378315954472,0.0,0.1791247308402154,0.2,0.0,5.26384291469943e-07,0.3470348008029287,0.3290663440895387,0.8840381334979329,0.0,100.0,106.4,7.0,1.70825,44.0,-28.0,112.125,9.5,16.0,-2.5,0.0,1.0,39084,2026-07-13 06:09:34.144416,baseline
7080.653851371924,0.00013339999713934958,98.2291030883789,264.62359619140625,14.57111267,-0.001652188866501092,-0.006346354256493214,-9.918212890625e-05,0.0,2.5423289894137597,2.058813890331201,0.05263157894736842,0.847903103487068,0.5,0.347903103487068,0.0,0.5131177070992721,0.2,0.0,4.481471714362153e-07,0.34703482515695583,0.32906629526493336,0.883554893591755,0.0,100.0,106.4,7.0,1.70825,44.0,-28.0,112.125,9.5,16.0,-2.5,0.0,1.0,39084,2026-07-13 19:20:38.531328,baseline
7080.652429194437,0.00013410000246949494,98.2291030883789,265.64129638671875,14.57111706,-0.0019016361175090424,-0.005682235053427576,-9.918212890625e-05,0.0,2.7205827761460135,2.197159723424149,0.05263157894736842,0.8652538986325006,0.5,0.3652538986325006,0.0,0.06646675303811755,0.2,0.0,4.012505691366738e-07,0.34703476536900724,0.32906751231447784,0.883269142662992,0.0,100.0,103.1,7.0,1.7915,39.0,-13.0,108.625,9.625,16.0,-2.625,0.0,1.0,39084,2026-07-14 20:03:54.237024,baseline
7080.651661413266,0.0001343000039923936,98.22899627685547,266.25189208984375,14.57111943,-0.0021899586581639596,-0.005218972314651182,-0.00020599365234375,0.0,2.689525383210069,2.4193819456463714,0.05263157894736842,0.827458861040312,0.5,0.32745886104031197,0.0,0.9304536339734165,0.2,0.0,3.685373662267276e-07,0.34703481198987374,0.32906729081080077,0.883162356882745,0.0,107.0,103.0,11.0,2.333375,29.0,-7.0,107.875,10.625,16.0,0.375,0.0,1.0,39084,2026-07-15 10:53:51.646272,baseline
7080.707535044828,0.00013800000306218863,98.22899627685547,266.65838623046875,14.57094696,0.05510585039064608,0.05116975377586641,-0.0001068115234375,0.0,0.2974722489192897,0.5032583347756457,0.10526315789473684,0.8441205091679089,0.5,0.34412050916790893,0.6235651072336772,0.008695318302666538,0.2,0.0,3.7663865397031047e-06,0.34703475428114006,0.3290469314426817,0.8834563936820441,0.0,107.0,103.0,11.0,2.333375,29.0,-7.0,107.875,10.625,16.0,0.375,0.0,1.0,39084,2026-07-15 20:47:10.119840,baseline
7080.707172204446,0.00013660000695381314,98.22889709472656,267.60870361328125,14.57094808,0.055510791179585794,0.05154229976142233,-0.00020599365234375,0.0,0.2974722489192897,0.5032583347756457,0.15789473684210525,0.8321002133316396,0.5,0.33210021333163964,0.0,0.8138699280450753,0.2,0.0,3.818315990317797e-06,0.347034779501148,0.329060988090879,0.8837169227835677,0.0,101.0,104.6,7.0,1.708375,52.0,-10.0,106.25,10.125,16.0,-3.125,0.0,1.0,39084,2026-07-16 19:51:33.743232,baseline
7080.706359053403,0.0001362000039080158,98.22889709472656,268.3550109863281,14.57095059,-0.0011759914250433212,0.05194723320619232,-0.00020599365234375,2.0,0.2974722489192897,0.5032583347756457,0.15789473684210525,0.8407806657305219,0.5,0.3407806657305219,0.0,0.6480911777457075,0.2,0.0,3.904331280402318e-06,0.3470395689727387,0.3290581529400258,0.8837023722024143,0.0,105.0,108.2,4.0,0.875,36.0,-8.0,105.5,8.75,16.0,-4.75,0.0,1.0,39084,2026-07-17 13:59:17.996352,baseline
7080.705523225084,0.0001362000039080158,98.22879791259766,269.03338623046875,14.57095317,-0.001648979361561942,0.05147099887835793,-0.00030517578125,2.0,0.2974722489192897,1.7527152789797047,0.21052631578947367,0.8334054972571727,0.5,0.3334054972571727,0.0,0.6438934404776484,0.2,0.0,3.929724089390153e-06,0.3470381038465504,0.3290690101621484,0.8837874556814376,0.0,110.0,114.0,3.0,0.791625,29.0,-1.0,105.125,7.625,16.0,-4.625,0.0,1.0,39084,2026-07-18 06:28:09.124320,baseline
7080.70427272271,0.0001345000055152923,98.22869873046875,269.7117919921875,14.57095703,-0.002086330692691263,0.0516718303451853,-0.00040435791015625,2.0,0.2974722489192897,2.113283334294875,0.21052631578947367,0.8457083166453095,0.5,0.34570831664530954,0.0,0.992927145883644,0.2,0.0,4.0322103677965245e-06,0.34703480774240825,0.3290598183789858,0.8837651404501455,0.0,110.0,114.0,3.0,0.791625,29.0,-1.0,105.125,7.625,16.0,-4.625,0.0,1.0,39084,2026-07-18 22:57:00.231552,baseline
7080.703116170488,0.00013470000703819096,98.22859954833984,270.59368896484375,14.5709606,-0.0024070545960057643,0.051137278113856155,-0.000396728515625,0.0,0.2974722489192897,2.7254805569978684,0.10526315789473684,0.8454683194844909,0.5,0.34546831948449086,0.0,0.9964136402282943,0.2,0.0,4.0761330524272755e-06,0.3470348080898036,0.32906829288886597,0.8840250266284779,0.0,120.0,123.2,2.0,0.45825,46.0,13.0,106.25,7.125,16.0,-5.125,0.0,1.0,39084,2026-07-19 20:22:30.664992,baseline
7080.701729604301,0.00013420000323094428,98.22850036621094,271.5434875488281,14.57096488,-0.002543118408539158,-0.007972764844453195,0.0,0.0,2.0750742231728343,2.5032583347756456,0.05263157894736842,0.826703707750531,0.5,0.32670370775053104,0.0,0.5203774213350754,0.2,0.0,5.629920885060826e-07,0.347034742264968,0.3290581213079195,0.8843978692277417,0.0,141.0,141.3,3.0,0.66675,83.0,41.0,110.5,5.5,11.0,-2.5,0.0,1.0,39084,2026-07-20 19:26:54.187296,baseline
7080.699312834018,0.00013380000018514693,98.22850036621094,272.2897033691406,14.57097234,-0.003803336469900387,-0.00796303910374263,-0.00049591064453125,0.0,2.80004461847901,2.7254805569978684,0.05263157894736842,0.8508832527554933,0.5,0.35088325275549326,0.0,0.9658237949394447,0.2,0.0,5.623055038790643e-07,0.3470347566416627,0.32901827873009765,0.8840935447189884,0.0,154.0,153.8,14.0,2.8335,95.0,54.0,117.25,6.375,14.0,7.625,0.0,1.0,39084,2026-07-21 13:34:38.349696,baseline
7080.697015932271,0.00013329999637790024,98.22830200195312,273.57861328125,14.57097943,-0.004713672030447924,-0.00969300282667973,-0.0005950927734375,0.0,3.010570934268484,2.5032583347756456,0.05263157894736842,0.7934914228360774,0.5,0.29349142283607743,0.0,0.9651970319046305,0.2,0.0,6.844660104845095e-07,0.34703473087356906,0.32903026432476556,0.8845954786832605,0.0,149.0,155.0,10.0,2.333375,88.0,42.0,123.375,6.75,14.0,3.25,0.0,1.0,39084,2026-07-22 20:53:27.331008,baseline
7080.695616410539,0.0001336999994236976,98.22830200195312,274.3247985839844,14.57098375,-0.0036964234795959783,-0.010308530450856779,-0.00049591064453125,0.0,3.036372249830224,2.5032583347756456,0.05263157894736842,0.8689399699519684,0.5,0.3689399699519684,0.0,0.39038735652564044,0.2,0.0,7.279312481077824e-07,0.34703467527855136,0.32905896441710364,0.8848049650966299,0.0,148.0,152.3,24.0,3.2917499999999995,100.0,47.0,128.5,8.375,24.0,15.625,0.0,1.0,39084,2026-07-23 15:01:11.451072,baseline
7080.69354304628,0.00013359999866224825,98.22830200195312,274.935302734375,14.57099015,-0.0034728859909591847,-0.010836584642675007,-0.000396728515625,0.0,2.9258530145612833,2.4193819456463714,0.05263157894736842,0.8121461560820112,0.5,0.31214615608201124,0.0,0.0012934347939858402,0.2,0.0,7.652196878684026e-07,0.34703462238812555,0.32905473661896967,0.8848170832595367,0.0,153.0,154.9,7.0,1.41675,109.0,48.0,135.0,8.375,24.0,-1.375,0.0,1.0,39084,2026-07-24 05:51:09.339840,baseline
7080.690750486196,0.00013154,98.2283,276.292,14.57099877,-0.0048659243429938215,-0.012825713411075412,-0.0003987304687456117,0.0,2.9450386975402454,2.4193819456463714,0.05263157894736842,0.8534913445168858,0.5,0.3534913445168858,0.0,1.883782544295067e-07,0.2,0.0,9.056811290196985e-07,0.34703465743087347,0.32904577930634377,0.8848518387755664,0.0,144.0,149.2,6.0,1.3751250000000002,103.0,34.0,139.875,8.625,24.0,-2.625,0.0,1.0,39084,2026-07-25 14:48:51.281280,baseline
26560.320713871115,0.0005881999968551099,55.12969970703125,89.9072036743164,2.00563911,0.0001765709494065959,0.014831949720246485,0.010498046875,4.0,1.1922508602346424,0.9864267287308426,0.21052631578947367,0.8167805998616464,0.5,0.3167805998616464,0.0,0.02045712594658323,0.0,0.0,8.293290108107336e-07,0.34703515501579196,0.3293737659934908,0.8828298350165916,0.0,143.3,138.9,10.0,2.29175,154.0,17.10000000000001,132.475,3.5,10.0,6.5,0.0,1.0,39166,2014-01-22 02:02:46.598784,asset
26560.36159012543,0.0013046000385656953,55.22489929199219,83.25279998779297,2.00563448,0.008563720733945956,0.01933457617633394,0.01110076904296875,1.0,2.4995443056081323,2.4193819456463714,0.05263157894736842,0.7615041235742117,0.5,0.2615041235742117,0.7826651012865734,0.0036537781214850827,0.0,0.0,3.639744636451713e-07,0.347034967284891,0.3294018310308774,0.8826492285703094,0.0,201.0,207.7,3.0,0.75,185.0,75.3,168.38750000000002,4.125,6.0,-1.125,0.0,1.0,39166,2014-07-06 14:43:32.324448,asset
26560.44034136544,0.0015986999496817589,55.3307991027832,76.32599639892578,2.00562556,-0.11803966708612279,0.002207161538535729,0.011798858642578125,2.0,1.465255650113225,1.6577427265048887,0.21052631578947367,0.8188277678372421,0.5,0.3188277678372421,0.0,0.3927814634513404,0.0,0.0,2.263642864702654e-06,0.34703523795030167,0.3295268240237626,0.8820225202726477,0.0,137.0,132.5,17.0,2.91675,88.0,-78.69999999999999,175.4375,12.375,19.0,4.625,0.0,1.0,39166,2014-12-26 02:56:47.633856,asset
26560.514149111335,0.0024248999543488026,55.43579864501953,69.64350128173828,2.0056172,-0.0006180096061143558,-0.002472038639098173,0.01059722900390625,2.0,2.549787381523038,2.0588138903312014,0.05263157894736842,0.8678808776729419,0.5,0.36788087767294186,0.0,0.13205862137306973,0.0,0.0,7.645194289784479e-08,0.3470348199136154,0.32979008251645825,0.8820244914648915,0.0,135.4,139.5,11.0,2.583375,93.0,26.900000000000006,128.575,9.875,36.0,1.125,1.0,1.0,39166,2015-06-10 15:35:52.706112,asset
26560.666357134553,0.00263740005902946,55.520999908447266,64.2927017211914,2.00559996,0.03037114861581358,0.040965714913909324,0.0092010498046875,2.0,0.2974722489192897,0.5032583347756457,0.10526315789473684,0.8516966927082436,0.5,0.35169669270824355,0.6250597411778098,0.3664669627603261,0.0,0.0,7.911176396869569e-07,0.3470349359722499,0.32982628392982527,0.8821052778388476,0.0,120.5,119.3,4.0,1.16675,107.0,13.700000000000003,118.5,8.625,19.0,-4.625,0.0,1.0,39166,2015-10-22 06:30:42.346080,asset
26559.883268340473,0.002957100048661232,55.56869888305664,61.11869812011719,2.00568866,-0.8521305072608811,-0.8458619956036273,0.0055999755859375,0.0,0.2974722489192897,0.5032583347756457,0.15789473684210525,0.8566389619237088,0.5,0.3566389619237088,0.0,0.6747014921012796,0.0,0.0,1.6032982735066414e-05,0.34703502633284533,0.329985135062629,0.8819784824699077,0.0,107.0,103.5,5.0,1.375,97.0,7.0,101.4375,8.125,16.0,-3.125,0.0,1.0,39166,2016-01-09 13:08:01.574016,asset
26559.949479927956,0.0034068000968545675,55.62179946899414,57.88740158081055,2.00568116,0.009093082459003199,0.007768847633997211,0.0066986083984375,1.0,3.010570934268484,2.2810361125534233,0.05263157894736842,0.8079311882324182,0.5,0.30793118823241816,0.7718645460245289,0.0465173164896281,0.0,0.0,1.4625120693341642e-07,0.3470349413516658,0.3302510038331852,0.8823662562010589,0.0,83.8,83.6,11.0,2.4165,17.0,-3.0,86.475,8.125,11.0,2.875,0.0,1.0,39166,2016-03-30 07:34:01.183008,asset
26559.99600485027,0.00366239994764328,55.66579818725586,54.78129959106445,2.00567589,-0.0007945450342958793,-0.010858787289180327,0.005397796630859375,1.0,3.03111617245602,2.4193819456463714,0.05263157894736842,0.8572959810397479,0.5,0.3572959810397479,0.0,1.0,0.0,0.0,2.094057588655586e-07,0.3470348244704414,0.3302379451177372,0.8824621301546937,0.0,88.2,91.0,6.0,1.6665,28.0,3.0,88.3125,9.25,21.0,-3.25,0.0,1.0,39166,2016-06-16 02:13:06.817728,asset
26560.065836757443,0.003735099919140339,55.71609878540039,51.53860092163086,2.00566798,-0.14098945925434236,-0.010682291765988339,0.00569915771484375,0.0,1.4832261969709113,1.6577427265048887,0.21052631578947367,0.8261381090594812,0.5,0.32613810905948115,0.0,0.05420701004863394,0.0,0.0,2.4530616011857838e-06,0.34703526970407905,0.3303863726627674,0.8826704548406514,0.0,93.8,95.3,17.0,3.0415,31.0,6.0,95.71249999999999,21.5,37.0,-4.5,1.0,1.0,39166,2016-09-05 08:38:05.196768,asset
26560.14105444527,0.0038840000052005053,55.75920104980469,48.39870071411133,2.00565946,-0.006621300835831789,-0.010505799251404824,0.005001068115234375,0.0,2.649794462043571,2.1971597234241496,0.05263157894736842,0.7755345006244854,0.5,0.27553450062448537,0.0,0.5456189561332907,0.0,0.0,1.977737263263523e-07,0.34703483230924415,0.3303110679382657,0.8827759846246687,0.0,77.7,75.7,11.0,2.2501249999999997,11.0,-3.200000000000003,77.5375,4.875,11.0,6.125,0.0,1.0,39166,2016-11-23 03:13:50.010240,asset
26560.18307770461,0.004293899983167648,55.8046989440918,45.1968994140625,2.0056547,-0.005032208169723162,-0.0023836772597860545,0.00579833984375,0.0,2.865576855207249,2.7254805569978684,0.05263157894736842,0.8331410388487006,0.5,0.3331410388487006,0.0,0.0017008021902858237,0.0,0.0,9.47321896214064e-08,0.34703486439632303,0.3305532061428414,0.88296942640889,0.0,75.7,73.8,4.0,0.79175,23.0,1.7000000000000028,73.425,8.125,15.0,-4.125,0.0,1.0,39166,2017-02-11 09:43:46.850304,asset
26560.22889737218,0.004748799838125706,55.856300354003906,41.07149887084961,2.00564951,0.006003358827001648,0.027279941488814075,0.005401611328125,0.0,2.900051698999543,2.0588138903312014,0.05263157894736842,0.8554570096626473,0.5,0.35545700966264726,0.7943121086629097,0.9358748123288314,0.0,0.0,5.135490850315452e-07,0.3470350464031301,0.3306063209347896,0.8834002293563895,0.0,80.2,82.4,2.0,0.45825000000000005,25.0,7.900000000000006,75.35000000000001,8.25,22.0,-6.25,0.0,1.0,39166,2017-05-26 02:37:51.796992,asset
26560.279396348396,0.004830200225114822,55.89789962768555,37.74259948730469,2.00564379,0.0032665494254615624,0.01986413640770479,0.004299163818359375,0.0,3.010570934268484,2.7254805569978684,0.05263157894736842,0.8419307445287039,0.5,0.34193074452870387,0.667128917362249,0.7406962586096532,0.0,0.0,3.739446272654094e-07,0.3470349751843187,0.3307445390190296,0.883498699100302,0.0,76.7,78.5,24.0,3.62525,45.0,5.700000000000003,72.5625,7.625,24.0,16.375,0.0,1.0,39166,2017-08-17 20:54:08.028864,asset
26560.30791248472,0.004894699901342392,55.92539978027344,35.131099700927734,2.00564056,-0.0020305637081037275,-0.011653675264824415,0.002899169921875,0.0,3.195295934496217,2.725480556997868,0.05263157894736842,0.8414437079397041,0.5,0.34144370793970413,0.0,0.8539485983290294,0.0,0.0,2.193813315360893e-07,0.34703483698379256,0.3305831031566252,0.8835638641192247,0.0,77.3,76.5,6.0,1.29175,11.0,7.0,73.45,9.375,25.0,-3.375,0.0,1.0,39166,2017-10-22 16:24:18.355392,asset
26560.348170689827,0.005131999962031841,55.950199127197266,32.63520050048828,2.005636,0.005297140967741143,0.01130056420515757,0.003299713134765625,0.0,2.820589856666546,2.7254805569978675,0.05263157894736842,0.834948840341492,0.5,0.33494884034149197,0.0,7.584200172573115e-05,0.0,0.0,2.3766355852852247e-07,0.3470349964049476,0.3306572672430204,0.8836041324473531,0.0,76.1,73.6,11.0,2.458125,29.0,5.099999999999994,73.65,8.375,23.0,2.625,0.0,1.0,39166,2017-12-24 12:07:04.363104,asset
26560.375980723235,0.005541900172829628,55.979000091552734,29.825000762939453,2.00563285,-0.008563739229430212,-0.007769165196805261,0.00360107421875,0.0,2.7153266987718094,2.4193819456463714,0.05263157894736842,0.8278300856431139,0.5,0.3278300856431139,0.0,1.0,0.0,0.0,1.4625477244988813e-07,0.3470348751578446,0.3309753388769576,0.8837569044438682,0.0,67.6,66.5,4.0,1.0831250000000001,0.0,-2.200000000000003,68.05,6.875,18.0,-2.875,0.0,1.0,39166,2018-03-05 07:17:10.055904,asset
26560.39672793842,0.005815200041979551,55.99800109863281,27.296300888061523,2.0056305,0.004061160198034486,0.00026485831767786294,0.002300262451171875,2.0,3.036372249830224,2.4193819456463714,0.05263157894736842,0.8463620192851553,0.5,0.3463620192851553,0.7426048582648543,0.7741241189815133,0.0,0.0,8.476135973299065e-08,0.3470348923633928,0.33077104721232164,0.8841675399686619,0.0,69.6,70.9,14.0,2.8335,20.0,1.1999999999999886,67.975,11.5,26.0,2.5,0.0,1.0,39166,2018-05-08 02:56:15.536256,asset
26560.466297619536,0.005913199856877327,56.019500732421875,24.57029914855957,2.00562262,0.00017657336866250262,0.019334766730025876,0.003002166748046875,2.0,3.0761031709967224,2.7254805569978675,0.05263157894736842,0.7942366827129985,0.5,0.2942366827129985,0.0,0.9969153486507377,0.0,0.0,3.6896260078528043e-07,0.3470349929004368,0.33090789623722944,0.8844021120146364,0.0,71.7,74.1,3.0,0.583125,12.0,0.10000000000000853,72.3125,4.75,7.0,-1.75,0.0,1.0,39166,2018-07-15 22:15:06.197184,asset
26560.54028212036,0.0059819999150931835,56.04069900512695,20.84309959411621,2.00561424,-0.004767515332787298,0.020747495531395543,0.004199981689453125,4.0,2.3523479118118225,2.7254805569978684,0.05263157894736842,0.8465238194407498,0.5,0.34652381944074984,0.0,0.6920074894159565,0.0,0.0,5.750524131915296e-07,0.34703481182394513,0.33093235683491284,0.8844215986640411,0.0,69.5,69.0,0.0,0.08325,0.0,-1.4000000000000057,70.69999999999999,6.125,13.0,-6.125,0.0,1.0,39166,2018-10-18 03:50:32.433504,asset
26559.930234383988,0.006618400104343891,56.06340026855469,15.927300453186035,2.00568334,0.008828219517454272,0.037078472658322426,0.001800537109375,0.0,2.8258459340407502,2.5032583347756456,0.05263157894736842,0.8132206819692828,0.5,0.31322068196928277,0.8423625712720495,1.0868013910860992e-05,0.0,0.0,6.980159803143519e-07,0.3470350652960581,0.3313063575464368,0.8852321674717538,0.0,70.2,68.6,2.0,0.49987499999999996,0.0,0.0,70.47500000000001,5.375,13.0,-3.375,0.0,1.0,39166,2019-02-19 07:22:31.448352,asset
26560.052064562424,0.0070559000596404076,56.07460021972656,9.601400375366211,2.00566954,0.02878029862404219,0.022070788119890494,0.0009002685546875,2.0,2.780858935500048,2.725480556997868,0.05263157894736842,0.8382650229833882,0.5,0.33826502298338823,0.7812398418480366,0.5722063395345596,0.0,0.0,4.1548867860788123e-07,0.3470346759866062,0.33138050420842396,0.8854759677254074,0.0,66.1,68.2,4.0,0.9998750000000001,0.0,-1.2000000000000028,67.275,4.0,7.0,0.0,0.0,1.0,39166,2019-07-29 08:22:50.704608,asset
26560.166921683976,0.007700200192630291,56.0630989074707,2.0329999923706055,2.00565653,0.019952210153860506,0.015273155389877502,-0.003101348876953125,3.0,2.9655839357277816,2.5032583347756456,0.05263157894736842,0.8370919173144252,0.5,0.3370919173144252,0.7866341769353197,0.9931857987949375,0.0,0.0,2.875200676794093e-07,0.3470346633120239,0.33145056880607005,0.8847302669141619,0.0,70.6,68.6,4.0,1.125,0.0,-3.700000000000003,72.5,6.375,12.0,-2.375,0.0,1.0,39166,2020-02-05 19:15:35.361504,asset
26560.259090787153,0.008198400028049946,56.031700134277344,355.37310791015625,2.00564609,0.01492014853283763,0.025426039366720943,-0.004199981689453125,0.0,2.9708400131019856,2.7254805569978684,0.05263157894736842,0.9037968687504402,0.5,0.4037968687504402,0.7039986679391702,0.5595453807462138,0.0,0.0,4.786485240386883e-07,0.3470350676549059,0.33166145194415897,0.8859633738484645,0.0,70.3,72.5,2.0,0.499875,11.0,1.5999999999999943,69.225,3.125,4.0,-1.125,0.0,1.0,39166,2020-07-23 07:44:00.428352,asset
26560.353202976192,0.008850200101733208,55.970298767089844,347.8179931640625,2.00563543,0.01271313990582712,0.006444857546739513,-0.006999969482421875,1.0,3.0503018554349817,2.4193819456463714,0.05263157894736842,0.8321580196615698,0.5,0.33215801966156977,0.7391344244242213,1.0,0.0,0.0,2.576072427249984e-07,0.3470350230370527,0.33184994596658596,0.8865141375463745,0.0,73.7,71.6,1.0,0.249875,0.0,-4.200000000000003,76.175,6.25,15.0,-5.25,0.0,1.0,39166,2021-01-30 06:41:42.649440,asset
26560.486956724242,0.00932290032505989,55.88100051879883,340.0386962890625,2.00562028,0.02268969829674461,0.02366085162066156,-0.015399932861328125,1.0,3.1416354077249604,2.5032583347756456,0.05263157894736842,0.812716942732904,0.5,0.31271694273290396,0.6700109031389361,3.6015816147002016e-08,0.0,0.0,4.454147898376969e-07,0.34703504289927256,0.33198170669351007,0.8871570134551474,0.0,72.6,74.5,3.0,0.708375,19.0,-1.1000000000000085,73.3,5.0,10.0,-2.0,0.0,1.0,39166,2021-08-14 17:18:35.923968,asset
26560.067161007908,0.0097850002348423,55.807899475097656,334.69390869140625,2.00566783,0.00953459964148351,0.023395067193632713,-0.005901336669921875,0.0,2.860320777833045,2.4193819456463714,0.05263157894736842,0.7642252304839531,0.5,0.2642252304839531,0.8416619961692988,0.42160060054727905,0.0,0.0,4.404183639130033e-07,0.34703502067460157,0.33196173695816594,0.889001476979206,0.0,123.9,119.9,10.0,2.125,107.0,1.2000000000000028,129.4625,7.5,13.0,2.5,0.0,1.0,39166,2021-12-27 08:04:35.823936,asset
26560.101679861516,0.010298999957740307,55.74769973754883,330.9674987792969,2.00566392,-0.005738439216656843,-0.00044141829130239785,-0.00659942626953125,3.0,2.8205898566665466,2.725480556997868,0.05263157894736842,0.8495423174061947,0.5,0.3495423174061947,0.0,0.0025405805485084858,0.0,0.0,1.329568433699251e-07,0.3470348651552859,0.33211966543989685,0.8889650063423467,0.0,239.5,239.0,26.0,3.79175,124.0,127.9,146.125,10.875,26.0,15.125,0.0,1.0,39166,2022-03-31 01:38:54.484224,asset
26560.15226651711,0.010401399806141853,55.68619918823242,327.1606140136719,2.00565819,0.012448047538782703,0.006533019677590346,-0.007999420166015625,2.0,2.780858935500048,2.4193819456463714,0.05263157894736842,0.8456709592034151,0.5,0.34567095920341506,0.7490127117141807,1.0,0.0,0.0,1.4459084341137734e-07,0.3470349163075436,0.3321686430761102,0.8893237761547363,0.0,104.4,107.9,19.0,3.3335,59.0,6.200000000000003,98.875,9.125,19.0,9.875,0.0,1.0,39166,2022-07-04 19:05:06.244224,asset
26560.202676844587,0.010465100407600403,55.61909866333008,323.4656066894531,2.00565248,-8.828450154396705e-05,0.01650918787709088,-0.00730133056640625,3.0,2.80004461847901,2.197159723424149,0.05263157894736842,0.7762418732567301,0.5,0.2762418732567301,0.0,1.0,0.0,0.0,3.240839687166596e-07,0.3470349764675327,0.33233893789468,0.8896494203881891,0.0,161.0,161.0,13.0,2.7498750000000003,164.0,26.19999999999999,147.425,11.25,24.0,1.75,0.0,1.0,39166,2022-10-05 12:44:03.002784,asset
26560.215124965784,0.010993000119924545,55.545101165771484,319.4457092285156,2.00565107,0.01041757759594475,0.004767367288877722,-0.009098052978515625,0.0,2.7550576199383077,2.1971597234241496,0.05263157894736842,0.8168647153289663,0.5,0.3168647153289663,0.8049535974931126,0.11467757840955434,0.0,0.0,1.612110638776373e-07,0.34703493834717425,0.3324807122598011,0.8896768597853429,0.0,227.8,220.4,9.0,2.04175,189.0,48.900000000000006,198.7,7.375,11.0,1.625,0.0,1.0,39166,2023-01-14 05:50:13.473600,asset
26560.246201190148,0.011418599635362625,55.45869827270508,315.037109375,2.00564755,0.006709647048410261,0.005826798991620308,-0.00930023193359375,1.0,3.010570934268484,2.7254805569978684,0.05263157894736842,0.7987445169833383,0.5,0.29874451698333826,0.7157019073614952,0.02897969250727025,0.0,0.0,1.495775324366807e-07,0.3470350073946429,0.33246881807751916,0.8898285670999195,0.0,162.0,164.7,5.0,1.375,138.0,21.19999999999999,152.85000000000002,11.625,21.0,-6.625,0.0,1.0,39166,2023-05-04 10:17:47.937120,asset
26560.295817395883,0.011481700465083122,55.33440017700195,308.98638916015625,2.00564193,-0.007151109253754839,0.016950758268649224,-0.014598846435546875,3.0,2.860320777833045,2.4193819456463714,0.05263157894736842,0.8310430201378346,0.5,0.3310430201378346,0.0,0.9880308727185695,0.0,0.0,4.5538202887219903e-07,0.3470350609280074,0.33251338113914924,0.8883263944078345,0.0,157.4,157.7,8.0,1.83325,168.0,-12.799999999999983,158.9375,13.125,28.0,-5.125,0.0,1.0,39166,2023-10-02 11:57:49.545504,asset
26560.37094842608,0.01203710027039051,55.246498107910156,304.8218994140625,2.00563342,0.006798011669161497,0.07415989218861796,-0.01110076904296875,0.0,0.2974722489192897,2.725480556997868,0.05263157894736842,0.8390496228683204,0.5,0.3390496228683204,0.6743562307472064,0.0041092606507444705,0.0,0.0,1.3960657333084296e-06,0.3470350192949496,0.332672697969836,0.890680784722955,0.0,187.9,181.7,6.0,1.66675,161.0,20.80000000000001,182.175,4.0,6.0,2.0,0.0,1.0,39166,2024-01-14 04:52:23.713536,asset
26560.40370254327,0.012403200380504131,55.15439987182617,300.4645080566406,2.00562971,0.006444888182159048,0.023307522325922037,-0.008701324462890625,0.0,2.5100564603565396,2.725480556997868,0.05263157894736842,0.8289898125343746,0.5,0.32898981253437465,0.7826651023927715,0.5466904429218095,0.0,0.0,4.387647481353243e-07,0.3470350207521802,0.33282104116904826,0.8916205108254662,0.0,134.8,136.9,7.0,1.583375,119.0,-64.29999999999998,151.7125,8.25,17.0,-1.25,0.0,1.0,39166,2024-05-01 09:29:05.197920,asset
26560.454114063796,0.01243400014936924,55.03160095214844,294.77679443359375,2.005624,0.00909351437803707,0.023219346523546847,-0.013397216796875,0.0,2.9708400131019856,2.7254805569978675,0.05263157894736842,0.8606309729385433,0.5,0.3606309729385433,0.7426048573875959,0.971915099640704,0.0,0.0,4.371040053185756e-07,0.3470350879800761,0.33276344123406587,0.8895018482906332,0.0,161.2,162.6,18.0,3.041625,105.0,-40.0,173.91250000000002,32.5,71.0,-14.5,1.0,1.0,39166,2024-09-19 11:51:24.573024,asset
26560.47927577037,0.013109000399708748,54.91889953613281,289.5773010253906,2.00562115,0.007327801398787415,-0.003972906481067184,-0.013500213623046875,1.0,2.905307776373747,2.4193819456463714,0.05263157894736842,0.8506177687263909,0.5,0.35061776872639094,0.0,0.8032504417823934,0.0,0.0,2.1439737586188924e-07,0.34703484628088044,0.3329909630534434,0.8912108400115764,0.0,170.5,165.4,2.0,0.2915,108.0,-65.30000000000001,211.325,9.25,19.0,-7.25,0.0,1.0,39166,2025-01-26 03:05:02.381856,asset
26560.569946694988,0.013304400257766247,54.80110168457031,283.9609069824219,2.00561088,0.012007099714537617,0.0013243131361377891,-0.01529693603515625,2.0,2.9311090919354874,2.2810361125534233,0.05263157894736842,0.8009955083954934,0.5,0.3009955083954934,0.7943121108505835,1.0,0.0,0.0,2.160604122904669e-07,0.347034800251516,0.33273648689332036,0.8902526168950381,0.0,143.0,147.5,69.0,5.625,152.0,18.5,129.575,22.5,69.0,46.5,1.0,1.0,39166,2025-06-13 17:38:18.835872,asset
26560.197997767344,0.013661599718034267,54.6703987121582,277.42041015625,2.00565301,0.0007945600809762254,-0.007415896965540014,-0.01650238037109375,1.0,2.3789919869000626,2.113283334294875,0.05263157894736842,0.7624354054358876,0.5,0.2624354054358876,0.0,0.9970295137388772,0.0,0.0,1.6952086214619606e-07,0.3470347946824397,0.333164513326802,0.8912045520996128,0.0,121.2,118.3,7.0,1.79175,66.0,-24.10000000000001,127.17500000000001,7.125,17.0,-0.125,0.0,1.0,39166,2025-11-21 18:35:57.352704,asset
26560.301909081238,0.014181599952280521,54.57789993286133,272.7701110839844,2.00564124,0.012006796783680329,0.0005297119059832767,-0.01200103759765625,0.0,2.135350382526869,2.0588138903312014,0.05263157894736842,0.8254179270807929,0.5,0.32541792708079287,0.7426048582648621,0.9889529397185259,0.0,0.0,2.3101494755194e-07,0.34703476646426346,0.33317646555876795,0.8920288536422423,0.0,108.9,107.8,17.0,3.083375,64.0,-25.599999999999994,121.77499999999999,17.25,42.0,-0.25,1.0,1.0,39166,2026-03-15 22:46:40.168128,asset
26562.5016967762,0.0141490015306917,54.48297325475957,0.0,2.005392097790572,2.1445209406665526,1.629330881034548,-0.0003263091624461367,1.0,2.694781460584273,2.5032583347756456,0.5263157894736842,0.7400441484647996,0.5,0.2400441484647996,0.8483990662853956,0.9313460194937163,0.0,0.0,3.067116682460307e-05,0.34702875133884836,0.3340172756220588,0.8884669515734229,0.0,137.0,141.9,13.0,2.70825,90.0,26.0,119.25,6.375,13.0,6.625,0.0,1.0,39166,2026-06-24 15:00:45.244503,asset
26560.766063678548,0.0141280462925288,54.48285235544388,0.0,2.005588666768519,0.7977712532556325,-0.31303134388508624,-9.141238613352698e-05,4.0,2.497341990873058,2.9477027792200907,0.5263157894736842,0.7540693252393202,0.5,0.25406932523932024,0.0,0.8528642164966216,0.0,0.0,3.0905660864478385e-05,0.34704706571805255,0.4751804062246198,0.8771689624720533,0.0,137.0,141.9,13.0,2.70825,90.0,26.0,119.25,6.375,13.0,6.625,0.0,1.0,39166,2026-06-24 21:00:45.244503,asset
26560.182640876636,0.0141309964573155,54.4831132888025,0.0,2.0056547494796724,-2.3190558995629544,-0.9390143796372286,-0.001258953657163886,5.0,2.694781460584273,2.5032583347756456,0.5263157894736842,0.7873069750133533,0.5,0.28730697501335334,0.0,0.230739374291552,0.0,0.0,3.170681181159253e-05,0.3470518154778348,0.3337965936638378,0.8994417844527488,0.0,156.0,161.1,24.0,3.625,87.0,45.0,124.875,8.625,24.0,15.375,0.0,1.0,39166,2026-06-25 15:00:45.244503,asset
26560.469210400955,0.0141449158638845,54.4837070748048,0.0,2.00562229007698,-0.29685327759216307,-0.0018817502095771488,0.0005322853223646007,8.0,2.694781460584273,2.0588138903312014,0.631578947368421,0.8002356661507735,0.5,0.30023566615077346,0.0,0.008337611695283258,0.0,0.0,3.8225335094143935e-05,0.34702909860573583,0.6428907751104194,0.8084887000178362,0.0,156.0,161.1,24.0,3.625,87.0,45.0,124.875,8.625,24.0,15.375,0.0,1.0,39166,2026-06-25 21:00:45.244503,asset
26559.104688826486,0.0141339273693083,54.483506371534304,0.0,2.0057768557184645,-1.0779520501491788,-1.4107405536233273,0.0007823512531572874,6.0,2.8258459340407502,1.6577427265048887,0.6842105263157895,0.7350737422221658,0.5,0.23507374222216582,0.0,0.9099391783510709,0.0,0.0,3.7390657348642864e-05,0.34704614503525655,0.5446887329311646,0.873345837986784,0.0,164.0,168.1,11.0,2.5,104.0,56.0,131.5,9.25,24.0,1.75,0.0,1.0,39166,2026-06-26 15:00:45.244503,asset
26561.186793811186,0.0141531451967054,54.48298619984648,0.0,2.005541014064736,0.7175834102308727,0.4705755780596519,0.0001211885053535866,6.0,2.713124384036735,1.6577427265048887,0.5789473684210527,0.7701091082143245,0.5,0.27010910821432454,0.0,0.10433416851326821,0.0,0.0,3.36107001655171e-05,0.34702461145421926,0.42851410479913876,0.8303134779110003,0.0,164.0,168.1,11.0,2.5,104.0,56.0,131.5,9.25,24.0,1.75,0.0,1.0,39166,2026-06-26 21:00:45.244503,asset
26559.774346288392,0.0141576975939588,54.484047377117456,0.0,2.005700998053732,0.6696574619054445,-1.4389457798788499,0.0012349838271390468,4.0,2.5637169871277967,2.4193819456463714,0.5789473684210527,0.7069701500707005,0.5,0.20697015007070052,0.0,0.0002839186825227624,0.0,0.0,3.9694065721882204e-05,0.34706537391798165,0.5126719770023079,0.7836175576140376,0.0,187.0,194.1,6.0,1.54175,112.0,74.0,141.375,9.25,24.0,-3.25,0.0,1.0,39166,2026-06-27 15:00:45.244503,asset
26560.92963776326,0.0141292659602063,54.48259428625195,0.0,2.0055701398289583,-0.2571560479264008,0.5758167868261808,-0.015505994509766197,5.0,2.4842551447948,2.725480556997868,0.5263157894736842,0.683006889965988,0.5,0.18300688996598802,0.0,1.42844025477259e-05,0.0,0.0,3.3390033300124455e-05,0.3470377412116902,0.467495130530582,0.790642248648705,0.0,187.0,194.1,6.0,1.54175,112.0,74.0,141.375,9.25,24.0,-3.25,0.0,1.0,39166,2026-06-27 21:00:45.244503,asset
26559.201904449845,0.0141429290677731,54.48365435852829,0.0,2.005765843000371,-0.5724418385470926,-2.921628860418423,-0.0005450113750740115,3.0,2.549787381523038,2.5032583347756456,0.5263157894736842,0.7402145108656958,0.5,0.24021451086569579,0.0,0.13088265719214115,0.0,0.0,5.682772801409983e-05,0.34703204005293375,0.512601768627306,0.7832270360302992,0.0,190.0,192.3,4.0,0.9585,130.0,73.0,151.0,9.0,24.0,-5.0,0.0,1.0,39166,2026-06-28 15:00:45.244503,asset
26561.519689076198,0.0141550003465168,54.48290871721747,0.0,2.0055033110441647,0.5900513129381579,1.1671041002118727,-0.01439047711846797,2.0,2.5423289894137593,2.0588138903312014,0.631578947368421,0.7667535282269452,0.5,0.2667535282269452,0.0,0.33008579264650306,0.0,0.0,4.1693719261188514e-05,0.3470339540679769,0.4677325641067832,0.7507075133529044,0.0,200.0,201.9,3.0,0.541625,125.0,78.0,161.375,8.875,24.0,-5.875,0.0,1.0,39166,2026-06-29 09:00:45.244503,asset
26559.914038323426,0.0141386244187249,54.48242359588496,0.0,2.0056851745790056,0.7121338735814788,-2.2135144620915526,-0.0006086415924286825,3.0,2.615319618251277,2.2810361125534238,0.5263157894736842,0.826379923920895,0.5,0.326379923920895,0.0,0.053093880263411324,0.0,0.0,5.690338548870571e-05,0.34708062849375454,0.6283112635083903,0.8265381203230112,0.0,203.0,209.3,18.0,2.666625,126.0,68.0,171.5,10.625,24.0,7.375,0.0,1.0,39166,2026-06-30 03:00:45.244503,asset
26560.638788597927,0.0141380382890695,54.48341550804099,0.0,2.0056030825606475,-0.8809004782706324,0.28699819358371315,-0.013082599869164824,3.0,2.8603207778330444,2.7254805569978684,0.6842105263157895,0.793922913769223,0.5,0.29392291376922297,0.0,0.3730866464672026,0.0,0.0,4.170867773688588e-05,0.3470010789846112,0.3493802362533797,0.8880711631776875,0.0,203.0,209.3,18.0,2.666625,126.0,68.0,171.5,10.625,24.0,7.375,0.0,1.0,39166,2026-06-30 21:00:45.244503,asset
26558.92473750318,0.0141323740643372,54.48254765173871,0.0,2.005797241115148,-0.989300820245262,-1.0428025082364911,-7.116638445836543e-05,5.0,2.9258530145612833,2.503258334775646,0.5789473684210527,0.7864855735678419,0.5,0.2864855735678419,0.0,0.9834900435842867,0.0,0.0,4.8942591504422564e-05,0.34703883304150107,0.6447814792330149,0.817983203254461,0.0,216.0,258.1,12.0,2.45825,150.0,79.0,181.625,11.375,24.0,0.625,0.0,1.0,39166,2026-07-01 09:00:45.244503,asset
26559.659687885425,0.0141257108943074,54.48394276542709,0.0,2.0057139860244457,-0.9791007125022588,-0.6920142331800889,-0.011857252883459068,4.0,2.9655839357277816,2.7254805569978675,0.47368421052631576,0.8082183402270507,0.5,0.30821834022705075,0.0,0.515844069988668,0.0,0.0,4.171033978997819e-05,0.3470394499964474,0.49603232501267647,0.8805348672750702,0.0,202.0,209.7,3.0,0.75,127.0,46.0,189.75,10.125,24.0,-7.125,0.0,1.0,39166,2026-07-02 03:00:45.244503,asset
26560.35797040758,0.014142800122499466,54.49209976196289,268.3439025878906,2.00563489,1.4332329043973004,-2.209460508336633,0.009319788452927469,5.0,2.9258530145612833,2.7254805569978684,0.631578947368421,0.8437480542167,0.5,0.34374805421669996,0.0,0.03059932389645299,0.0,0.0,8.229908246166817e-05,0.34704144937096537,0.6417018010566059,0.8688021010575642,0.0,202.0,209.7,3.0,0.75,127.0,46.0,189.75,10.125,24.0,-7.125,0.0,1.0,39166,2026-07-02 15:20:22.496064,asset
26561.5900550628,0.0141269541973213,54.48384780824232,0.0,2.005495341691123,1.930367177374137,2.096633020471927,0.0007221949193549904,4.0,3.010570934268484,2.7254805569978675,0.631578947368421,0.721250996800389,0.5,0.22125099680038895,0.682242025024896,0.004057373512863488,0.0,0.0,3.9469722016240975e-05,0.3470462988340345,0.33370538111086817,0.8924855234052589,0.0,179.0,192.9,8.0,1.708375,115.0,15.0,192.625,8.125,18.0,-0.125,0.0,1.0,39166,2026-07-03 09:00:45.244503,asset
26559.243490704645,0.0141283627062144,54.48334964743361,0.0,2.0057611320836166,-1.1144797029337496,-0.6644809788231214,3.776203899974462e-05,6.0,2.9450386975402454,2.9477027792200907,0.5263157894736842,0.6830510147964347,0.5,0.1830510147964347,0.0,0.002536267077832474,0.0,0.0,3.223916132547313e-05,0.34707222233925905,0.3472556014120857,0.890017173679095,0.0,163.0,166.0,77.0,5.70825,99.0,-24.0,192.5,16.375,77.0,60.625,1.0,1.0,39166,2026-07-04 03:00:45.244503,asset
26560.55266043672,0.0141292534639076,54.4828137493157,0.0,2.00561283795135,-1.0373946260806406,-0.739217706850468,-0.00020871059304994333,5.0,2.80004461847901,2.2810361125534233,0.42105263157894735,0.5697346370371773,0.5,0.0697346370371773,0.0,0.4406107774055705,0.0,0.0,4.456096099270006e-05,0.34705095421631693,0.6243474282595313,0.8618615207962755,0.0,163.0,166.0,77.0,5.70825,99.0,-24.0,192.5,16.375,77.0,60.625,1.0,1.0,39166,2026-07-04 15:00:45.244503,asset
26560.36415041441,0.014141599647700787,54.490299224853516,268.2421875,2.00563419,1.120659709766187,0.00953486618163879,-0.002899169921875,4.0,2.6100635408770727,2.197159723424149,0.3684210526315789,0.6928992305977918,0.5,0.1928992305977918,0.0,0.009293795124749801,0.0,0.0,2.6917887781625473e-05,0.34702225553265864,0.6351711833753289,0.8723067924071128,0.0,138.0,143.4,16.0,3.0835,101.0,-52.0,186.375,17.625,77.0,-1.625,1.0,1.0,39166,2026-07-05 03:10:08.205024,asset
26560.365474702056,0.014141200110316277,54.489898681640625,268.2218933105469,2.00563404,-0.18718573466321686,-0.43054959022265393,0.006660423238344038,4.0,2.970840013101985,2.5032583347756456,0.21052631578947367,0.7000985016285092,0.5,0.20009850162850917,0.0,0.48853917004498093,0.0,0.0,2.9226463583337016e-05,0.3470186578350538,0.6429036545994611,0.8636141103367819,0.0,138.0,143.4,16.0,3.0835,101.0,-52.0,186.375,17.625,77.0,-1.625,1.0,1.0,39166,2026-07-05 15:08:05.246592,asset
26560.501603254983,0.0141321053811348,54.48289135428711,0.0,2.005618621030482,0.13745284057222307,-0.6296451662201434,-0.00039731806072751397,5.0,2.7205827761460135,2.725480556997868,0.3157894736842105,0.649861913446328,0.5,0.14986191344632804,0.0,0.5679919230346916,0.0,0.0,3.553672548564465e-05,0.347030283708919,0.5440704478479557,0.8755187029590922,0.0,128.0,129.5,6.0,1.583375,72.0,-72.0,178.625,17.875,77.0,-11.875,1.0,1.0,39166,2026-07-06 03:00:45.244503,asset
26560.36785842023,0.014140499755740166,54.48910140991211,268.18121337890625,2.00563377,0.002383718176133698,-0.06582106872519944,0.006303994593864104,6.0,2.839775539645508,2.5032583347756456,0.2631578947368421,0.6672431394431606,0.5,0.1672431394431606,0.0,3.0221009940355943e-06,0.0,0.0,2.2405547519155814e-05,0.3470311738482571,0.6416861881545249,0.7384053929321623,0.0,128.0,129.5,6.0,1.583375,72.0,-72.0,178.625,17.875,77.0,-11.875,1.0,1.0,39166,2026-07-06 15:03:59.341824,asset
26560.36882956483,0.014140100218355656,54.488800048828125,268.1607971191406,2.00563366,-0.1327736901512253,-0.1796042692294577,0.006329678093138114,5.0,3.195295934496217,2.5032583347756456,0.42105263157894735,0.6561630476459107,0.5,0.1561630476459107,0.0,0.00014169404395903388,0.0,0.0,2.4565741955938826e-05,0.34703975525745545,0.6427219522689364,0.6819172263428148,0.0,113.0,114.1,3.0,0.7498750000000001,59.0,-90.0,167.75,17.875,77.0,-14.875,1.0,1.0,39166,2026-07-07 03:01:56.404128,asset
26561.11495486569,0.0141314534800683,54.482990509191175,0.0,2.005549150548234,0.7470964454587374,1.3634270829134039,3.7205043959431805e-05,3.0,2.865576855207249,2.7254805569978675,0.3684210526315789,0.804158433471945,0.5,0.30415843347194504,0.0,4.371928844579337e-10,0.0,0.0,3.5361717809773605e-05,0.3470434769447611,0.5434154100274463,0.8870923966330015,0.0,113.0,114.1,3.0,0.7498750000000001,59.0,-90.0,167.75,17.875,77.0,-14.875,1.0,1.0,39166,2026-07-07 21:00:45.244503,asset
26561.611934760982,0.0141427782405813,54.48367263907227,0.0,2.005492863700112,1.2431051961502817,2.1444454320298973,0.0005655420635477526,4.0,2.9708400131019856,2.7254805569978675,0.5263157894736842,0.7497147752741935,0.5,0.2497147752741935,0.6170160450517183,0.6049733033272862,0.0,0.0,4.070910925462896e-05,0.34704708596003975,0.6555372683040868,0.7865268393123732,0.0,114.0,119.8,11.0,2.4998750000000003,85.0,-102.0,156.625,17.0,77.0,-6.0,1.0,1.0,39166,2026-07-08 03:00:45.244503,asset
26559.51942313264,0.0141162802491146,54.48300694141265,0.0,2.0057298747540213,-1.5955317330517573,-0.6252070463124255,0.0003120659064421716,5.0,2.7808589355000484,2.1971597234241496,0.5263157894736842,0.7502780852781564,0.5,0.2502780852781564,0.0,0.6283163471488453,0.0,0.0,2.7961198026831297e-05,0.34705613678295055,0.6422993840083918,0.7144182594005128,0.0,114.0,119.8,11.0,2.4998750000000003,85.0,-102.0,156.625,17.0,77.0,-6.0,1.0,1.0,39166,2026-07-08 15:00:45.244503,asset
26559.767136310362,0.0141547018544792,54.48343814423661,0.0,2.005701814762386,-1.8447984506201465,-0.9358213968043856,0.00013807473898452827,5.0,2.905307776373747,2.1971597234241496,0.47368421052631576,0.6480354450460014,0.5,0.1480354450460014,0.0,0.23410230644952673,0.0,0.0,2.970294292622027e-05,0.34703793631400137,0.6416938392952589,0.8302113493901053,0.0,111.0,113.4,15.0,2.75,82.0,-91.0,143.5,17.375,77.0,-2.375,1.0,1.0,39166,2026-07-09 03:00:45.244503,asset
26560.159826162693,0.0141473031032099,54.48378954475584,0.0,2.005657333713888,0.6404030300545855,-0.700750216110464,-1.2897130645228572e-05,4.0,2.9450386975402454,2.2810361125534238,0.5789473684210527,0.7842909569529404,0.5,0.2842909569529404,0.0,0.9496397751141805,0.0,0.0,3.266998202640101e-05,0.34701744958616343,0.642883081079259,0.7958670617039489,0.0,111.0,113.4,15.0,2.75,82.0,-91.0,143.5,17.375,77.0,-2.375,1.0,1.0,39166,2026-07-09 21:00:45.244503,asset
26559.395404938175,0.014123090607872,54.48289492227877,0.0,2.0057439233016767,-0.371731372186332,-1.9777021912814234,-0.00027532905180294165,4.0,2.689525383210069,2.1971597234241496,0.631578947368421,0.8073555050340357,0.5,0.30735550503403575,0.0,0.8079166989401506,0.0,0.0,4.231776033629575e-05,0.3470309475414144,0.6377010256220152,0.8601673250332671,0.0,113.0,110.7,12.0,2.583375,81.0,-66.0,132.375,18.5,77.0,-6.5,1.0,1.0,39166,2026-07-10 09:00:45.244503,asset
26560.374656434276,0.014138899743556976,54.485801696777344,267.99798583984375,2.005633,0.214830271583196,-1.2553014374097984,0.0021905908417210185,5.0,2.6292492238560343,2.1971597234241496,0.631578947368421,0.7455513842610905,0.5,0.24555138426109047,0.0,0.0010994739874191559,0.0,0.0,4.206443534605073e-05,0.34702659695737537,0.6504598551601855,0.7794798237183878,0.0,111.0,115.3,6.0,1.749875,76.0,-52.0,123.875,18.25,77.0,-12.25,1.0,1.0,39166,2026-07-11 02:45:34.430112,asset
26561.08947346755,0.0141373901468033,54.483439445646,0.0,2.005552036586213,1.694068529373908,0.7186133273644373,-0.004361152498532306,6.0,2.6292492238560348,1.8910611120726528,0.5789473684210527,0.6448134613838952,0.5,0.14481346138389517,0.0,0.08572374590981191,0.0,0.0,2.336300441501552e-05,0.3470472219672842,0.6245233332080575,0.8035939969137451,0.0,111.0,115.3,6.0,1.749875,76.0,-52.0,123.875,18.25,77.0,-12.25,1.0,1.0,39166,2026-07-11 09:00:45.244503,asset
26559.582388033105,0.0141476234529725,54.48277403857534,0.0,2.00572274227137,-0.7922684011718957,-0.7890901083483186,-0.004626016356297669,4.0,2.6292492238560348,2.2810361125534238,0.5789473684210527,0.6856447650666152,0.5,0.1856447650666152,0.0,4.5129442653206645e-12,0.0,0.0,2.3224733164822036e-05,0.3470479256391975,0.6448996610363142,0.7984269693554842,0.0,107.0,110.8,16.0,3.083125,69.0,-31.0,116.875,10.625,16.0,5.375,0.0,1.0,39166,2026-07-12 03:00:45.244503,asset
26559.733892150063,0.014122280793475,54.48308156714887,0.0,2.005705580494402,-1.3555813174862124,-0.6389985658606747,-0.004120123524955943,4.0,2.6100635408770727,2.5032583347756456,0.5789473684210527,0.6597504744621124,0.5,0.15975047446211244,0.0,0.9710416489189765,0.0,0.0,3.0516825132350342e-05,0.3470214491675533,0.642888261774927,0.7798197528000719,0.0,107.0,110.8,16.0,3.083125,69.0,-31.0,116.875,10.625,16.0,5.375,0.0,1.0,39166,2026-07-12 15:00:45.244503,asset
26560.601127267386,0.0141423211592874,54.48331419919038,0.0,2.005607348298481,1.0187392342813837,0.7073171250194719,-0.00014369988392815003,4.0,2.8000446184790104,2.7254805569978684,0.5263157894736842,0.7195082105161001,0.5,0.21950821051610014,0.0,0.9861576038865937,0.0,0.0,2.7354457377888882e-05,0.34703128966325136,0.5381522626102688,0.8950471565592905,0.0,100.0,106.4,7.0,1.70825,44.0,-28.0,112.125,9.5,16.0,-2.5,0.0,1.0,39166,2026-07-13 03:00:45.244503,asset
26560.581086823793,0.0141426940320163,54.48306955313879,0.0,2.005609618199978,0.8471946737299731,0.11395056538822246,0.0004526754617586448,5.0,3.1158340921632206,2.7254805569978675,0.42105263157894735,0.5912669142261303,0.5,0.09126691422613031,0.0,0.008271401718239793,0.0,0.0,3.229094208448909e-05,0.3470290661973371,0.5077806579460642,0.8899255042443412,0.0,100.0,106.4,7.0,1.70825,44.0,-28.0,112.125,9.5,16.0,-2.5,0.0,1.0,39166,2026-07-13 21:00:45.244503,asset
26560.17136330703,0.0141581446410731,54.48317118879047,0.0,2.005656026895006,-0.4297639603573771,-0.3117171993035299,0.00032961757868577024,5.0,3.1158340921632206,2.7254805569978675,0.3157894736842105,0.700748839010846,0.5,0.20074883901084595,0.0,0.0,0.0,0.0,3.2591082247928215e-05,0.34705756551049993,0.6505951835772487,0.6870418025426437,0.0,100.0,103.1,7.0,1.7915,39.0,-13.0,108.625,9.625,16.0,-2.625,0.0,1.0,39166,2026-07-14 09:00:45.244503,asset
26560.51687619156,0.0141357899414518,54.48312905287262,0.0,2.00561689111225,-0.06421063223388046,1.1222718461212935,-9.693108570729692e-05,6.0,3.141635407724961,2.7254805569978684,0.3684210526315789,0.6728431656979815,0.5,0.17284316569798153,0.0,0.00010356313908174551,0.0,0.0,4.473641857317354e-05,0.3470524523405272,0.5727716857774309,0.8924242231536423,0.0,100.0,103.1,7.0,1.7915,39.0,-13.0,108.625,9.625,16.0,-2.625,0.0,1.0,39166,2026-07-14 21:00:45.244503,asset
26560.37227271457,0.01413859985768795,54.4817008972168,267.7742004394531,2.00563327,0.20090940754016628,-0.10899391120256041,-0.0022869381935421984,7.0,2.7205827761460135,2.1971597234241496,0.3157894736842105,0.763887899971485,0.5,0.263887899971485,0.0,0.0020572763575548614,0.0,0.0,3.255693713231056e-05,0.3470563735962221,0.651960579406161,0.8187082598083202,0.0,101.0,104.6,7.0,1.708375,52.0,-10.0,106.25,10.125,16.0,-3.125,0.0,1.0,39166,2026-07-16 14:23:04.672032,asset
26560.36980070952,0.01413859985768795,54.48059844970703,267.7131042480469,2.00563355,-0.14707548204023624,-0.00547372624714626,-0.004100799560546875,5.0,2.680851854979515,1.6577427265048887,0.3684210526315789,0.7031975418874988,0.5,0.20319754188749883,0.0,0.05378876663575889,0.0,0.0,2.627427327997635e-05,0.3470346451197571,0.5066202340000068,0.8285920877583147,0.0,110.0,114.0,3.0,0.791625,29.0,-1.0,105.125,7.625,16.0,-4.625,0.0,1.0,39166,2026-07-18 02:16:55.693920,asset
26560.361766697064,0.014140400104224682,54.47779846191406,267.5502014160156,2.00563446,-0.010506017504667398,-0.01350773870217381,-0.006603240966796875,4.0,2.285600538962308,0.5032583347756457,0.3684210526315789,0.7392301018911424,0.5,0.23923010189114235,0.0,0.008858321324978567,0.0,0.0,2.627427328011912e-05,0.34703508541466555,0.5978477914818979,0.8193598518017287,0.0,149.0,155.0,10.0,2.333375,88.0,42.0,123.375,6.75,14.0,3.25,0.0,1.0,39166,2026-07-22 02:00:32.597568,asset
26560.358764979683,0.01414082,54.4757,267.4281,2.0056348,-0.011035729836294195,-0.7767940531230124,-0.008329511424527425,1.0,1.7732143550933819,1.7527152789797047,0.47368421052631576,0.7997644206139205,0.5,0.2997644206139205,0.0,7.468265106116506e-07,0.0,0.0,1.815066366650923e-05,0.34703352609679594,0.6421386262308499,0.8087665671865969,0.0,144.0,149.2,6.0,1.3751250000000002,103.0,34.0,139.875,8.625,24.0,-2.625,0.0,1.0,39166,2026-07-25 01:48:16.960320,asset
7197.06752401863,0.00024839999969117343,98.71019744873047,266.29901123046875,14.21901119,-0.09294562298964593,183.0041562554752,1.0233993530273438,0.0,0.2974722489192897,0.9864267287308426,0.5789473684210527,0.8461556422922938,0.5,0.3461556422922938,0.0,2.9129430981745347e-07,0.2,0.0,0.012968096866077843,0.34705019434378837,0.3307565427846162,0.8918877049418872,0.0,74.3,72.4,6.0,1.291625,15.0,-1.7999999999999972,73.9375,9.5,27.0,-3.5,0.0,1.0,43013,2017-11-25 21:48:58.506336,baseline
7204.995464296883,0.0001387999946018681,98.72010040283203,32.922698974609375,14.19554904,-0.0005312390003382461,-0.002172328251617728,0.00060272216796875,0.0,2.80004461847901,2.5032583347756456,0.05263157894736842,0.8561671276806677,0.5,0.3561671276806677,0.0,0.9811355601472891,0.2,0.0,1.5075150104762423e-07,0.3470348596642052,0.3290506008984449,0.8869222284258861,0.0,67.8,67.8,2.0,0.58325,0.0,-0.5,68.6125,4.125,8.0,-2.125,0.0,1.0,43013,2018-04-03 12:07:05.386080,baseline
7205.033145288197,0.00015419999544974416,98.72660064697266,153.1260986328125,14.19543768,-0.0006632115146203432,-0.0018881229789258214,0.00029754638671875,0.0,2.9450386975402454,2.5032583347756456,0.05263157894736842,0.8772181169679059,0.5,0.37721811696790586,0.0,0.13832427114531165,0.2,0.0,1.3102803071758834e-07,0.3470348627468133,0.329008395712658,0.8880206280635817,0.0,70.2,72.3,5.0,1.291625,0.0,3.6000000000000085,68.75,4.25,5.0,0.75,0.0,1.0,43013,2018-08-03 12:19:31.543392,baseline
7205.064874716217,0.000145800004247576,98.74369812011719,283.6083984375,14.19534391,0.06676775811502011,0.06496763410541462,0.001495361328125,0.0,0.2974722489192897,0.5032583347756457,0.15789473684210525,0.8512953982389155,0.5,0.35129539823891553,0.0,0.6082392902872731,0.2,0.0,4.699174023559281e-06,0.34703484203274915,0.3290234468390445,0.8881805924785839,0.0,70.2,68.0,1.0,0.291625,0.0,0.5,70.6125,7.0,10.0,-6.0,0.0,1.0,43013,2018-12-13 19:30:56.848608,baseline
7205.000343578517,0.00015469999925699085,98.71710205078125,55.706199645996094,14.19553462,-0.0009372832000735798,-0.002639281996380305,0.0009002685546875,0.0,2.9655839357277816,2.5032583347756456,0.05263157894736842,0.8445130728042094,0.5,0.3445130728042094,0.0,0.6060430782511993,0.2,0.0,1.8315622113133967e-07,0.34703484970290777,0.3290366992157667,0.8884426943245175,0.0,67.2,68.0,3.0,0.833375,0.0,-5.5,69.26249999999999,4.25,7.0,-1.25,0.0,1.0,43013,2019-04-26 17:37:35.096736,baseline
7205.035831972521,0.0001429999974789098,98.7240982055664,194.33059692382812,14.19542974,-0.0003891295500579872,-0.0018069150473820628,0.00080108642578125,0.0,2.7153266987718094,2.197159723424149,0.05263157894736842,0.8143118224723347,0.5,0.3143118224723347,0.0,0.1543695577276894,0.2,0.0,1.2539248598254872e-07,0.3470348564931003,0.32902978807256644,0.8875135330394722,0.0,68.6,69.4,5.0,1.3335,0.0,-5.300000000000011,69.325,6.5,13.0,-1.5,0.0,1.0,43013,2019-09-14 11:47:45.646656,baseline
7205.051299066634,0.00013190000026952475,98.74459838867188,329.410888671875,14.19538403,-0.0004635742179743829,-0.0018644485844561132,0.00119781494140625,0.0,3.0900327766014803,2.725480556997868,0.05263157894736842,0.8084806199591541,0.5,0.3084806199591541,0.0,0.45935962363385163,0.2,0.0,1.2938479857158432e-07,0.347034847990793,0.32899292351592957,0.8879638162442614,0.0,74.3,72.0,8.0,1.875,12.0,2.3999999999999915,72.8125,3.875,8.0,4.125,0.0,1.0,43013,2020-01-29 10:38:40.446816,baseline
7204.996002303261,0.00014629999350290745,98.71720123291016,89.53980255126953,14.19554745,-0.0007985505308170104,-0.002500546678675164,0.0005035400390625,0.0,2.3576039891860257,2.113283334294875,0.05263157894736842,0.8095780140124089,0.5,0.3095780140124089,0.0,0.27483050089165806,0.2,0.0,1.735286199008109e-07,0.34703481998777386,0.3290251461061101,0.8888610698783118,0.0,70.0,71.9,15.0,2.95825,0.0,0.9000000000000057,69.1125,4.75,15.0,10.25,0.0,1.0,43013,2020-05-30 07:28:38.622432,baseline
7204.973859532613,0.00015350000467151403,98.72129821777344,194.47569274902344,14.19561289,-0.0005041657150286483,-0.0018474801645425032,0.00080108642578125,0.0,2.655050539417775,2.5032583347756456,0.05263157894736842,0.7978807168195798,0.5,0.29788071681957984,0.0,0.7538765506244097,0.2,0.0,1.2820864057643967e-07,0.34703486249829085,0.3290047201287681,0.885920301764584,0.0,69.8,70.6,6.0,1.4165,0.0,0.29999999999999716,69.55000000000001,3.125,6.0,2.875,0.0,1.0,43013,2020-09-13 21:12:22.757472,baseline
7205.032353495058,8.86999987415038e-05,98.73500061035156,276.3111877441406,14.19544002,-0.000632757748462609,-0.00193211099212931,0.00080108642578125,0.0,2.80004461847901,2.1971597234241496,0.05263157894736842,0.8624639871491405,0.5,0.3624639871491405,0.0,0.002553173376719658,0.2,0.0,1.3408063351351946e-07,0.34703486087015367,0.3290368063385328,0.8844487803495109,0.0,99.9,97.0,4.0,0.91675,37.0,-9.699999999999989,105.3625,3.625,9.0,0.375,0.0,1.0,43013,2020-12-05 21:57:10.214784,baseline
7205.012166227215,0.0001272999943466857,98.74299621582031,342.3174133300781,14.19549968,-0.00030791737208346603,-0.0010218797551715397,0.00049591064453125,0.0,2.879506460812007,2.2810361125534233,0.05263157894736842,0.8157459444542007,0.5,0.3157459444542007,0.0,3.639951368346899e-05,0.2,0.0,7.091449833410998e-08,0.34703487422342205,0.3290505015350991,0.8839804730177468,0.0,72.9,71.0,2.0,0.458375,0.0,-0.3999999999999915,73.07499999999999,7.5,18.0,-5.5,0.0,1.0,43013,2021-02-10 19:18:41.651136,baseline
7205.039571002104,0.00011490000179037452,98.71649932861328,48.95199966430664,14.19541869,-0.00047033981081767706,-0.0012147626912337728,0.0001983642578125,0.0,2.80004461847901,2.7254805569978684,0.05263157894736842,0.8686232606197591,0.5,0.36862326061975914,0.0,0.4019641502662039,0.2,0.0,8.429950505402576e-08,0.34703487457184345,0.3290280684031758,0.8832908798247479,0.0,80.4,81.1,17.0,3.20825,36.0,6.200000000000003,75.3625,13.5,28.0,3.5,0.0,1.0,43013,2021-04-19 09:35:16.014624,baseline
7205.019989368875,0.00011280000035185367,98.7208023071289,117.03340148925781,14.19547656,-0.00028084847235732013,-0.0008391617848246824,-9.918212890625e-05,0.0,2.8655768552072485,2.4193819456463714,0.05263157894736842,0.8538911582645031,0.5,0.3538911582645031,0.0,0.12437867537932673,0.2,0.0,5.823451647995313e-08,0.3470348750329949,0.329046651588769,0.883482323857408,0.0,87.0,89.9,3.0,0.666625,33.0,10.599999999999994,81.175,3.875,6.0,-0.875,0.0,1.0,43013,2021-06-27 13:04:54.671808,baseline
7205.003686669453,0.00012929999502375722,98.72250366210938,181.94439697265625,14.19552474,-0.0004974035373379593,-0.0012655030459427508,0.00030517578125,0.0,2.8603207778330444,2.4193819456463714,0.05263157894736842,0.703076549763915,0.5,0.20307654976391498,0.0,0.9609865219523236,0.2,0.0,8.782111251725241e-08,0.34703487868827476,0.32903313593864497,0.8835430536986923,0.0,84.2,85.7,4.0,1.125,38.0,0.6000000000000085,87.4375,9.125,21.0,-5.125,0.0,1.0,43013,2021-09-01 10:45:18.163296,baseline
7204.979297082934,9.709999721962959e-05,98.73210144042969,245.43580627441406,14.19559682,-0.0009914150723489001,-0.002317813928129908,0.0009002685546875,0.0,0.8795064608120067,1.4466166676282084,0.05263157894736842,0.8633652925476845,0.5,0.36336529254768446,0.0,1.0,0.2,0.0,3.134774407884274e-07,0.34703485736528994,0.3290411474918899,0.8838369996114025,0.0,92.4,90.8,72.0,4.9585,28.0,-20.299999999999997,101.4,17.5,72.0,54.5,1.0,1.0,43013,2021-11-04 20:53:51.651744,baseline
7204.954312182243,0.00012070000229869038,98.7416000366211,303.50299072265625,14.19567066,-0.00036881670530419797,-0.001471883459998935,0.0005035400390625,0.0,2.8258459340407502,1.879964948727111,0.05263157894736842,0.8545435366349036,0.5,0.35454353663490357,0.0,0.8975360732588515,0.2,0.0,1.0214382860044782e-07,0.347034860550234,0.3290484202557316,0.8834514667202003,0.0,89.0,86.0,9.0,2.0415,27.0,-36.400000000000006,108.5,7.25,12.0,1.75,0.0,1.0,43013,2022-01-02 17:23:39.873120,baseline
7205.075580981478,0.0001221999991685152,98.74800109863281,4.536399841308594,14.19531227,-0.0007478158422600245,-0.001735880510750576,0.0005035400390625,0.0,2.8861220933947846,2.7254805569978684,0.05263157894736842,0.8424142629012014,0.5,0.34241426290120136,0.0,0.5585988946453809,0.2,0.0,1.2046231705502971e-07,0.3470348721110632,0.32904042917692444,0.8836028155872305,0.0,120.1,118.2,27.0,3.625125,85.0,23.599999999999994,105.66250000000001,8.75,27.0,18.25,0.0,1.0,43013,2022-03-05 12:58:06.555360,baseline
7205.012971549641,0.0001199000034830533,98.71440124511719,68.0707015991211,14.1954973,-0.000940671015996486,-0.0031163968833425315,0.0001983642578125,0.0,2.24586961779581,2.4193819456463714,0.05263157894736842,0.8410854543944921,0.5,0.3410854543944921,0.0,0.08375974969410072,0.2,0.0,2.1626580584409194e-07,0.3470348642307106,0.3290472819069687,0.8840087216551438,0.0,119.2,121.4,5.0,1.41675,80.0,10.200000000000003,117.65,4.375,8.0,0.625,0.0,1.0,43013,2022-05-08 21:26:15.829728,baseline
7204.973182800247,0.00011639999866019934,98.71690368652344,134.951904296875,14.19561489,-0.000619210109107371,-0.0023550293162770686,-9.918212890625e-05,0.0,2.4370658315190226,1.3516441151533922,0.05263157894736842,0.8190032479497014,0.5,0.31900324794970136,0.0,0.1727601832238987,0.2,0.0,1.6343077743134077e-07,0.3470348594908359,0.3290429001195147,0.8840250774478702,0.0,171.4,177.0,7.0,1.75,135.0,41.80000000000001,156.325,8.75,19.0,-1.75,0.0,1.0,43013,2022-07-15 20:09:39.799872,baseline
7205.033256951349,0.00014200000441633165,98.72019958496094,199.21319580078125,14.19543735,-0.0010218872339464724,-0.0030758139937461237,0.00049591064453125,0.0,2.655050539417775,2.2810361125534238,0.05263157894736842,0.8664035433201468,0.5,0.3664035433201468,0.0,0.2552955780077828,0.2,0.0,2.1344891133026925e-07,0.3470348567595438,0.32902981465883535,0.8840497168750879,0.0,127.9,129.1,11.0,2.29175,70.0,-22.5,139.3875,6.5,11.0,4.5,0.0,1.0,43013,2022-09-19 02:36:24.995232,baseline
7204.975727314764,9.760000102687627e-05,98.7313003540039,261.58270263671875,14.19560737,-0.0012045847834087908,-0.0027170838075107895,0.000701904296875,0.0,2.9258530145612833,2.725480556997868,0.05263157894736842,0.7875974651541876,0.5,0.2875974651541876,0.0,0.6146386406372467,0.2,0.0,1.8855601628984447e-07,0.34703484461923173,0.32903616700233207,0.8834993342302191,0.0,117.0,114.2,9.0,2.041625,77.0,-24.5,124.375,4.0,9.0,5.0,0.0,1.0,43013,2022-11-21 09:41:15.042048,baseline
7205.007956898535,0.00015690000145696104,98.74030303955078,329.5143127441406,14.19551212,-0.0018373509110460873,-0.006919679421116598,0.0005035400390625,0.0,2.6100635408770727,2.5032583347756456,0.05263157894736842,0.853046319624278,0.5,0.353046319624278,0.0,0.9077910649791077,0.2,0.0,4.801989448636693e-07,0.3470348018176347,0.32896719176098216,0.8849061721145652,0.0,137.0,132.9,4.0,1.083375,79.0,-61.599999999999994,163.72500000000002,7.0,10.0,-3.0,0.0,1.0,43013,2023-01-29 06:24:46.118880,baseline
7205.053177050239,7.03999976394698e-05,98.74839782714844,45.08729934692383,14.19537848,-0.002805134549817012,-0.008939895496041572,0.0005950927734375,0.0,2.6550505394177746,2.725480556997868,0.05263157894736842,0.8002221439369013,0.5,0.3002221439369013,0.0,0.43468513205517123,0.2,0.0,6.203900899226069e-07,0.3470346652373876,0.32901357444940466,0.885499325077413,0.0,175.8,176.9,7.0,1.83325,177.0,39.900000000000006,152.5,5.875,12.0,1.125,0.0,1.0,43013,2023-04-15 19:32:12.126336,baseline
7205.04220693628,0.0001635999942664057,98.7125015258789,116.73210144042969,14.1954109,-0.001783232832167414,-0.006266697864703019,9.918212890625e-05,0.0,2.8397755396455087,2.281036112553424,0.05263157894736842,0.8409059355780607,0.5,0.3409059355780607,0.0,0.7437973296107606,0.2,0.0,4.348825167239184e-07,0.347034769697658,0.32894134960881044,0.8852465614973677,0.0,151.2,156.2,7.0,2.0,156.0,-28.900000000000006,165.4875,10.0,16.0,-3.0,0.0,1.0,43013,2023-06-27 09:55:11.909856,baseline
7204.957621383351,0.0001055999964592047,98.7166976928711,202.67140197753906,14.19566088,-0.0018813062106346479,-0.006252979340388265,0.00069427490234375,0.0,2.8655768552072485,2.6416041678685938,0.05263157894736842,0.845637089372594,0.5,0.34563708937259396,0.0,0.36319633439445853,0.2,0.0,4.3393560379862397e-07,0.3470347861279074,0.3290384922736611,0.8837821110764856,0.0,175.7,177.0,8.0,2.04175,200.0,36.599999999999994,155.5,16.75,47.0,-8.75,1.0,1.0,43013,2023-09-22 17:50:40.457184,baseline
7205.037852063015,0.00014859999646432698,98.72830200195312,266.4757080078125,14.19542377,-0.00334651818684506,-0.008009317449250375,0.000701904296875,0.0,2.030087224632132,2.4193819456463714,0.05263157894736842,0.8275104998353815,0.5,0.3275104998353815,0.0,0.9945284122956789,0.2,0.0,6.635943637119586e-07,0.34703475771196535,0.3290492853634718,0.8838886174261423,0.0,180.2,175.5,9.0,1.833375,171.0,40.099999999999994,173.3,14.25,37.0,-5.25,1.0,1.0,43013,2023-11-26 12:26:45.256704,baseline
7205.051109576463,9.190000128000975e-05,98.73619842529297,327.56658935546875,14.19538459,-0.0019253560558354366,-0.005894503615309077,0.00049591064453125,0.0,2.549787381523038,2.5032583347756456,0.05263157894736842,0.8200970989062677,0.5,0.3200970989062677,0.0,1.0446087487002892e-05,0.2,0.0,4.0905330928830054e-07,0.34703478127201504,0.3290311524078337,0.8836589049871706,0.0,148.1,143.6,4.0,1.04175,64.0,-18.200000000000017,169.8125,5.625,8.0,-1.625,0.0,1.0,43013,2024-01-27 11:23:13.184160,baseline
7199.254305959066,0.0007730000070296228,98.70369720458984,29.166200637817383,14.21253312,-0.0026137613012906513,-0.006419591109988687,0.000396728515625,0.0,2.905307776373747,2.725480556997868,0.05263157894736842,0.7496659010806077,0.5,0.2496659010806077,0.0,0.7571146857173882,0.2,0.0,4.458508160433078e-07,0.34703474625813835,0.3292601659462143,0.8833036467726698,0.0,167.3,166.8,4.0,1.125,79.0,-30.299999999999983,185.7875,20.125,68.0,-16.125,1.0,1.0,43013,2024-03-29 21:54:23.739264,baseline
7204.86940438911,3.0899998819222674e-05,98.706298828125,94.30139923095703,14.1959216,-0.0020808775961995707,-0.005180203761483426,0.000396728515625,0.0,2.794788541104806,2.725480556997868,0.05263157894736842,0.7950280714863883,0.5,0.2950280714863883,0.0,0.6396187969183428,0.2,0.0,3.594930509254696e-07,0.3470347672050116,0.3290137984343136,0.8844612066116804,0.0,192.3,198.0,6.0,1.416625,213.0,25.900000000000006,184.275,6.125,10.0,-0.125,0.0,1.0,43013,2024-06-04 03:52:58.333728,baseline
7204.980768979154,0.00023540000256616622,98.70680236816406,162.56719970703125,14.19559247,-0.008114052884593548,-0.015047221259919752,0.00020599365234375,0.0,1.9732285161344476,2.4193819456463714,0.05263157894736842,0.7897204930646838,0.5,0.28972049306468384,0.0,1.0,0.2,0.0,1.0442219190122397e-06,0.3470347134377818,0.32908924294863795,0.8836177608335705,0.0,272.4,279.6,127.0,6.8335,230.0,25.099999999999966,288.375,23.875,127.0,103.125,1.0,1.0,43013,2024-08-12 14:07:24.979584,baseline
7205.037611817673,0.0001145999995060265,98.7157974243164,231.00259399414062,14.19542448,0.0,-0.011782196571402892,0.00099945068359375,3.0,3.010570934268484,2.7254805569978684,0.05263157894736842,0.8274328258352803,0.5,0.32743282583528033,0.0,0.9947440021958875,0.2,0.0,1.028500824375487e-06,0.3470346501805863,0.3290355738470321,0.8849290412825865,0.0,163.9,162.4,5.0,1.20825,162.0,-18.0,168.52499999999998,10.625,25.0,-5.625,0.0,1.0,43013,2024-10-21 03:44:59.418528,baseline
7205.098712605682,0.0002001999964704737,98.72630310058594,294.935791015625,14.19524391,-0.0028322493672021665,-0.008621957747891429,0.00030517578125,0.0,2.8000446184790104,2.4193819456463714,0.05263157894736842,0.8446806672634095,0.5,0.3446806672634095,0.0,0.11740533077066356,0.2,0.0,5.983228235329626e-07,0.3470347324954671,0.32905888088356916,0.8838067000122007,0.0,252.7,244.5,5.0,1.29175,241.0,79.19999999999999,213.3125,11.125,14.0,-6.125,0.0,1.0,43013,2024-12-25 01:43:58.057536,baseline
7204.9696536435395,0.00011190000077476725,98.73290252685547,359.476806640625,14.19562532,-0.0033836592701845802,-0.009558847680636973,0.00060272216796875,0.0,2.9655839357277816,2.725480556997868,0.05263157894736842,0.8541491735882443,0.5,0.35414917358824427,0.0,0.9845701530533831,0.2,0.0,6.856576680592651e-07,0.3470347492100586,0.32903485387085313,0.8836414948174988,0.0,157.2,154.4,31.0,4.16675,119.0,-39.900000000000006,191.28750000000002,13.875,31.0,17.125,1.0,1.0,43013,2025-02-28 13:15:42.937920,baseline
7205.0609596980485,0.0001875000016298145,98.74040222167969,68.79989624023438,14.19535548,-0.0011538639209902612,-0.004882776289377944,0.00060272216796875,0.0,2.905307776373747,2.4193819456463714,0.05263157894736842,0.81073459323415,0.5,0.31073459323415,0.0,1.0,0.2,0.0,3.388433377021811e-07,0.34703481033467076,0.32906501459848725,0.8845169747092281,0.0,136.2,138.9,16.0,2.833375,72.0,-16.100000000000023,152.1125,21.0,38.0,-5.0,1.0,1.0,43013,2025-05-09 19:49:01.573824,baseline
7205.026445506964,0.00015019999409560114,98.74099731445312,135.9420928955078,14.19545748,-0.0007545705420852755,-0.002250177312816959,-9.918212890625e-05,0.0,2.9311090919354874,2.4193819456463714,0.05263157894736842,0.7870782466858777,0.5,0.28707824668587767,0.0,0.0015684480542020954,0.2,0.0,1.5615326369451348e-07,0.34703484769827564,0.32923265534390217,0.8835384263076611,0.0,152.1,157.1,16.0,2.91675,191.0,31.89999999999999,133.61249999999998,13.75,21.0,2.25,0.0,1.0,43013,2025-07-16 20:15:34.413984,baseline
7204.936375566274,3.060000017285347e-05,98.74960327148438,224.2655029296875,14.19572367,-0.0026324561731598806,-0.006540541429785662,0.00110626220703125,0.0,3.050301855434982,2.9477027792200907,0.05263157894736842,0.868436308678643,0.5,0.36843630867864297,0.0,0.9108346697111176,0.2,0.0,4.538927642658115e-07,0.34703475135605366,0.32902060868170685,0.8847604557147488,0.0,154.4,153.6,7.0,1.874875,125.0,23.900000000000006,132.7375,13.75,32.0,-6.75,1.0,1.0,43013,2025-10-14 06:55:32.374560,baseline
7205.074389890583,0.00019550000433810055,98.76200103759766,301.3424987792969,14.19531579,-0.0020776418241439387,-0.006209243454577518,0.00029754638671875,0.0,2.905307776373747,2.4193819456463714,0.05263157894736842,0.8574940399151051,0.5,0.3574940399151051,0.0,0.43876485466729326,0.2,0.0,4.30893499819508e-07,0.34703474479782903,0.3289601011105219,0.8837210710379434,0.0,170.5,164.8,7.0,1.70825,145.0,36.30000000000001,172.1125,9.25,20.0,-2.25,0.0,1.0,43013,2025-12-31 05:54:28.394208,baseline
7205.061139037572,0.00011300000187475234,98.76899719238281,6.981100082397461,14.19535495,-0.002064097203401616,-0.0051264080739201745,0.00049591064453125,0.0,3.0105709342684834,2.725480556997868,0.05263157894736842,0.8022276558414907,0.5,0.3022276558414907,0.0,0.9902305567677616,0.2,0.0,3.557503009332707e-07,0.3470347797113824,0.32902368848152364,0.8840360349593078,0.0,135.4,133.3,17.0,3.083375,81.0,-5.299999999999983,143.05,8.25,17.0,8.75,0.0,1.0,43013,2026-03-07 13:44:55.870368,baseline
7205.009290077533,0.00017590000061318278,98.77580261230469,71.70040130615234,14.19550818,-0.0006530549117087503,-0.0021418853148134076,0.00030517578125,0.0,2.4650694618158377,2.5032583347756456,0.05263157894736842,0.8843316950114944,0.5,0.38433169501149445,0.0,0.7465862769833684,0.2,0.0,1.505171176383169e-07,0.3470348518621631,0.3290196877628995,0.8833950664985089,0.0,116.0,118.3,4.0,1.166625,79.0,-22.0,122.8375,8.375,23.0,-4.375,0.0,1.0,43013,2026-05-11 21:53:40.740576,baseline
7205.997457005986,0.0001730597565568,98.77694953286375,0.0,14.192588309943334,-0.1618755712906932,-0.3157996625532178,4.401437635692673e-05,6.0,2.294274067192862,1.8910611120726528,0.5263157894736842,0.6200754348438741,0.5,0.12007543484387406,0.0,0.1822057182595448,0.2,0.0,8.210178675255618e-05,0.3469867444116952,0.6494172447880204,0.8749351109650371,0.0,163.0,166.0,77.0,5.70825,99.0,-24.0,192.5,16.375,77.0,60.625,1.0,1.0,43013,2026-07-04 15:00:45.244503,baseline
7205.129958865624,9.780000254977494e-05,98.7771987915039,125.34989929199219,14.19515157,-0.9143165368495829,-1.1410534254473532,-0.00038944104709059957,5.0,2.147077673396552,1.7527152789797051,0.5263157894736842,0.674001623050858,0.5,0.17400162305085798,0.0,0.38242599676061406,0.2,0.0,7.917564333663071e-05,0.3469750269914309,0.6494012039845992,0.8407656593173005,0.0,138.0,143.4,16.0,3.0835,101.0,-52.0,186.375,17.625,77.0,-1.625,1.0,1.0,43013,2026-07-05 01:05:59.542656,baseline
7205.960540252307,0.0001501752582509,98.77743107356724,0.0,14.192697374853177,-0.03691675367917924,0.8284529470793132,0.00013309993443044732,5.0,2.0890038287775923,1.584962500721156,0.631578947368421,0.6349408961193754,0.5,0.13494089611937543,0.0,0.8531707102513506,0.2,0.0,7.358539620194615e-05,0.34697858129423487,0.649363270115774,0.861963601659498,0.0,138.0,143.4,16.0,3.0835,101.0,-52.0,186.375,17.625,77.0,-1.625,1.0,1.0,43013,2026-07-05 09:00:45.244503,baseline
7205.943931767006,0.0001584761297598,98.77699978395604,0.0,14.192746442541692,0.8139729013819306,-0.21794505027810374,-0.000901123421954253,3.0,2.0042859090703917,1.584962500721156,0.5263157894736842,0.7263495116564863,0.5,0.2263495116564863,0.0,1.0944208162389e-06,0.2,0.0,7.161986651366519e-05,0.3470247348077885,0.6493901554305473,0.8624777893284804,0.0,138.0,143.4,16.0,3.0835,101.0,-52.0,186.375,17.625,77.0,-1.625,1.0,1.0,43013,2026-07-05 15:00:45.244503,baseline
7205.129640784165,0.00010299999848939478,98.7771987915039,126.39790344238281,14.19515251,-0.830899468141979,-0.0016140945763254422,0.0,1.0,2.294274067192862,1.584962500721156,0.5263157894736842,0.7020598008721799,0.5,0.2020598008721799,0.0,0.0082624276266756,0.2,0.0,7.134089522323691e-05,0.3470618028656294,0.6493045900142322,0.845547215800678,0.0,128.0,129.5,6.0,1.583375,72.0,-72.0,178.625,17.875,77.0,-11.875,1.0,1.0,43013,2026-07-06 02:28:29.683776,baseline
7205.86799970819,0.0001531218434,98.77648249600274,0.0,14.192970777895193,-0.07593205881585163,0.7369681633444998,-0.0007162955011636996,1.0,1.7474130395316416,1.3921472236645347,0.42105263157894735,0.5062933087932883,0.5,0.006293308793288266,0.0,0.03411211864420065,0.2,0.0,6.743723847168882e-05,0.3470151551831734,0.6493099704052744,0.849775899774633,0.0,128.0,129.5,6.0,1.583375,72.0,-72.0,178.625,17.875,77.0,-11.875,1.0,1.0,43013,2026-07-06 09:00:45.244503,baseline
7205.129261793535,0.00010630000178935006,98.7771987915039,127.09649658203125,14.19515363,-0.00037899062954238616,-0.000741062080123811,0.0,0.0,2.2750883842139,0.9910760598382222,0.42105263157894735,0.6067712162069215,0.5,0.10677121620692154,0.0,0.2877028536222084,0.2,0.0,6.425770124809795e-05,0.34703855201997225,0.6493584342795644,0.8366717885683415,0.0,128.0,129.5,6.0,1.583375,72.0,-72.0,178.625,17.875,77.0,-11.875,1.0,1.0,43013,2026-07-06 19:23:29.764896,baseline
7205.129143358973,0.00010830000246642157,98.77729797363281,127.44580078125,14.19515398,-0.7388563492168032,-0.9268594293544083,-0.0005950999964454695,1.0,2.1684656711105887,1.3921472236645347,0.42105263157894735,0.6458513308516525,0.5,0.14585133085165247,0.0,0.00019511782033216176,0.2,0.0,6.431321340052913e-05,0.34701665211984134,0.649073105740624,0.7615779428404206,0.0,113.0,114.1,3.0,0.7498750000000001,59.0,-90.0,167.75,17.875,77.0,-14.875,1.0,1.0,43013,2026-07-07 03:50:59.807616,baseline
7205.128964015219,0.00010969999857479706,98.77729797363281,127.79509735107422,14.19515451,-0.0002977783160531544,-0.8363334100631619,0.0012155367720509958,1.0,2.089003828777592,1.5304930567574826,0.3157894736842105,0.6317676611372326,0.5,0.1317676611372326,0.0,0.9738919661826676,0.2,0.0,5.8032313744683624e-05,0.3470470054102822,0.6493146168006892,0.8275065400036593,0.0,113.0,114.1,3.0,0.7498750000000001,59.0,-90.0,167.75,17.875,77.0,-14.875,1.0,1.0,43013,2026-07-07 12:18:29.844288,baseline
7205.128848964515,0.00011010000162059441,98.77729797363281,128.00469970703125,14.19515485,-0.00029439445825119037,-0.0008561127078792197,9.918212890625e-05,1.0,1.9290929654978,1.584962500721156,0.3684210526315789,0.5965551498648688,0.5,0.0965551498648688,0.0,0.0017834241598366242,0.2,0.0,5.6501667643482065e-05,0.34705426941680495,0.6490188986360338,0.84860534738477,0.0,113.0,114.1,3.0,0.7498750000000001,59.0,-90.0,167.75,17.875,77.0,-14.875,1.0,1.0,43013,2026-07-07 17:22:59.864736,baseline
7205.128615479274,0.00011200000153621659,98.77729797363281,128.4239044189453,14.19515554,-0.00034853594479500316,-0.7416690714035212,-0.0005836781482742026,0.0,2.2868156750835835,1.584962500721156,0.5263157894736842,0.568015924876001,0.5,0.06801592487600105,0.0,0.33148286996798515,0.2,0.0,5.1464162363117336e-05,0.3470536872175214,0.649354095002301,0.8140090482386446,0.0,114.0,119.8,11.0,2.4998750000000003,85.0,-102.0,156.625,17.0,77.0,-6.0,1.0,1.0,43013,2026-07-08 03:31:59.903904,baseline
7205.676921901785,0.000157133914713,98.7777158082926,0.0,14.19353532853991,0.5480729372702626,0.5474198552674352,0.0005170167886916488,0.0,2.081545436668314,1.5304930567574826,0.5789473684210527,0.6291205274496885,0.5,0.1291205274496885,0.0,0.313194056542871,0.2,0.0,5.1246736033643326e-05,0.3470726069843665,0.6493076631830403,0.8477888012132805,0.0,114.0,119.8,11.0,2.4998750000000003,85.0,-102.0,156.625,17.0,77.0,-6.0,1.0,1.0,43013,2026-07-08 15:00:45.244503,baseline
7205.634919236653,0.0001482864922985,98.77767941417352,0.0,14.19365943290828,0.5063037573791007,-0.1924278993446933,0.0010851295448048859,2.0,1.7863012011716395,1.5304930567574826,0.42105263157894735,0.5289719045025412,0.5,0.028971904502541168,0.0,0.23534078890485444,0.2,0.0,4.8511734970550386e-05,0.34707968531153444,0.6493108691842715,0.8568738578018283,0.0,111.0,113.4,15.0,2.75,82.0,-91.0,143.5,17.375,77.0,-2.375,1.0,1.0,43013,2026-07-09 03:00:45.244503,baseline
7205.600131921889,0.0001531521902018,98.77627616163277,0.0,14.19376221960583,-0.07678997989569325,-0.18202690076304862,-0.0005943570964319633,4.0,2.194266986672329,1.7527152789797047,0.3684210526315789,0.5828392611505737,0.5,0.08283926115057372,0.0,0.5756046891841763,0.2,0.0,4.5391360697333085e-05,0.3470270283007123,0.6493164243167621,0.8224733991793054,0.0,111.0,113.4,15.0,2.75,82.0,-91.0,143.5,17.375,77.0,-2.375,1.0,1.0,43013,2026-07-09 15:00:45.244503,baseline
7205.507127974585,0.0001525760065121,98.77741840078028,0.0,14.19403702611488,-0.12779126206805813,-0.2281594111909726,0.0008764534673844082,6.0,2.4598133844416337,2.5032583347756456,0.3684210526315789,0.6342966340278019,0.5,0.1342966340278019,0.0,0.006378425297988769,0.2,0.0,4.2152527736175024e-05,0.34702096094007595,0.6494246481482626,0.8548225254432474,0.0,113.0,110.7,12.0,2.583375,81.0,-66.0,132.375,18.5,77.0,-6.5,1.0,1.0,43013,2026-07-10 03:00:45.244503,baseline
7205.1275021948395,0.0001201999984914437,98.77739715576172,130.79930114746094,14.19515883,-0.47262972704993444,-0.6532905249623582,0.00046922609256228043,6.0,2.649794462043571,2.197159723424149,0.3157894736842105,0.453739796952262,0.5,-0.04626020304773798,0.0,0.04079330117890402,0.2,0.0,4.533202935146029e-05,0.3470333092265846,0.6493997254633412,0.8516818274326153,0.0,113.0,110.7,12.0,2.583375,81.0,-66.0,132.375,18.5,77.0,-6.5,1.0,1.0,43013,2026-07-10 13:03:00.097632,baseline
7205.487580371778,0.0001551420282296,98.77696281115132,0.0,14.194094786172707,-0.019547602807506337,-0.30374787220898725,-0.00027005357793541407,6.0,2.6947814605842737,1.836591668108979,0.3684210526315789,0.5240838491976115,0.5,0.02408384919761153,0.0,2.3374472162293042e-05,0.2,0.0,4.607032122698569e-05,0.3470340568505895,0.6493364528465195,0.8689195777961618,0.0,113.0,110.7,12.0,2.583375,81.0,-66.0,132.375,18.5,77.0,-6.5,1.0,1.0,43013,2026-07-10 21:00:45.244503,baseline
7205.469094357844,0.000143505966173,98.77811166896971,0.0,14.194149409764629,0.3415921630048615,0.34067852535463317,0.0008136953369017874,6.0,2.7153266987718094,1.3921472236645347,0.3684210526315789,0.6085178392261573,0.5,0.10851783922615732,0.0,2.9697346119572756e-07,0.2,0.0,4.141994771066652e-05,0.347033649450907,0.6494311806521265,0.8768585772160353,0.0,111.0,115.3,6.0,1.749875,76.0,-52.0,123.875,18.25,77.0,-12.25,1.0,1.0,43013,2026-07-11 09:00:45.244503,baseline
7205.126913406285,0.00012589999823831022,98.77739715576172,131.98699951171875,14.19516057,-0.36066696549278277,-0.001316314807809249,9.918212890625e-05,5.0,2.6100635408770727,2.113283334294875,0.3157894736842105,0.49349546629341834,0.5,-0.006504533706581661,0.0,0.5938387657413042,0.2,0.0,3.752438892139403e-05,0.347025535377794,0.6493543523227627,0.872804795124674,0.0,111.0,115.3,6.0,1.749875,76.0,-52.0,123.875,18.25,77.0,-12.25,1.0,1.0,43013,2026-07-11 17:48:30.190176,baseline
7205.126750981877,0.0001264000020455569,98.77739715576172,132.12669372558594,14.19516105,-0.34234337596717523,-0.5422249524526705,0.00036081416016031653,4.0,2.5048003829823355,2.4193819456463714,0.47368421052631576,0.5644240818653137,0.5,0.06442408186531368,0.0,0.1924234027446846,0.2,0.0,3.7625594183007965e-05,0.3470262926610127,0.648752169834141,0.8788366039435458,0.0,111.0,115.3,6.0,1.749875,76.0,-52.0,123.875,18.25,77.0,-12.25,1.0,1.0,43013,2026-07-11 21:11:30.199488,baseline
7205.126710375776,0.0001277999981539324,98.77739715576172,132.5458984375,14.19516117,-0.00020303050860093208,-0.42773384941847326,-0.00020856804884772373,3.0,2.5703326197105745,2.2810361125534238,0.3157894736842105,0.5022203085136586,0.5,0.00222030851365862,0.0,0.014600715216834892,0.2,0.0,2.968128272911412e-05,0.3470227349715703,0.6493945566126677,0.878616864964745,0.0,107.0,110.8,16.0,3.083125,69.0,-31.0,116.875,10.625,16.0,5.375,0.0,1.0,43013,2026-07-12 07:20:30.233472,baseline
7205.126656234311,0.0001289000065298751,98.77729797363281,132.82530212402344,14.19516133,-9.474756643612636e-05,-0.41811611131015525,7.311888303718206e-05,1.0,2.584262225315332,2.9477027792200907,0.47368421052631576,0.5522732297927255,0.5,0.05227322979272553,0.0,3.251787377000588e-09,0.2,0.0,2.9013918461481784e-05,0.34704446039178993,0.6492221454624236,0.8787169175031587,0.0,107.0,110.8,16.0,3.083125,69.0,-31.0,116.875,10.625,16.0,5.375,0.0,1.0,43013,2026-07-12 14:06:30.250368,baseline
7205.3129836829185,0.000139605591316,98.77782256894822,0.0,14.194610708999974,0.18627330714207346,0.18558638719787268,0.0004254131865053523,1.0,2.7603136973125117,2.1971597234241496,0.3157894736842105,0.5141031139807654,0.5,0.014103113980765358,0.0,0.17811261862701155,0.2,0.0,2.4994601409156127e-05,0.34703392757167517,0.6488047793684921,0.8779687627186595,0.0,107.0,110.8,16.0,3.083125,69.0,-31.0,116.875,10.625,16.0,5.375,0.0,1.0,43013,2026-07-12 21:00:45.244503,baseline
7205.126307698644,0.00013240000407677144,98.77729797363281,133.5240020751953,14.19516236,-0.0003485356664896244,-0.0009813141186896246,-9.918212890625e-05,0.0,3.0503018554349817,2.1971597234241496,0.42105263157894735,0.6710234502777935,0.5,0.17102345027779353,0.0,0.24431177411142235,0.2,0.0,2.4138977289368428e-05,0.3470309410778415,0.64893524896717,0.8677487642073195,0.0,100.0,106.4,7.0,1.70825,44.0,-28.0,112.125,9.5,16.0,-2.5,0.0,1.0,43013,2026-07-13 07:01:30.296064,baseline
7205.12629416328,0.00013270000636111945,98.77729797363281,133.80340576171875,14.1951624,-0.18668951963809377,-0.2370036125457773,0.0003990762178887053,1.0,3.155565013329719,2.5032583347756456,0.47368421052631576,0.641724015097992,0.5,0.14172401509799204,0.0,0.6579010976137191,0.2,0.0,1.6446468533235265e-05,0.347034584641035,0.6489434220422745,0.874556571934717,0.0,100.0,106.4,7.0,1.70825,44.0,-28.0,112.125,9.5,16.0,-2.5,0.0,1.0,43013,2026-07-13 13:47:30.312960,baseline
7205.220035136471,0.0001463591553703,98.77747430607882,0.0,14.194885379172716,0.09372743782660109,-0.25510688264148484,0.0009333508357372011,1.0,2.945038697540245,2.5032583347756456,0.3157894736842105,0.6169169401407102,0.5,0.11691694014071019,0.0,0.5022746537081229,0.2,0.0,2.4219171359932784e-05,0.3470283025673977,0.6490391728752013,0.8788511726114356,0.0,100.0,106.4,7.0,1.70825,44.0,-28.0,112.125,9.5,16.0,-2.5,0.0,1.0,43013,2026-07-13 21:00:45.244503,baseline
7205.178025155755,0.0001401138392622,98.77840086377012,0.0,14.195009524834669,0.05173099247440405,0.05124033546053397,0.0010037080083975525,1.0,2.80004461847901,2.7254805569978684,0.47368421052631576,0.6017175144188616,0.5,0.10171751441886157,0.0,0.046841737281653355,0.2,0.0,1.314830971361216e-05,0.34702662590808153,0.6493259799324653,0.8766196012811647,0.0,100.0,103.1,7.0,1.7915,39.0,-13.0,108.625,9.625,16.0,-2.625,0.0,1.0,43013,2026-07-14 09:00:45.244503,baseline
7205.125762900261,0.00013729999773204327,98.7771987915039,135.06100463867188,14.19516397,-0.09427223620969016,-0.0009339401494798949,-9.918212890625e-05,1.0,2.780858935500048,2.0588138903312014,0.47368421052631576,0.5989356188302983,0.5,0.09893561883029833,0.0,0.3442581099323253,0.2,0.0,1.2927297899172844e-05,0.34703549921030274,0.6488116662340041,0.869792774867261,0.0,100.0,103.1,7.0,1.7915,39.0,-13.0,108.625,9.625,16.0,-2.625,0.0,1.0,43013,2026-07-14 20:14:30.375168,baseline
7205.1256749204085,0.00013859999307896942,98.7771987915039,135.34039306640625,14.19516423,-0.05235023534623906,-0.0008290410332847387,-9.918212890625e-05,4.0,2.9655839357277816,2.5032583347756456,0.5263157894736842,0.7092389089908527,0.5,0.20923890899085273,0.0,0.00031795418308192246,0.2,0.0,1.2940682914662069e-05,0.3470301924775022,0.6490273797465109,0.8793539589692636,0.0,107.0,103.0,11.0,2.333375,29.0,-7.0,107.875,10.625,16.0,0.375,0.0,1.0,43013,2026-07-15 03:00:30.388608,baseline
7205.125444819265,0.0001407999952789396,98.7771987915039,135.9691925048828,14.19516491,-0.00031808099629415665,-0.0009237885215043207,-9.918212890625e-05,6.0,2.694781460584273,1.8799649487271113,0.47368421052631576,0.6915620516606024,0.5,0.19156205166060236,0.0,0.08605532311534636,0.2,0.0,1.0615449517852416e-05,0.3470270146581974,0.6435201142672694,0.8731077231830916,0.0,107.0,103.0,11.0,2.333375,29.0,-7.0,107.875,10.625,16.0,0.375,0.0,1.0,43013,2026-07-15 18:14:00.419712,baseline
7205.1252857787795,0.00014279999595601112,98.7771987915039,136.4582977294922,14.19516538,-0.00038914162905712146,-0.0010286875476595014,-9.918212890625e-05,8.0,2.437065831519023,1.6577427265048887,0.3157894736842105,0.680728635247366,0.5,0.18072863524736604,0.0,0.000491324610687895,0.2,0.0,1.061920670611844e-05,0.3470334892031913,0.6419742345533492,0.878384845884185,0.0,101.0,104.6,7.0,1.708375,52.0,-10.0,106.25,10.125,16.0,-3.125,0.0,1.0,43013,2026-07-16 06:04:30.444960,baseline
7205.124852647292,0.00014649999502580613,98.7771987915039,137.2967071533203,14.19516666,-0.0005921719730395125,-0.0012723239333354286,-9.918212890625e-05,5.0,2.0345723658114667,2.725480556997868,0.2631578947368421,0.7385654905928403,0.5,0.23856549059284027,0.0,0.0,0.2,0.0,6.516878234713598e-06,0.3470349823488569,0.6481136763853782,0.8799134803357544,0.0,105.0,108.2,4.0,0.875,36.0,-8.0,105.5,8.75,16.0,-4.75,0.0,1.0,43013,2026-07-17 02:22:30.479232,baseline
7205.124659768446,0.00014790000568609685,98.7771987915039,137.85560607910156,14.19516723,-0.0006260103336899192,-0.0013298491421664949,-9.918212890625e-05,3.0,1.950480963211837,2.5032583347756456,0.15789473684210525,0.768006275724536,0.5,0.26800627572453595,0.0,2.2978063909894523e-05,0.2,0.0,3.6110016875400353e-06,0.347034878616186,0.5675742625413314,0.8836223951351623,0.0,105.0,108.2,4.0,0.875,36.0,-8.0,105.5,8.75,16.0,-4.75,0.0,1.0,43013,2026-07-17 15:54:30.499200,baseline
7205.124314616861,0.0001512000017100945,98.7771987915039,138.7637939453125,14.19516825,-0.0005380304310165229,0.035654001580951444,-0.00029056271409899637,0.0,0.8795064608120063,2.5032583347756456,0.05263157894736842,0.7977773491382241,0.5,0.29777734913822407,0.0,0.0027107513173625143,0.2,0.0,2.574724542817142e-06,0.34703484855398625,0.5078354800523005,0.8800791971954244,0.0,110.0,114.0,3.0,0.791625,29.0,-1.0,105.125,7.625,16.0,-4.625,0.0,1.0,43013,2026-07-18 13:54:00.526464,baseline
7205.1239491622855,0.0001534000039100647,98.7771987915039,139.46240234375,14.19516933,-0.000710606160282623,-0.0017528288462926866,0.0,0.0,2.6100635408770727,2.9477027792200907,0.05263157894736842,0.8739022511141453,0.5,0.3739022511141453,0.0,0.9967495730250893,0.2,0.0,1.216376384277554e-07,0.34703485822659275,0.32902916931288584,0.8836980571886991,0.0,120.0,123.2,2.0,0.45825,46.0,13.0,106.25,7.125,16.0,-5.125,0.0,1.0,43013,2026-07-19 06:49:00.538464,baseline
7205.123360374457,0.00015659999917261302,98.7771987915039,140.4405059814453,14.19517107,-0.0009542424040773767,-0.00212166705114214,0.0,0.0,2.6100635408770727,2.113283334294875,0.05263157894736842,0.7763491464685645,0.5,0.27634914646856445,0.0,1.0,0.2,0.0,1.4723318912008648e-07,0.3470348616598311,0.3290343224980949,0.8843168331953362,0.0,141.0,141.3,3.0,0.66675,83.0,41.0,110.5,5.5,11.0,-2.5,0.0,1.0,43013,2026-07-20 06:30:00.546624,baseline
7205.12293739477,0.00015809999604243785,98.7771987915039,141.06930541992188,14.19517232,-0.0010117675155925099,-0.0024938891338024405,0.0,0.0,2.523986065961298,2.0588138903312014,0.05263157894736842,0.8798123351442867,0.5,0.3798123351442867,0.0,1.0,0.2,0.0,1.7588142104992775e-07,0.3470348472043213,0.32902734489501156,0.8844421418710384,0.0,141.0,141.3,3.0,0.66675,83.0,41.0,110.5,5.5,11.0,-2.5,0.0,1.0,43013,2026-07-20 21:43:30.545760,baseline
7205.122138809289,0.00016250000044237822,98.7771987915039,142.39669799804688,14.19517468,-0.0012215651677252026,-0.002774747114017373,0.0,0.0,2.563716987127796,2.4193819456463714,0.05263157894736842,0.8802805487800723,0.5,0.38028054878007234,0.0,1.0,0.2,0.0,1.9255373197775633e-07,0.3470348481896236,0.3289890336082592,0.8848106190566609,0.0,149.0,155.0,10.0,2.333375,88.0,42.0,123.375,6.75,14.0,3.25,0.0,1.0,43013,2026-07-22 05:52:00.540480,baseline
7205.121472193611,0.00016530000721104443,98.77729797363281,143.44459533691406,14.19517665,-0.0014652011586804292,-0.003218029388335708,9.918212890625e-05,0.0,2.7528553052032336,2.725480556997868,0.05263157894736842,0.8737741396983638,0.5,0.3737741396983638,0.0,0.9660077887313068,0.2,0.0,2.2331534061710485e-07,0.3470348188123006,0.3290294239722916,0.8851046138199952,0.0,148.0,152.3,24.0,3.2917499999999995,100.0,47.0,128.5,8.375,24.0,15.625,0.0,1.0,43013,2026-07-23 07:14:30.522624,baseline
7205.121397749232,0.00016619999951217324,98.7771987915039,143.93370056152344,14.19517687,-0.0007410600574075943,-0.003028534314580611,0.0,0.0,2.9655839357277816,2.7254805569978684,0.05263157894736842,0.827119587695425,0.5,0.32711958769542504,0.0,0.13097592386139795,0.2,0.0,2.1016532492271602e-07,0.3470348340590278,0.32905171393903576,0.885395051206927,0.0,148.0,152.3,24.0,3.2917499999999995,100.0,47.0,128.5,8.375,24.0,15.625,0.0,1.0,43013,2026-07-23 19:05:00.508128,baseline
7205.12079204275,0.00016830000095069408,98.7771987915039,144.7021942138672,14.19517866,-0.0006801508616263163,-0.0032214124676102074,0.0,0.0,3.181366328891459,2.9477027792200907,0.05263157894736842,0.8457552242032318,0.5,0.3457552242032318,0.0,0.5085961068623055,0.2,0.0,2.2355013062019682e-07,0.3470347984654386,0.3290334920106029,0.8852812189229782,0.0,153.0,154.9,7.0,1.41675,109.0,48.0,135.0,8.375,24.0,-1.375,0.0,1.0,43013,2026-07-24 13:41:30.477696,baseline
